photo_id,date,same_date_sequence,pose_bin,pitch,yaw,roll,source_filename,source_relative_path,date_provenance_status,exif_date,date_delta_days,source_claimed_date,source_claimed_delta_days,date_conflict_sources,source_provenance_status,source_url,archive_url,perceptual_dhash,near_duplicate_of,geometry_status,segmentation_status,uv_status,combined_visible_fraction,skin_mask_coverage,uv_observed_coverage,chronology_index_global,chronology_index_in_pose
1998_01_01__9714228198ba,1998-01-01,1,left_light,16.61952018737793,-13.421525001525879,-6.5660624504089355,1998_01_01.jpg,1998_01_01.jpg,filename_only,,,,,[],not_provided,,,9e98e9f8dcdcd8f0,,valid,valid,valid,0.619759724439217,0.2405381140756951,0.798035,1,1
1999_01_11__db32bc4a4ce9,1999-01-11,1,left_deep,16.87017059326172,-43.23759841918945,-2.330026388168335,1999_01_11.jpg,1999_01_11.jpg,filename_only,,,,,[],not_provided,,,2e260f8eaec6cccc,,valid,valid,valid,0.5498613794841637,0.2827647545970795,0.798035,2,1
1999_07_01__d6f93fc968d7,1999-07-01,1,left_light,17.456924438476562,-12.5489501953125,-11.436809539794922,1999_07_01.jpg,1999_07_01.jpg,filename_only,,,,,[],not_provided,,,938f0b1b060e0e16,,valid,valid,valid,0.6302892828138564,0.34747746887870795,0.798035,3,2
1999_08_12__d52d5e0d2e55,1999-08-12,1,left_light,17.877687454223633,-17.665781021118164,-18.77433967590332,1999_08_12.jpg,1999_08_12.jpg,filename_only,,,,,[],not_provided,,,878f4f1b070f0e0c,,valid,valid,valid,0.6317735024783668,0.3836315496098105,0.798035,4,3
1999_08_12_2__f8d0dfc4ed4d,1999-08-12,2,right_light,10.0009126663208,12.982659339904785,-5.030803680419922,1999_08_12 (2).jpg,1999_08_12 (2).jpg,filename_only,,,,,[],not_provided,,,4b4f07079f9f4f4f,,valid,valid,valid,0.6440113136744238,0.3419530178326475,0.796091,5,1
1999_08_16__953d7e4141bd,1999-08-16,1,right_deep,21.271160125732422,45.40009689331055,0.35547056794166565,1999_08_16.jpg,1999_08_16.jpg,filename_only,,,,,[],not_provided,,,63cb9d8f8b8fcbe4,,valid,valid,valid,0.5348231538267664,0.2041046875,0.798035,6,1
1999_08_16_2__b4b20d62330a,1999-08-16,2,right_mid,11.115812301635742,30.188932418823242,-8.74710464477539,1999_08_16(2).jpg,1999_08_16(2).jpg,filename_only,,,,,[],not_provided,,,069b8f0f2b3f1d9f,,valid,valid,valid,0.5912515052227729,0.32898652882205515,0.798035,7,1
1999_08_26__f9d78e1a9ad1,1999-08-26,1,left_mid,20.502531051635742,-38.45253372192383,-10.682414054870605,1999_08_26.jpg,1999_08_26.jpg,filename_only,,,,,[],not_provided,,,9f170c8cccc4c971,,valid,valid,valid,0.5773894536391386,0.239175,0.798035,8,1
1999_09_01__fdfba9d7bcd5,1999-09-01,1,frontal,9.278546333312988,2.8055081367492676,0.21392028033733368,1999_09_01.jpg,1999_09_01.jpg,filename_only,,,,,[],not_provided,,,868e97172b8f8ec6,,valid,valid,valid,0.6835531658685485,0.2945,0.798035,9,1
1999_09_01_2__96d7b6eca8fb,1999-09-01,2,right_light,13.436016082763672,21.761829376220703,-1.1650022268295288,1999_09_01(2).jpg,1999_09_01(2).jpg,filename_only,,,,,[],not_provided,,,8c961c0e2e1c1a1a,,valid,valid,valid,0.5920636254165617,0.240675,0.798035,10,2
1999_09_08__ea0de755c568,1999-09-08,1,left_light,17.361143112182617,-23.115442276000977,-4.944777488708496,1999_09_08.jpg,1999_09_08.jpg,filename_only,,,,,[],not_provided,,,8e9ccd54dccccc79,,valid,valid,valid,0.5833543364417934,0.2495263888888889,0.798035,11,4
1999_09_12__3f7aefaf645e,1999-09-12,1,left_light,16.48603630065918,-20.57501792907715,-1.7586619853973389,1999_09_12.jpg,1999_09_12.jpg,filename_only,,,,,[],not_provided,,,9686cfcf46466c71,,valid,valid,valid,0.618723571088521,0.22804890738813735,0.798035,12,5
1999_10_01__cb6d8a56080e,1999-10-01,1,frontal,20.30733299255371,-2.2607955932617188,0.022466517984867096,1999_10_01.jpg,1999_10_01.jpg,filename_only,,,,,[],not_provided,,,8c8e948ccccce871,,valid,valid,valid,0.62768489736481,0.2518734375,0.798035,13,2
1999_10_19__330e619ff8aa,1999-10-19,1,frontal,12.19260025024414,9.01961898803711,-8.948071479797363,1999_10_19.jpg,1999_10_19.jpg,filename_only,,,,,[],not_provided,,,33b1974b33362789,,valid,valid,valid,0.6556050295443726,0.3745548654244306,0.798035,14,3
1999_10_23__9487fe3a5a1d,1999-10-23,1,frontal,9.960546493530273,5.9465532302856445,0.022000785917043686,1999_10_23.jpg,1999_10_23.jpg,filename_only,,,,,[],not_provided,,,b627275f5b27271f,,valid,valid,valid,0.674339802290739,0.40534333005571943,0.798035,15,4
1999_11_01__e3be1a6bcba1,1999-11-01,1,left_light,8.11190414428711,-21.22322654724121,-1.0681118965148926,1999_11_01.jpg,1999_11_01.jpg,filename_only,,,,,[],not_provided,,,95c9cd8cc4444c61,,valid,valid,valid,0.6315214651768462,0.2496484375,0.798035,16,6
1999_11_01_2__d8afe6a451b2,1999-11-01,2,left_deep,16.959436416625977,-43.17881393432617,-1.3152852058410645,1999_11_01 (2).jpg,1999_11_01 (2).jpg,filename_only,,,,,[],not_provided,,,0d3e068e8ccecc49,,valid,valid,valid,0.5476490520597048,0.24468125,0.798035,17,2
1999_11_29__4da80c95706f,1999-11-29,1,frontal,17.174694061279297,5.998977184295654,-0.19014157354831696,1999_11_29.jpg,1999_11_29.jpg,filename_only,,,,,[],not_provided,,,898d8cccd9c94973,,valid,valid,valid,0.6387465344871041,0.1931751111111111,0.798035,18,5
1999_12_01_2__7f98d9e46027,1999-12-01,2,left_profile,13.689437866210938,-57.51734924316406,-1.0386837720870972,1999_12_01 (2).jpg,1999_12_01 (2).jpg,filename_only,,,,,[],not_provided,,,1d9dac8e8e86c560,,valid,valid,valid,0.5116077179422555,0.191040625,0.798035,19,1
1999_12_17__60c8628cc679,1999-12-17,1,frontal,17.7021541595459,-1.0795412063598633,-1.0188767910003662,1999_12_17.jpg,1999_12_17.jpg,filename_only,,,,,[],not_provided,,,96969e2b0f9e9c4e,,valid,valid,valid,0.6545408720490633,0.27498541666666665,0.798035,20,6
1999_12_19__268029ccb16b,1999-12-19,1,right_light,7.239596366882324,10.003426551818848,4.898089408874512,1999_12_19.jpg,1999_12_19.jpg,filename_only,,,,,[],not_provided,,,85968c978f8e8e60,,valid,valid,valid,0.6737237111092441,0.1923765625,0.798035,21,3
1999_12_31__278dab82b1d9,1999-12-31,1,left_light,17.034278869628906,-12.201756477355957,5.138566970825195,1999_12_31.jpg,1999_12_31.jpg,filename_only,,,,,[],not_provided,,,9633331175391d1d,,valid,valid,valid,0.6353860371334957,0.472240891959799,0.798035,22,7
2000_01_01__e9ea399f9c8e,2000-01-01,1,left_light,24.790794372558594,-11.832300186157227,-11.26677417755127,2000_01_01.jpg,2000_01_01.jpg,filename_only,,,,,[],not_provided,,,8c9e1e2e0e0e0e9e,,valid,valid,valid,0.5714245708364838,0.2907221177944862,0.798035,23,8
2000_01_14__71a2978f8963,2000-01-14,1,frontal,9.012850761413574,0.9403968453407288,-0.21538904309272766,2000_01_14.jpg,2000_01_14.jpg,filename_only,,,,,[],not_provided,,,96ccd6d7cece6e74,,valid,valid,valid,0.694362765689322,0.301784375,0.798035,24,7
2000_01_25__abb13fb9f924,2000-01-25,1,frontal,12.6244535446167,4.3881330490112305,-0.19968430697917938,2000_01_25.jpg,2000_01_25.jpg,filename_only,,,,,[],not_provided,,,9fcc46c68ece8db9,,valid,valid,valid,0.6507603125262539,0.1651015625,0.798035,25,8
2000_01_26__491e4b1a2e04,2000-01-26,1,frontal,14.63222599029541,3.475250244140625,0.24582542479038239,2000_01_26.jpg,2000_01_26.jpg,filename_only,,,,,[],not_provided,,,8d479e960d0c4d71,,valid,valid,valid,0.6543168388921561,0.23395625,0.798035,26,9
2000_02_11__258a42620821,2000-02-11,1,frontal,15.932470321655273,7.228304386138916,3.1372687816619873,2000_02_11.jpg,2000_02_11.jpg,filename_only,,,,,[],not_provided,,,8d8d87070f0f8ec5,,valid,valid,valid,0.6592735724887283,0.2416203125,0.798035,27,10
2000_02_23__782ff2f70a46,2000-02-23,1,right_profile,-4.555240154266357,72.75757598876953,-22.891408920288086,2000_02_23.jpg,2000_02_23.jpg,filename_only,,,,,[],not_provided,,,99cc6e3a2f3c3d1e,,valid,valid,valid,0.48245540339970316,0.3519298245614035,0.798035,28,1
2000_02_23_2__7ee185045337,2000-02-23,2,left_profile,20.488418579101562,-89.69003295898438,1.6625422239303589,2000_02_23(2).jpg,2000_02_23(2).jpg,filename_only,,,,,[],not_provided,,,e89c360e96d2f69c,,valid,valid,valid,0.4348483575569184,0.14558270676691729,0.798035,29,2
2000_02_26__22e8fd1ef543,2000-02-26,1,right_mid,2.6218128204345703,30.17499542236328,-20.8956241607666,2000_02_26.jpg,2000_02_26.jpg,filename_only,,,,,[],not_provided,,,e7470a9e2f3f9f4d,,valid,valid,valid,0.6057296479879022,0.186228125,0.798035,30,2
2000_03_17__ee9bae6e006c,2000-03-17,1,right_light,22.066621780395508,22.197355270385742,-0.7544850707054138,2000_03_17.jpg,2000_03_17.jpg,filename_only,,,,,[],not_provided,,,860a8e969e0e0646,,valid,valid,valid,0.5786216360021283,0.2285140625,0.798035,31,4
2000_03_20__a586b22e6268,2000-03-20,1,left_light,8.794492721557617,-21.369407653808594,-1.909995436668396,2000_03_20.jpg,2000_03_20.jpg,filename_only,,,,,[],not_provided,,,5f161c78d8ccfcf9,,valid,valid,valid,0.6276008849309698,0.24381041666666667,0.798035,32,9
2000_03_25__81bbc9e35b9f,2000-03-25,1,frontal,11.479588508605957,3.9265389442443848,-3.413858652114868,2000_03_25.jpg,2000_03_25.jpg,filename_only,,,,,[],not_provided,,,031b97272b0f0fe9,,valid,valid,valid,0.6777283037889608,0.3061981783919598,0.798035,33,11
2000_03_27__97bfcd39bc27,2000-03-27,1,left_light,8.296607971191406,-22.804189682006836,2.030958890914917,2000_03_27.jpg,2000_03_27.jpg,filename_only,,,,,[],not_provided,,,4c8ccc4c6c446c31,,valid,valid,valid,0.6229802010697584,0.20431140237603307,0.798035,34,10
2000_03_27_2__03e8ccb7ea77,2000-03-27,2,right_light,21.597484588623047,22.583454132080078,0.7897388935089111,2000_03_27 (2).jpg,2000_03_27 (2).jpg,filename_only,,,,,[],not_provided,,,05449e9e1c1c6973,,valid,valid,valid,0.5878630037245512,0.186134375,0.798035,35,5
2000_04_17__c4939789cb22,2000-04-17,1,frontal,11.354345321655273,3.8447422981262207,-2.592203140258789,2000_04_17.jpg,2000_04_17.jpg,filename_only,,,,,[],not_provided,,,44e44686cbcf66b7,,valid,valid,valid,0.6626060656977233,0.1947796875,0.798035,36,12
2000_04_24_2__69e7f95f4142,2000-04-24,2,right_light,3.767030954360962,16.374277114868164,-3.6378567218780518,2000_04_24(2).jpg,2000_04_24(2).jpg,filename_only,,,,,[],not_provided,,,44f3efcfe7df6d25,,valid,valid,valid,0.6661065837743986,0.2271984375,0.798035,37,6
2000_05_01__56ffd9b02f30,2000-05-01,1,left_light,13.002168655395508,-21.663135528564453,-2.6906673908233643,2000_05_01.jpg,2000_05_01.jpg,filename_only,,,,,[],not_provided,,,52230b1b0303070e,,valid,valid,valid,0.6158391441933406,0.29260373799725653,0.798035,38,11
2000_05_01_2__0f1b12696614,2000-05-01,2,right_mid,-2.23268723487854,35.57367706298828,-5.432055950164795,2000_05_01 (2).jpg,2000_05_01 (2).jpg,filename_only,,,,,[],not_provided,,,cca663c787078f4e,,valid,valid,valid,0.5839984317679017,0.23565635580178518,0.798035,39,3
2000_05_07__5c9d211014ad,2000-05-07,1,right_mid,-1.0037345886230469,32.51921463012695,-9.825516700744629,2000_05_07.jpg,2000_05_07.jpg,filename_only,,,,,[],not_provided,,,0d64464d472d0d6d,,valid,valid,valid,0.6090621411968972,0.1692328125,0.798035,40,4
2000_05_07_2__e47c8273315f,2000-05-07,2,right_profile,-8.723740577697754,71.07721710205078,-11.495946884155273,2000_05_07(2).jpg,2000_05_07(2).jpg,filename_only,,,,,[],not_provided,,,ac879b878f1d4bc6,,valid,valid,valid,0.488980369094626,0.185075,0.798035,41,2
2000_05_08_2__ca71f92204ae,2000-05-08,2,frontal,10.095850944519043,-9.814245223999023,2.625758171081543,2000_05_08(2).jpg,2000_05_08(2).jpg,filename_only,,,,,[],not_provided,,,2c1e3616bf2f0f0e,,valid,valid,valid,0.6808647679856619,0.4291729323308271,0.798035,42,13
2000_05_08_3__269c19d69c54,2000-05-08,3,frontal,9.992046356201172,2.973165273666382,-8.100261688232422,2000_05_08(3).jpg,2000_05_08(3).jpg,filename_only,,,,,[],not_provided,,,8b8713330b1f0f0f,,valid,valid,valid,0.6768881794505587,0.4454203125,0.798035,43,14
2000_05_08_4__573cdec9ca3a,2000-05-08,4,frontal,8.735136032104492,8.189676284790039,-6.31877326965332,2000_05_08(4).jpg,2000_05_08(4).jpg,filename_only,,,,,[],not_provided,,,938b2627051f0e1f,,valid,valid,valid,0.6696911142849141,0.44361215538847115,0.798035,44,15
2000_05_08_5__d4ef2115d9cd,2000-05-08,5,right_light,3.8086447715759277,12.464917182922363,-0.5798091888427734,2000_05_08(5).jpg,2000_05_08(5).jpg,filename_only,,,,,[],not_provided,,,8b0f2727021b1f0f,,valid,valid,valid,0.6766081380044247,0.4445989974937343,0.798035,45,7
2000_05_08_6__5f84faa049ea,2000-05-08,6,frontal,8.01833724975586,8.637161254882812,-3.1943488121032715,2000_05_08(6).jpg,2000_05_08(6).jpg,filename_only,,,,,[],not_provided,,,4b8713370a0f0f0f,,valid,valid,valid,0.6730236074939091,0.42101033834586465,0.798035,46,16
2000_05_09__f521e8b04028,2000-05-09,1,left_light,12.923023223876953,-14.169856071472168,1.4109421968460083,2000_05_09.jpg,2000_05_09.jpg,filename_only,,,,,[],not_provided,,,e76646c3c3c7463e,,valid,valid,valid,0.6254725699403512,0.26565555555555553,0.798035,47,12
2000_05_09_2__bef8b5c58a70,2000-05-09,2,right_light,0.8314212560653687,12.934804916381836,-0.6235674023628235,2000_05_09 (2).jpg,2000_05_09 (2).jpg,filename_only,,,,,[],not_provided,,,c353330909131303,,valid,valid,valid,0.6657145257498109,0.330178125,0.798035,48,8
2000_05_09_3__15e08abd46d2,2000-05-09,3,right_light,1.3171764612197876,19.374990463256836,0.8141763210296631,2000_05_09 (3).jpg,2000_05_09 (3).jpg,filename_only,,,,,[],not_provided,,,e6e3870b63878706,,valid,valid,valid,0.635190008121202,0.2726612608663891,0.798035,49,9
2000_05_12__dfdad3265cc2,2000-05-12,1,left_light,13.53801155090332,-15.807324409484863,-2.3513495922088623,2000_05_12.jpg,2000_05_12.jpg,filename_only,,,,,[],not_provided,,,4dccce4e8e8e4e63,,valid,valid,valid,0.6565851746058416,0.10464444444444444,0.798035,50,13
2000_05_18__c4e124e224f6,2000-05-18,1,right_profile,-19.772628784179688,62.26686477661133,-18.20003318786621,2000_05_18.jpg,2000_05_18.jpg,filename_only,,,,,[],not_provided,,,87031f1f0b1f3c79,,valid,valid,valid,0.5082752247332605,0.2827484375,0.798035,51,3
2000_06_12__aba9ba7a2fc5,2000-06-12,1,right_profile,13.635594367980957,63.08080291748047,11.557534217834473,2000_06_12.jpg,2000_06_12.jpg,filename_only,,,,,[],not_provided,,,869a9e468e9e4c79,,valid,valid,valid,0.5000140020723067,0.261371875,0.798035,52,4
2000_06_14__212639178b9b,2000-06-14,1,frontal,14.561538696289062,0.9288123846054077,-1.7108216285705566,2000_06_14.jpg,2000_06_14.jpg,filename_only,,,,,[],not_provided,,,0e86262b4b0f0f06,,valid,valid,valid,0.6591615559102747,0.462725,0.798035,53,17
2000_06_16__0c4e8b6aef08,2000-06-16,1,right_mid,-0.0270503219217062,36.50336837768555,-25.306432723999023,2000_06_16.jpg,2000_06_16.jpg,filename_only,,,,,[],not_provided,,,21618587271f8e4e,,valid,valid,valid,0.6000728107759948,0.243575,0.798035,54,5
2000_07_04__6b086cca490b,2000-07-04,1,left_light,20.4330997467041,-23.33283233642578,-9.209814071655273,2000_07_04.jpg,2000_07_04.jpg,filename_only,,,,,[],not_provided,,,9e9e9e361cdc1c78,,valid,valid,valid,0.5946400067209947,0.2728945063864326,0.798035,55,14
2000_07_05__ba82b981577b,2000-07-05,1,left_light,12.844009399414062,-15.0396146774292,-12.063007354736328,2000_07_05.jpg,2000_07_05.jpg,filename_only,,,,,[],not_provided,,,c6cece0f070f8ecd,,valid,valid,valid,0.6755159763645019,0.2283015625,0.798035,56,15
2000_07_08__af2f680df36f,2000-07-08,1,frontal,12.587647438049316,-3.8260605335235596,-0.3607568144798279,2000_07_08.jpg,2000_07_08.jpg,filename_only,,,,,[],not_provided,,,9690712b2b97968f,,valid,valid,valid,0.6631381444453779,0.2559982550530755,0.798035,57,18
2000_07_23__5f52c4b8b456,2000-07-23,1,left_light,6.103559970855713,-13.813356399536133,-0.10090269893407822,2000_07_23.jpg,2000_07_23.jpg,filename_only,,,,,[],not_provided,,,11b1910b15150707,,valid,valid,valid,0.6755159763645019,0.3242984375,0.798035,58,16
2000_08_09__bb6e091b4d64,2000-08-09,1,left_deep,14.247321128845215,-45.018367767333984,1.2181633710861206,2000_08_09.jpg,2000_08_09.jpg,filename_only,,,,,[],not_provided,,,9d070f0b2f070fcf,,valid,valid,valid,0.5558262622868184,0.2507109375,0.798035,59,3
2000_08_23__6e3cec53c3ad,2000-08-23,1,left_light,22.804988861083984,-16.602439880371094,-2.402618169784546,2000_08_23.jpg,2000_08_23.jpg,filename_only,,,,,[],not_provided,,,9c24a6e6c646c4e4,,valid,valid,valid,0.5941639362625668,0.20398382339798016,0.798035,60,17
2000_09_06__c1e22efb9998,2000-09-06,1,frontal,17.719995498657227,-2.9306068420410156,-2.059088945388794,2000_09_06.jpg,2000_09_06.jpg,filename_only,,,,,[],not_provided,,,4d0ccc6c4f4d4cc9,,valid,valid,valid,0.6639502646391666,0.0944484375,0.798035,61,19
2000_09_29__9d26b009bfa3,2000-09-29,1,frontal,15.631768226623535,-9.05738353729248,-10.961408615112305,2000_09_29.jpg,2000_09_29.jpg,filename_only,,,,,[],not_provided,,,4ececefedfcf6f3d,,valid,valid,valid,0.6400347251393206,0.2249453125,0.798035,62,20
2000_10_26__b862c1cc670d,2000-10-26,1,left_light,18.139787673950195,-10.912310600280762,0.24840670824050903,2000_10_26.jpg,2000_10_26.jpg,filename_only,,,,,[],not_provided,,,4d4d8ecc24c46c70,,valid,valid,valid,0.6259206362541656,0.1839421875,0.798035,63,18
2000_10_31__22e4d6df3e16,2000-10-31,1,left_light,12.3054838180542,-22.54538917541504,1.4035331010818481,2000_10_31.jpg,2000_10_31.jpg,filename_only,,,,,[],not_provided,,,99b4ccc9d1c0e1e1,,valid,valid,valid,0.6077459464000672,0.2601484375,0.798035,64,19
2000_11_14__7d23d4292563,2000-11-14,1,right_profile,2.5923783779144287,77.32597351074219,1.1546574831008911,2000_11_14.jpg,2000_11_14.jpg,filename_only,,,,,[],not_provided,,,cc46931e061e199b,,valid,valid,valid,0.476882578621636,0.20023801652892562,0.798035,65,5
2000_11_17__361faaa0b2a6,2000-11-17,1,right_light,10.817989349365234,15.013667106628418,-0.18581347167491913,2000_11_17.jpg,2000_11_17.jpg,filename_only,,,,,[],not_provided,,,cc746161644c7973,,valid,valid,valid,0.6305413201153771,0.1988796875,0.798035,66,10
2000_11_20__9d8b9439c30e,2000-11-20,1,left_deep,11.755677223205566,-43.551116943359375,0.5457140207290649,2000_11_20.jpg,2000_11_20.jpg,filename_only,,,,,[],not_provided,,,8dcd9c868f06464e,,valid,valid,valid,0.5640874849477723,0.15086875,0.798035,67,4
2000_11_20_2__1c12936f5a9f,2000-11-20,2,left_deep,22.559560775756836,-44.1583251953125,-11.388837814331055,2000_11_20 (2).jpg,2000_11_20 (2).jpg,filename_only,,,,,[],not_provided,,,8c9c97868e878f9d,,valid,valid,valid,0.5465568904197822,0.17861388888888888,0.798035,68,5
2000_11_20_3__620ffba0f832,2000-11-20,3,left_profile,-13.135828971862793,-75.23226165771484,25.21710205078125,2000_11_20 (3).jpg,2000_11_20 (3).jpg,filename_only,,,,,[],not_provided,,,64cc16070f465619,,valid,valid,valid,0.4859559214763785,0.130696875,0.798035,69,3
2000_11_21__add7ca1ad749,2000-11-21,1,right_light,14.501487731933594,15.464662551879883,1.6341193914413452,2000_11_21.jpg,2000_11_21.jpg,filename_only,,,,,[],not_provided,,,ccc4ece46d6d7932,,valid,valid,valid,0.6399787168500938,0.1777020202020202,0.798035,70,11
2000_11_22__e700df134642,2000-11-22,1,left_profile,34.87968444824219,-67.32836151123047,-29.43073081970215,2000_11_22.jpg,2000_11_22.jpg,filename_only,,,,,[],not_provided,,,4b9f070f0706067c,,valid,valid,valid,0.4734660729788009,0.17503055555555555,0.798035,71,4
2000_11_24__3908bb95b9c0,2000-11-24,1,left_profile,12.15414810180664,-86.01505279541016,-2.871633768081665,2000_11_24.jpg,2000_11_24.jpg,filename_only,,,,,[],not_provided,,,c4ce97c7c3b216ac,,valid,valid,valid,0.4473102019098827,0.1401888888888889,0.798035,72,5
2000_11_24_2__cfa69889af85,2000-11-24,2,right_profile,-13.513668060302734,76.8292007446289,-14.170330047607422,2000_11_24 (2).jpg,2000_11_24 (2).jpg,filename_only,,,,,[],not_provided,,,1bcd978f8f9b4b33,,valid,valid,valid,0.47906690190148143,0.1384027777777778,0.798035,73,6
2000_11_28__8d4b98b5339e,2000-11-28,1,left_profile,37.59815979003906,-76.2127456665039,-29.771699905395508,2000_11_28.jpg,2000_11_28.jpg,filename_only,,,,,[],not_provided,,,8dcdd5cfc7e7bb9b,,valid,valid,valid,0.4615923156627181,0.08714444444444444,0.798035,74,6
2000_11_28_2__dcc96f8734c6,2000-11-28,2,right_profile,-16.361186981201172,56.14476776123047,-19.687732696533203,2000_11_28 (2).jpg,2000_11_28 (2).jpg,filename_only,,,,,[],not_provided,,,edb66a6c6e6c3c1c,,valid,valid,valid,0.534179058500658,0.16183055555555556,0.798035,75,7
2000_12_05__6ae82f604c01,2000-12-05,1,right_profile,3.3586437702178955,64.8690185546875,1.22943913936615,2000_12_05.jpg,2000_12_05.jpg,filename_only,,,,,[],not_provided,,,cb6dc78e8fcf8f99,,valid,valid,valid,0.5019462880506315,0.1068888888888889,0.798035,76,8
2000_12_26__41c4e20ee788,2000-12-26,1,right_profile,24.51260757446289,58.70347213745117,15.969764709472656,2000_12_26.jpg,2000_12_26.jpg,filename_only,,,,,[],not_provided,,,090d869c0f9e0ea0,,valid,valid,valid,0.5101515024223585,0.11684722222222223,0.798035,77,9
2001_01_05__580b2ca767c2,2001-01-05,1,right_profile,7.626676082611084,86.75285339355469,3.4203109741210938,2001_01_05.jpg,2001_01_05.jpg,filename_only,,,,,[],not_provided,,,786c444c6c74715b,,valid,valid,valid,0.45599148674003753,0.1043111111111111,0.798035,78,10
2001_01_16__6f466c3aa991,2001-01-16,1,right_profile,7.676042556762695,75.68527221679688,-3.4489102363586426,2001_01_16.jpg,2001_01_16.jpg,filename_only,,,,,[],not_provided,,,78ecc6ccdc7e72b6,,valid,valid,valid,0.48122322103671344,0.12335,0.798035,79,11
2001_01_17__eb70ba0d542b,2001-01-17,1,right_light,8.804667472839355,18.220544815063477,0.4997813403606415,2001_01_17.jpg,2001_01_17.jpg,filename_only,,,,,[],not_provided,,,94e46dec646c7870,,valid,valid,valid,0.6404547873085217,0.20446111111111112,0.798035,80,12
2001_01_29__065ebde7e5a5,2001-01-29,1,left_deep,12.006741523742676,-44.62458801269531,-5.4038848876953125,2001_01_29.jpg,2001_01_29.jpg,filename_only,,,,,[],not_provided,,,db9f0f8e8ececeb6,,valid,valid,valid,0.5702764009073343,0.17222777777777779,0.798035,81,6
2001_01_30__def2822c1f1f,2001-01-30,1,left_profile,29.02775001525879,-69.91901397705078,-20.646141052246094,2001_01_30.jpg,2001_01_30.jpg,filename_only,,,,,[],not_provided,,,c999b4cdc4c5e3f2,,valid,valid,valid,0.4769385869108628,0.14253055555555555,0.798035,82,7
2001_02_15__c91a2d802850,2001-02-15,1,frontal,18.974992752075195,-0.23945745825767517,2.484787702560425,2001_02_15.jpg,2001_02_15.jpg,filename_only,,,,,[],not_provided,,,4e4e96974fc664b1,,valid,valid,valid,0.6498921840432385,0.21555,0.798035,83,21
2001_02_22__4463da74ac25,2001-02-22,1,left_profile,35.53131103515625,-54.74874496459961,-19.840639114379883,2001_02_22.jpg,2001_02_22.jpg,filename_only,,,,,[],not_provided,,,df970b87c7c7763c,,valid,valid,valid,0.48934442297460023,0.1769703125,0.798035,84,8
2001_02_27__fb61b453ec73,2001-02-27,1,frontal,12.420768737792969,1.396488070487976,-0.04850037023425102,2001_02_27.jpg,2001_02_27.jpg,filename_only,,,,,[],not_provided,,,d478797d4dcd6927,,valid,valid,valid,0.6669467081128007,0.20533125,0.798035,85,22
2001_02_27_2__341842854df8,2001-02-27,2,right_light,11.497264862060547,22.630794525146484,-1.5559889078140259,2001_02_27 (2).jpg,2001_02_27 (2).jpg,filename_only,,,,,[],not_provided,,,163b9232363c97ce,,valid,valid,valid,0.6172113472793973,0.2509390625,0.798035,86,13
2001_02_27_3__19b6ca387359,2001-02-27,3,frontal,14.229127883911133,6.434277534484863,0.07484200596809387,2001_02_27 (3).jpg,2001_02_27 (3).jpg,filename_only,,,,,[],not_provided,,,4e8c94160e4e4c7d,,valid,valid,valid,0.6514324119969755,0.2927299678272441,0.798035,87,23
2001_02_28__279516a45ce4,2001-02-28,1,frontal,19.08255958557129,2.2584869861602783,-0.2708071768283844,2001_02_28.jpg,2001_02_28.jpg,filename_only,,,,,[],not_provided,,,878796970f8f4d69,,valid,valid,valid,0.6153350695902994,0.25906875,0.798035,88,24
2001_03_23__e0ecdfe4b1e3,2001-03-23,1,frontal,8.775012016296387,5.346534252166748,-0.14036549627780914,2001_03_23.jpg,2001_03_23.jpg,filename_only,,,,,[],not_provided,,,b36c74d4d6ca8e8f,,valid,valid,valid,0.6663586210759193,0.45150243951511493,0.798035,89,25
2001_03_29__a39e57f1bc9a,2001-03-29,1,frontal,11.835982322692871,-0.049173302948474884,-0.10352154076099396,2001_03_29.jpg,2001_03_29.jpg,filename_only,,,,,[],not_provided,,,969c94968c8c4c70,,valid,valid,valid,0.6691030272480327,0.2947125,0.798035,90,26
2001_04_10__da0b8f3522a5,2001-04-10,1,left_light,15.367501258850098,-11.6793851852417,-0.009917434304952621,2001_04_10.jpg,2001_04_10.jpg,filename_only,,,,,[],not_provided,,,bd8d9517391d1d71,,valid,valid,valid,0.6097062365230054,0.2463828125,0.798035,91,20
2001_04_10_2__664ac71bfe10,2001-04-10,2,left_light,21.832115173339844,-10.695655822753906,0.3223671019077301,2001_04_10 (2).jpg,2001_04_10 (2).jpg,filename_only,,,,,[],not_provided,,,d78eceddc646687b,,valid,valid,valid,0.6188355876669747,0.229928125,0.798035,92,21
2001_04_10_3__cdd7f2c708c0,2001-04-10,3,frontal,22.266138076782227,-1.7394181489944458,-0.21730799973011017,2001_04_10 (3).jpg,2001_04_10 (3).jpg,filename_only,,,,,[],not_provided,,,264643414343c327,,valid,valid,valid,0.5767733624576438,0.2464546875,0.798035,93,27
2001_04_14__1e62238ac16a,2001-04-14,1,frontal,10.225132942199707,-6.393195152282715,-0.9726612567901611,2001_04_14.jpg,2001_04_14.jpg,filename_only,,,,,[],not_provided,,,c6ce0f0f07070f26,,valid,valid,valid,0.6754879722198885,0.24606701850963358,0.798035,94,28
2001_04_27__aab3925bf998,2001-04-27,1,left_profile,15.977337837219238,-62.66439437866211,-13.299854278564453,2001_04_27.jpg,2001_04_27.jpg,filename_only,,,,,[],not_provided,,,1e06479787c7e521,,valid,valid,valid,0.4964574757064045,0.20285,0.798035,95,9
2001_05_28__e054372cf90a,2001-05-28,1,left_profile,33.023677825927734,-50.518558502197266,-14.442138671875,2001_05_28.jpg,2001_05_28.jpg,filename_only,,,,,[],not_provided,,,362e0a2c86c6c4f4,,valid,valid,valid,0.5004900725307345,0.237028125,0.798035,96,10
2001_06_12__95f2d4aacf9f,2001-06-12,1,frontal,17.348655700683594,-6.562067031860352,-2.1028826236724854,2001_06_12.jpg,2001_06_12.jpg,filename_only,,,,,[],not_provided,,,1889910c0c0c88c1,,valid,valid,valid,0.6282449802570781,0.2812453125,0.798035,97,29
2001_06_16__71d032996fa8,2001-06-16,1,left_light,9.756637573242188,-12.943122863769531,-0.013395708054304123,2001_06_16.jpg,2001_06_16.jpg,filename_only,,,,,[],not_provided,,,9e9692131303870c,,valid,valid,valid,0.6686549609342183,0.2533828125,0.798035,98,22
2001_06_16_2__69d51850915d,2001-06-16,2,right_light,4.135619163513184,13.640876770019531,-0.8587096929550171,2001_06_16 (2).jpg,2001_06_16 (2).jpg,filename_only,,,,,[],not_provided,,,879786860386864e,,valid,valid,valid,0.6735276820969504,0.244978125,0.798035,99,14
2001_07_18__c5501ccaffa8,2001-07-18,1,frontal,16.806072235107422,2.213752508163452,0.055918436497449875,2001_07_18.jpg,2001_07_18.jpg,filename_only,,,,,[],not_provided,,,969e9e2b9e9e8eec,,valid,valid,valid,0.651600436864656,0.2399234375,0.798035,100,30
2001_09_03_1__aedca650c74a,2001-09-03,1,right_mid,4.129406929016113,34.066001892089844,4.821750164031982,2001_09_03(1).jpg,2001_09_03(1).jpg,filename_only,,,,,[],not_provided,,,0c049298948c4fa0,,valid,valid,valid,0.5982525413761237,0.1602,0.798035,101,6
2001_09_06_1__245c19779dd7,2001-09-06,1,right_light,5.197696208953857,11.425298690795898,-1.091666579246521,2001_09_06(1).jpg,2001_09_06(1).jpg,filename_only,,,,,[],not_provided,,,968e86878f8f86c6,,valid,valid,valid,0.6414629365146042,0.26324375,0.798035,102,15
2001_09_25__2182f714726e,2001-09-25,1,frontal,18.855525970458984,-1.3342393636703491,-0.1948663592338562,2001_09_25.jpg,2001_09_25.jpg,filename_only,,,,,[],not_provided,,,96b696aa8e9e96c6,,valid,valid,valid,0.6283569968355317,0.2601890625,0.798035,103,31
2001_09_25_2__c298a48054c8,2001-09-25,2,right_deep,13.027010917663574,45.682865142822266,3.7465403079986572,2001_09_25 (2).jpg,2001_09_25 (2).jpg,filename_only,,,,,[],not_provided,,,6d664e0e0e0e2c39,,valid,valid,valid,0.5488252261334677,0.1983111111111111,0.798035,104,2
2001_11_01__431490e159af,2001-11-01,1,right_light,10.77092456817627,11.831886291503906,-4.554800033569336,2001_11_01.jpg,2001_11_01.jpg,filename_only,,,,,[],not_provided,,,e66626e76b446633,,valid,valid,valid,0.6453835167604806,0.20909166666666668,0.798035,105,16
2001_11_05__b352749108db,2001-11-05,1,frontal,14.93631649017334,-1.4356995820999146,0.1997179239988327,2001_11_05.jpg,2001_11_05.jpg,filename_only,,,,,[],not_provided,,,16969696cccc6830,,valid,valid,valid,0.6620459828054552,0.248,0.798035,106,32
2001_11_13__12d8bc8b5d93,2001-11-13,1,right_light,8.331817626953125,15.891559600830078,-11.141082763671875,2001_11_13.jpg,2001_11_13.jpg,filename_only,,,,,[],not_provided,,,ed6de66d4949b7b7,,valid,valid,valid,0.6410148702007897,0.1387390625,0.798035,107,17
2001_11_14__5830fc277ffb,2001-11-14,1,left_mid,14.359782218933105,-30.673818588256836,-1.9246370792388916,2001_11_14.jpg,2001_11_14.jpg,filename_only,,,,,[],not_provided,,,ce4cc9f13121315f,,valid,valid,valid,0.6036013329972836,0.09765625,0.798035,108,2
2001_11_22__f1509bb6d1c3,2001-11-22,1,left_light,23.684444427490234,-23.256832122802734,-2.212549924850464,2001_11_22.jpg,2001_11_22.jpg,filename_only,,,,,[],not_provided,,,9d2e1f17878fde7e,,valid,valid,valid,0.581029992438881,0.29108430470844854,0.798035,109,23
2001_12_06__1c6ac429c706,2001-12-06,1,right_profile,-31.186904907226562,86.33196258544922,-37.886932373046875,2001_12_06.jpg,2001_12_06.jpg,filename_only,,,,,[],not_provided,,,4c84102c1f1b4665,,valid,valid,valid,0.4534711137248313,0.1334328125,0.798035,110,12
2002_01_01__f27db1c49fa0,2002-01-01,1,left_light,16.872478485107422,-19.537757873535156,1.8341925144195557,2002_01_01.jpg,2002_01_01.jpg,filename_only,,,,,[],not_provided,,,264b0b0314130303,,valid,valid,valid,0.5944159735640875,0.5054224231538834,0.798035,111,24
2002_01_31__16e4fb1d7c5e,2002-01-31,1,left_light,11.965024948120117,-20.684919357299805,-2.5490169525146484,2002_01_31.jpg,2002_01_31.jpg,filename_only,,,,,[],not_provided,,,2c2c9c1c0c8c9880,,valid,valid,valid,0.6343498837827999,0.214403125,0.798035,112,25
2002_03_05__2c8f808376ba,2002-03-05,1,left_profile,10.582695960998535,-73.23880004882812,0.4920331537723541,2002_03_05.jpg,2002_03_05.jpg,filename_only,,,,,[],not_provided,,,668d9e8e062683d3,,valid,valid,valid,0.48041110084292477,0.12367901234567902,0.798035,113,11
2002_03_20__bb9f25e60f16,2002-03-20,1,left_profile,35.77379608154297,-79.17469787597656,-26.17605972290039,2002_03_20.jpg,2002_03_20.jpg,filename_only,,,,,[],not_provided,,,189cb6070783963c,,valid,valid,valid,0.46764121089921307,0.098178125,0.798035,114,12
2002_03_20_3__e9d7d82d5ba2,2002-03-20,3,left_light,21.59748649597168,-24.968408584594727,3.0004541873931885,2002_03_20(3).jpg,2002_03_20(3).jpg,filename_only,,,,,[],not_provided,,,921c0c1d050d89c9,,valid,valid,valid,0.5830182867064325,0.1880125,0.798035,115,26
2002_03_27__2d856c18e2c2,2002-03-27,1,left_light,10.926374435424805,-20.259241104125977,1.139497995376587,2002_03_27.jpg,2002_03_27.jpg,filename_only,,,,,[],not_provided,,,b24c96b090c4d8d8,,valid,valid,valid,0.6233162508051192,0.328375,0.798035,116,27
2002_04_01_2__947347d65bdf,2002-04-01,2,frontal,22.590744018554688,-9.518956184387207,14.786590576171875,2002_04_01 (2).jpg,2002_04_01 (2).jpg,filename_only,,,,,[],not_provided,,,3a3e0c1c0c068cc1,,valid,valid,valid,0.5930997787672575,0.23671057028291378,0.798035,117,33
2002_04_09__2400a3c5abab,2002-04-09,1,left_profile,14.769450187683105,-56.411197662353516,-10.914852142333984,2002_04_09.jpg,2002_04_09.jpg,filename_only,,,,,[],not_provided,,,cd5bbfdbefefef37,,valid,valid,valid,0.5043826486319976,0.1864109375,0.798035,118,13
2002_04_18__52578a9c2435,2002-04-18,1,left_profile,40.8417854309082,-72.69815063476562,-23.476133346557617,2002_04_18.jpg,2002_04_18.jpg,filename_only,,,,,[],not_provided,,,9e260b979303079c,,valid,valid,valid,0.4587919012013778,0.18370857132001875,0.798035,119,14
2002_04_20__807d83653e57,2002-04-20,1,left_light,17.839353561401367,-14.267843246459961,8.582653045654297,2002_04_20.jpg,2002_04_20.jpg,filename_only,,,,,[],not_provided,,,9d1e161c26068689,,valid,valid,valid,0.6093421826430312,0.2607325218209144,0.798035,120,28
2002_04_20_2__8bf9de64c6d6,2002-04-20,2,frontal,16.71000099182129,-5.711912631988525,-0.03299589455127716,2002_04_20 (2).jpg,2002_04_20 (2).jpg,filename_only,,,,,[],not_provided,,,4ecfcece6cc46d31,,valid,valid,valid,0.6330336889859699,0.2031796875,0.798035,121,34
2002_05_09__7ad9db446e6e,2002-05-09,1,left_mid,0.34594619274139404,-38.94625473022461,-1.805208683013916,2002_05_09.jpg,2002_05_09.jpg,filename_only,,,,,[],not_provided,,,c8d86cc4ccc8c022,,valid,valid,valid,0.5902433560166904,0.29949874686716793,0.798035,122,3
2002_05_24__e75b1802484d,2002-05-24,1,left_light,17.54050636291504,-24.695079803466797,2.7828805446624756,2002_05_24.jpg,2002_05_24.jpg,filename_only,,,,,[],not_provided,,,260b0b3793030f0f,,valid,valid,valid,0.5923156627180822,0.4102476654486399,0.798035,123,29
2002_05_30__76828427f28c,2002-05-30,1,right_deep,-3.399524450302124,44.11035919189453,-7.500300407409668,2002_05_30.jpg,2002_05_30.jpg,filename_only,,,,,[],not_provided,,,818f0f23070f0f8f,,valid,valid,valid,0.5567503990590608,0.41828762650995754,0.798035,124,3
2002_06_12__fd5fcfae828b,2002-06-12,1,right_light,9.543336868286133,18.39111328125,-1.5967259407043457,2002_06_12.jpg,2002_06_12.jpg,filename_only,,,,,[],not_provided,,,ce4e6b69654d6947,,valid,valid,valid,0.6568372119073623,0.18898333333333334,0.798035,125,18
2002_07_10__b381fac011aa,2002-07-10,1,frontal,14.27866268157959,5.701775074005127,-4.3106303215026855,2002_07_10.jpg,2002_07_10.jpg,filename_only,,,,,[],not_provided,,,cc666561494d6173,,valid,valid,valid,0.6445713965666918,0.18710625,0.798035,126,35
2002_07_12__aefed7181c4a,2002-07-12,1,right_profile,21.313634872436523,76.01548767089844,15.84072208404541,2002_07_12.jpg,2002_07_12.jpg,filename_only,,,,,[],not_provided,,,06931f161f9f8f64,,valid,valid,valid,0.4701615839144193,0.16310625,0.798035,127,13
2002_08_08__cf88de0c3f75,2002-08-08,1,left_profile,7.486011505126953,-72.2007064819336,-5.001367092132568,2002_08_08.jpg,2002_08_08.jpg,filename_only,,,,,[],not_provided,,,9ea68f8d8d85cdf8,,valid,valid,valid,0.48830826962390433,0.2192046875,0.798035,128,15
2002_08_28__4773eff5238c,2002-08-28,1,left_mid,10.788769721984863,-33.316741943359375,-3.1291494369506836,2002_08_28.jpg,2002_08_28.jpg,filename_only,,,,,[],not_provided,,,39615dc58dcdc1c1,,valid,valid,valid,0.5855106555770254,0.4812409571508069,0.798035,129,4
2002_09_13__12072abe6a44,2002-09-13,1,right_light,12.533181190490723,24.309167861938477,1.377848744392395,2002_09_13.jpg,2002_09_13.jpg,filename_only,,,,,[],not_provided,,,8682c2c062466470,,valid,valid,valid,0.5999607941975412,0.2591902384914032,0.798035,130,19
2002_09_24__9b0e668b28bf,2002-09-24,1,frontal,16.243436813354492,-8.310904502868652,-0.017785437405109406,2002_09_24.jpg,2002_09_24.jpg,filename_only,,,,,[],not_provided,,,8f9f4d9daf8d86a0,,valid,valid,valid,0.6452434960374135,0.223278125,0.798035,131,36
2002_10_09__05109d85ba00,2002-10-09,1,right_profile,-17.149614334106445,71.87770080566406,-13.558897018432617,2002_10_09.jpg,2002_10_09.jpg,filename_only,,,,,[],not_provided,,,4fc7d7efdfd97b7f,,valid,valid,valid,0.48735612870704864,0.21614375,0.798035,132,14
2002_11_01__91b483a91623,2002-11-01,1,frontal,12.384268760681152,-0.9363548755645752,-0.016108253970742226,2002_11_01.jpg,2002_11_01.jpg,filename_only,,,,,[],not_provided,,,8cd9997e4c8c0107,,valid,valid,valid,0.6591335517656614,0.246375,0.798035,133,37
2002_12_02__c759b9171ecc,2002-12-02,1,frontal,14.33297061920166,4.816537380218506,0.08885990083217621,2002_12_02.jpg,2002_12_02.jpg,filename_only,,,,,[],not_provided,,,94c646968fcfce6f,,valid,valid,valid,0.655633033688986,0.198284375,0.798035,134,38
2002_12_19__cca8b9370967,2002-12-19,1,frontal,21.68921661376953,-6.507312297821045,0.13657592236995697,2002_12_19.jpg,2002_12_19.jpg,filename_only,,,,,[],not_provided,,,94949f2f0f979f4d,,valid,valid,valid,0.6151950488672323,0.2391125,0.798035,135,39
2003_01_01__8efe0ba6b429,2003-01-01,1,frontal,21.140640258789062,0.7985337972640991,0.03132500499486923,2003_01_01.jpg,2003_01_01.jpg,filename_only,,,,,[],not_provided,,,8b9b9585cccce971,,valid,valid,valid,0.5946120025763814,0.23458125,0.798035,136,40
2003_01_10__23b16927f674,2003-01-10,1,frontal,7.76856803894043,6.685225486755371,0.19179479777812958,2003_01_10.jpg,2003_01_10.jpg,filename_only,,,,,[],not_provided,,,966367636347463d,,valid,valid,valid,0.6808367638410485,0.2323283395755306,0.798035,137,41
2003_02_10_1__3769e8a139ff,2003-02-10,1,right_light,7.6195902824401855,13.585383415222168,-11.620014190673828,2003_02_10(1).jpg,2003_02_10(1).jpg,filename_only,,,,,[],not_provided,,,2161c3c3cfc7c7e7,,valid,valid,valid,0.6413789240807639,0.29019110275689225,0.798035,138,20
2003_02_10__8b8a3de48d19,2003-02-10,1,frontal,7.284689426422119,-6.833065509796143,-0.7378569841384888,2003_02_10.jpg,2003_02_10.jpg,filename_only,,,,,[],not_provided,,,945d58141c0e1e0e,,valid,valid,valid,0.7067405976084461,0.31755,0.798035,139,42
2003_02_11_1__412e70f91eb0,2003-02-11,1,left_mid,12.059521675109863,-39.13702392578125,-6.392996311187744,2003_02_11(1).jpg,2003_02_11(1).jpg,filename_only,,,,,[],not_provided,,,973c2f0e9bc70f0b,,valid,valid,valid,0.5771654204822314,0.20638819095477387,0.798035,140,5
2003_02_15__1d3e8dc095be,2003-02-15,1,frontal,22.44971466064453,-4.285091876983643,3.266674280166626,2003_02_15.jpg,2003_02_15.jpg,filename_only,,,,,[],not_provided,,,4b96547004060c90,,valid,valid,valid,0.6105463608614075,0.2787492540147569,0.798035,141,43
2003_02_19__c48a8c869987,2003-02-19,1,frontal,19.697996139526367,-5.590435028076172,-1.402031421661377,2003_02_19.jpg,2003_02_19.jpg,filename_only,,,,,[],not_provided,,,9d0c94d9ccccc871,,valid,valid,valid,0.6115265059228766,0.25351666666666667,0.798035,142,44
2003_02_23__d83f5fd3cb0e,2003-02-23,1,frontal,13.39869499206543,8.75502872467041,-7.209578514099121,2003_02_23.jpg,2003_02_23.jpg,filename_only,,,,,[],not_provided,,,defa7c687a5e7439,,valid,valid,valid,0.6305133159707637,0.2838819444444444,0.798035,143,45
2003_03_09__d963c3a2a7fd,2003-03-09,1,left_light,11.260893821716309,-10.56010627746582,-8.112131118774414,2003_03_09.jpg,2003_03_09.jpg,filename_only,,,,,[],not_provided,,,b26cdca4ac8c8c70,,valid,valid,valid,0.6686829650788316,0.3474325918436131,0.798035,144,30
2003_04_01__de2e40020982,2003-04-01,1,right_light,15.189007759094238,11.115675926208496,-2.4406325817108154,2003_04_01.jpg,2003_04_01.jpg,filename_only,,,,,[],not_provided,,,9694ede8dedc4c79,,valid,valid,valid,0.6165392478086756,0.2995951388888889,0.798035,145,21
2003_04_07__e693396f6fca,2003-04-07,1,right_mid,20.785234451293945,26.39704132080078,-0.3371026813983917,2003_04_07.jpg,2003_04_07.jpg,filename_only,,,,,[],not_provided,,,c6438e1795cc8c38,,valid,valid,valid,0.5718726371502982,0.2285888888888889,0.798035,146,7
2003_05_01__c7969abc24f8,2003-05-01,1,right_light,0.9357216954231262,16.498905181884766,0.5538392066955566,2003_05_01.jpg,2003_05_01.jpg,filename_only,,,,,[],not_provided,,,2703070b03070787,,valid,valid,valid,0.6609818253101459,0.331441407189578,0.798035,147,22
2003_05_09__486d2ade36ae,2003-05-09,1,left_profile,5.578660011291504,-67.40225982666016,-1.7344720363616943,2003_05_09.jpg,2003_05_09.jpg,filename_only,,,,,[],not_provided,,,9b21c39385c16306,,valid,valid,valid,0.49175277941135287,0.25851944444444447,0.798035,148,16
2003_05_13__99645af672a5,2003-05-13,1,frontal,17.665163040161133,3.29081130027771,1.5036660432815552,2003_05_13.jpg,2003_05_13.jpg,filename_only,,,,,[],not_provided,,,c68696e8eece6439,,valid,valid,valid,0.633453751155171,0.26521760988221776,0.798035,149,46
2003_05_27__2ae6d9853e43,2003-05-27,1,frontal,10.467096328735352,-2.3216607570648193,2.988985061645508,2003_05_27.jpg,2003_05_27.jpg,filename_only,,,,,[],not_provided,,,949696972f0e0e2d,,valid,valid,valid,0.6709513007925173,0.23915164999337352,0.798035,150,47
2003_05_31__e9ac5dbfdd44,2003-05-31,1,frontal,11.332656860351562,-6.849575519561768,-0.17454323172569275,2003_05_31.jpg,2003_05_31.jpg,filename_only,,,,,[],not_provided,,,b58999918d8d81e1,,valid,valid,valid,0.6698311350079812,0.2486421875,0.798035,151,48
2003_06_01__f274abb4ab60,2003-06-01,1,frontal,12.934733390808105,-8.683175086975098,0.023771565407514572,2003_06_01.jpg,2003_06_01.jpg,filename_only,,,,,[],not_provided,,,94f0e1e8e0ccc9c1,,valid,valid,valid,0.6537847601445014,0.2643390625,0.798035,152,49
2003_06_21__ac7632b62d02,2003-06-21,1,frontal,13.773024559020996,2.9158971309661865,0.03752751275897026,2003_06_21.jpg,2003_06_21.jpg,filename_only,,,,,[],not_provided,,,99fdf979793c3d39,,valid,valid,valid,0.6628300988546305,0.314075,0.798035,153,50
2003_06_27__071981479d4a,2003-06-27,1,frontal,17.363420486450195,-0.24670130014419556,0.2144641876220703,2003_06_27.jpg,2003_06_27.jpg,filename_only,,,,,[],not_provided,,,cc706969f8dcf831,,valid,valid,valid,0.6347699459520009,0.24743821246069184,0.798035,154,51
2003_07_23__8a88f2ed9b08,2003-07-23,1,left_light,14.561180114746094,-18.543474197387695,-12.196084022521973,2003_07_23.jpg,2003_07_23.jpg,filename_only,,,,,[],not_provided,,,9392dac3d3cfcf4b,,valid,valid,valid,0.6206838612114592,0.21484375,0.798035,155,31
2003_07_24__33a47dd5435d,2003-07-24,1,left_light,16.086456298828125,-18.142541885375977,-2.388925075531006,2003_07_24.jpg,2003_07_24.jpg,filename_only,,,,,[],not_provided,,,369393d19587c541,,valid,valid,valid,0.6130107255873869,0.3050091890346286,0.798035,156,32
2003_07_25__779e97fe5e9b,2003-07-25,1,frontal,16.61686134338379,1.7911556959152222,0.18342183530330658,2003_07_25.jpg,2003_07_25.jpg,filename_only,,,,,[],not_provided,,,d49496e8cececc61,,valid,valid,valid,0.6491920804279033,0.2687578125,0.798035,157,52
2003_08_04_5__ff990e8c18e9,2003-08-04,5,right_light,14.88658618927002,10.376615524291992,-0.27436015009880066,2003_08_04(5).jpg,2003_08_04(5).jpg,filename_only,,,,,[],not_provided,,,8c1dd099b11c9991,,valid,valid,valid,0.6294491584754544,0.195846875,0.798035,158,23
2003_10_10__72f1e0141a60,2003-10-10,1,frontal,14.85936450958252,1.5433870553970337,-1.9765182733535767,2003_10_10.jpg,2003_10_10.jpg,filename_only,,,,,[],not_provided,,,d6c2e6e7ebce6666,,valid,valid,valid,0.6691310313926461,0.23196666666666665,0.798035,159,53
2003_10_10_2__fdf2604badbd,2003-10-10,2,frontal,10.899666786193848,-2.5890893936157227,-0.1557544469833374,2003_10_10 (2).jpg,2003_10_10 (2).jpg,filename_only,,,,,[],not_provided,,,944149948c8dc1a5,,valid,valid,valid,0.6931025791817189,0.193096875,0.798035,160,54
2003_10_16__faa3a4aaff20,2003-10-16,1,right_light,14.60308837890625,11.132891654968262,0.5991471409797668,2003_10_16.jpg,2003_10_16.jpg,filename_only,,,,,[],not_provided,,,8dce4ece8e8e86a6,,valid,valid,valid,0.6574252989442437,0.13126944444444444,0.798035,161,24
2003_10_29__dda5e011eca2,2003-10-29,1,left_light,22.939605712890625,-20.612180709838867,-7.71350622177124,2003_10_29.jpg,2003_10_29.jpg,filename_only,,,,,[],not_provided,,,9e96cfd7c7c6cedf,,valid,valid,valid,0.5939959113948864,0.2252222222222222,0.798035,162,33
2003_10_29_2__60b53864e7ee,2003-10-29,2,left_light,21.092161178588867,-23.88389015197754,-2.782992362976074,2003_10_29 (2).jpg,2003_10_29 (2).jpg,filename_only,,,,,[],not_provided,,,9d9f8e8cd4c4cdf1,,valid,valid,valid,0.601473018006665,0.21888333333333335,0.798035,163,34
2003_10_30__e81eb37f5499,2003-10-30,1,left_mid,21.597015380859375,-25.17515754699707,-3.871739387512207,2003_10_30.jpg,2003_10_30.jpg,filename_only,,,,,[],not_provided,,,0c0c04b1c9cdc163,,valid,valid,valid,0.6080539919908147,0.20548611111111112,0.798035,164,6
2003_11_03__ae569e689b25,2003-11-03,1,right_light,20.31007194519043,18.073440551757812,-1.8471840620040894,2003_11_03.jpg,2003_11_03.jpg,filename_only,,,,,[],not_provided,,,4ec6ce466c0c2c39,,valid,valid,valid,0.6190036125346551,0.18576944444444443,0.798035,165,25
2003_11_05__81b98d124be9,2003-11-05,1,right_deep,9.576841354370117,41.82328414916992,-0.09303293377161026,2003_11_05.jpg,2003_11_05.jpg,filename_only,,,,,[],not_provided,,,9dd6cece8f0d4d59,,valid,valid,valid,0.5953961186255566,0.17263055555555556,0.798035,166,4
2003_11_06__bea483f79123,2003-11-06,1,right_profile,-29.119525909423828,78.48253631591797,-30.431982040405273,2003_11_06.jpg,2003_11_06.jpg,filename_only,,,,,[],not_provided,,,980e068c8c9c5979,,valid,valid,valid,0.468817384972976,0.15290277777777778,0.798035,167,15
2003_11_07__7195554b43e4,2003-11-07,1,left_mid,13.417909622192383,-29.032987594604492,-6.257716178894043,2003_11_07.jpg,2003_11_07.jpg,filename_only,,,,,[],not_provided,,,8e4c5ccc9c8c8db9,,valid,valid,valid,0.617883446750119,0.17481666666666668,0.798035,168,7
2003_11_18__d3e7bf5aab74,2003-11-18,1,left_mid,17.74318504333496,-35.32484817504883,-2.3028616905212402,2003_11_18.jpg,2003_11_18.jpg,filename_only,,,,,[],not_provided,,,5d9e846964643414,,valid,valid,valid,0.577137416337618,0.15661666666666665,0.798035,169,8
2003_11_25__307e63fcb28a,2003-11-25,1,left_mid,27.612096786499023,-32.93487548828125,-4.4782328605651855,2003_11_25.jpg,2003_11_25.jpg,filename_only,,,,,[],not_provided,,,9b1d0d89cdcd69b3,,valid,valid,valid,0.557254473662102,0.1521722222222222,0.798035,170,9
2003_11_26__5661efa9d7b5,2003-11-26,1,left_profile,16.25271224975586,-70.61409759521484,-9.964929580688477,2003_11_26.jpg,2003_11_26.jpg,filename_only,,,,,[],not_provided,,,2c4994ccc4c46402,,valid,valid,valid,0.4818953205074351,0.1665611111111111,0.798035,171,17
2003_11_28__6b28563658ae,2003-11-28,1,left_light,20.2481689453125,-24.06175994873047,-4.883153915405273,2003_11_28.jpg,2003_11_28.jpg,filename_only,,,,,[],not_provided,,,9c264656c6466e3e,,valid,valid,valid,0.5932397994903246,0.23496111111111112,0.798035,172,35
2003_11_29__d19c6389b2ab,2003-11-29,1,left_profile,0.7852684855461121,-65.53421020507812,5.814601898193359,2003_11_29.jpg,2003_11_29.jpg,filename_only,,,,,[],not_provided,,,41060f8f0e26258d,,valid,valid,valid,0.5004620683861212,0.24523055555555556,0.798035,173,18
2003_12_02__ecf3a2e72e0c,2003-12-02,1,frontal,24.667890548706055,2.7148962020874023,-0.7410725951194763,2003_12_02.jpg,2003_12_02.jpg,filename_only,,,,,[],not_provided,,,14189939765c4c7c,,valid,valid,valid,0.5884790949060461,0.18243333333333334,0.798035,174,55
2003_12_08__63c475c311eb,2003-12-08,1,left_light,21.32257652282715,-13.7449951171875,1.4163649082183838,2003_12_08.jpg,2003_12_08.jpg,filename_only,,,,,[],not_provided,,,5cdd8ecc84e4ec71,,valid,valid,valid,0.6000448066313815,0.16921388888888889,0.798035,175,36
2003_12_10__d2c7f11b1906,2003-12-10,1,frontal,16.164230346679688,3.1382253170013428,0.3600868582725525,2003_12_10.jpg,2003_12_10.jpg,filename_only,,,,,[],not_provided,,,5f9e8c948c0c4942,,valid,valid,valid,0.6712033380940379,0.20261666666666667,0.798035,176,56
2003_12_11__b1ad7fbf66c4,2003-12-11,1,left_profile,33.28045654296875,-74.165771484375,-33.65264129638672,2003_12_11.jpg,2003_12_11.jpg,filename_only,,,,,[],not_provided,,,a743c3c3d3c36374,,valid,valid,valid,0.4758464252709401,0.20033945464663327,0.798035,177,19
2003_12_17__f3838b9918d0,2003-12-17,1,left_mid,14.564685821533203,-33.14042282104492,-1.5672870874404907,2003_12_17.jpg,2003_12_17.jpg,filename_only,,,,,[],not_provided,,,949c090d0c054143,,valid,valid,valid,0.6014170097174382,0.15048055555555556,0.798035,178,10
2003_12_17_2__646e3b729773,2003-12-17,2,left_profile,8.65354061126709,-58.750492095947266,-5.842772960662842,2003_12_17(2).jpg,2003_12_17(2).jpg,filename_only,,,,,[],not_provided,,,cc9cc4dcccc4e971,,valid,valid,valid,0.5087512951916884,0.19546944444444445,0.798035,179,20
2003_12_18__6e7a06b334c8,2003-12-18,1,left_profile,10.736917495727539,-71.1805648803711,-3.0236661434173584,2003_12_18.jpg,2003_12_18.jpg,filename_only,,,,,[],not_provided,,,e0ccdcccccc4e173,,valid,valid,valid,0.48438768937802795,0.15509722222222222,0.798035,180,21
2003_12_22__d3ff3240cafb,2003-12-22,1,left_mid,-1.0104204416275024,-27.105892181396484,-2.384047508239746,2003_12_22.jpg,2003_12_22.jpg,filename_only,,,,,[],not_provided,,,4c98c1c9c9d1c163,,valid,valid,valid,0.638046430871769,0.22288333333333332,0.798035,181,11
2003_12_29__6e55e906f65a,2003-12-29,1,left_profile,31.73191261291504,-62.945831298828125,-23.151718139648438,2003_12_29.jpg,2003_12_29.jpg,filename_only,,,,,[],not_provided,,,3c63c3858383061c,,valid,valid,valid,0.4839676272088269,0.1794638888888889,0.798035,182,22
2003_12_29_2__f26c9f860b64,2003-12-29,2,left_light,18.753206253051758,-17.137699127197266,-0.5242950916290283,2003_12_29 (2).jpg,2003_12_29 (2).jpg,filename_only,,,,,[],not_provided,,,4c9d8c8c84cc4164,,valid,valid,valid,0.6314094485983925,0.13861666666666667,0.798035,183,37
2003_12_31__74aef83c2fd7,2003-12-31,1,frontal,6.517218112945557,-9.62088394165039,-0.04239871725440025,2003_12_31.jpg,2003_12_31.jpg,filename_only,,,,,[],not_provided,,,9d9b9f960f8e8ec8,,valid,valid,valid,0.6897700859727239,0.23660335250942274,0.798035,184,57
2004_01_15__28173705e988,2004-01-15,1,frontal,12.070974349975586,-3.822765827178955,-0.21375684440135956,2004_01_15.jpg,2004_01_15.jpg,filename_only,,,,,[],not_provided,,,9c9c96968f8ee371,,valid,valid,valid,0.6818729171917444,0.2328921875,0.798035,185,58
2004_01_23__42ee2537f3a2,2004-01-23,1,right_mid,0.05475549027323723,38.04480743408203,2.0922422409057617,2004_01_23.jpg,2004_01_23.jpg,filename_only,,,,,[],not_provided,,,c7cfcecbcf4e7e76,,valid,valid,valid,0.5980565123638298,0.234996875,0.798035,186,8
2004_01_26__e9a5eaca0e31,2004-01-26,1,left_profile,7.83269739151001,-72.1733627319336,-8.371441841125488,2004_01_26.jpg,2004_01_26.jpg,filename_only,,,,,[],not_provided,,,4cdc44cccdc56101,,valid,valid,valid,0.4899605141560951,0.1357546875,0.798035,187,23
2004_01_27__a25ddd33096e,2004-01-27,1,left_light,23.98432731628418,-23.107044219970703,-4.787013053894043,2004_01_27.jpg,2004_01_27.jpg,filename_only,,,,,[],not_provided,,,949e8694c4cc6933,,valid,valid,valid,0.5862947716262007,0.22415625,0.798035,188,38
2004_02_06__06b777d982a2,2004-02-06,1,left_mid,24.319570541381836,-32.88080978393555,-2.5502848625183105,2004_02_06.jpg,2004_02_06.jpg,filename_only,,,,,[],not_provided,,,2e3c84ccc4cce9b3,,valid,valid,valid,0.5641714973816124,0.2107328125,0.798035,189,12
2004_02_09__19a06bf2631c,2004-02-09,1,left_deep,21.672922134399414,-40.68144607543945,-4.333970069885254,2004_02_09.jpg,2004_02_09.jpg,filename_only,,,,,[],not_provided,,,7e660e2a2b06ce4c,,valid,valid,valid,0.5505334789548854,0.266878125,0.798035,190,7
2004_02_09_2__b92a03fbeace,2004-02-09,2,frontal,25.14622688293457,-4.130910396575928,0.39580389857292175,2004_02_09 (2).jpg,2004_02_09 (2).jpg,filename_only,,,,,[],not_provided,,,9d9e948dcec44863,,valid,valid,valid,0.5730768153686746,0.20565625,0.798035,191,59
2004_02_16__84c032c40120,2004-02-16,1,left_light,18.51763153076172,-17.571409225463867,-0.18970732390880585,2004_02_16.jpg,2004_02_16.jpg,filename_only,,,,,[],not_provided,,,95968c8cc4c6ec38,,valid,valid,valid,0.5964602761208659,0.209753125,0.798035,192,39
2004_02_19__016e29713093,2004-02-19,1,left_deep,22.82591438293457,-43.915138244628906,-4.890509605407715,2004_02_19.jpg,2004_02_19.jpg,filename_only,,,,,[],not_provided,,,2c4d0f17078f8dc1,,valid,valid,valid,0.5293343414825394,0.243603125,0.798035,193,8
2004_03_01__052c5cad2781,2004-03-01,1,left_light,26.983976364135742,-11.694313049316406,7.881951808929443,2004_03_01.jpg,2004_03_01.jpg,filename_only,,,,,[],not_provided,,,0c8c6c6406866431,,valid,valid,valid,0.5707244672211488,0.2356828125,0.798035,194,40
2004_03_02__5dd6008ac77f,2004-03-02,1,left_light,26.405872344970703,-12.678821563720703,-11.41745662689209,2004_03_02.jpg,2004_03_02.jpg,filename_only,,,,,[],not_provided,,,cbc2c3830707068e,,valid,valid,valid,0.5645635554062001,0.2412265625,0.798035,195,41
2004_03_11__1ce398908998,2004-03-11,1,right_mid,20.773359298706055,34.02581024169922,-0.2561916410923004,2004_03_11.jpg,2004_03_11.jpg,filename_only,,,,,[],not_provided,,,d6839ec48c8c8c0c,,valid,valid,valid,0.5645635554062001,0.23686875,0.798035,196,9
2004_03_14__947c2936121a,2004-03-14,1,right_light,0.17996202409267426,21.659912109375,-11.194474220275879,2004_03_14.jpg,2004_03_14.jpg,filename_only,,,,,[],not_provided,,,cc4e361c341c0c29,,valid,valid,valid,0.6507323083816405,0.2736875,0.798035,197,26
2004_03_15__38143801542e,2004-03-15,1,frontal,21.863990783691406,-8.150954246520996,-14.633488655090332,2004_03_15.jpg,2004_03_15.jpg,filename_only,,,,,[],not_provided,,,c6ce8614cc8cc1f0,,valid,valid,valid,0.610098294547593,0.23419375,0.798035,198,60
2004_03_19__bee9b162d59b,2004-03-19,1,frontal,20.266996383666992,-2.2548396587371826,0.17735567688941956,2004_03_19.jpg,2004_03_19.jpg,filename_only,,,,,[],not_provided,,,8d9ed6d4cccc6931,,valid,valid,valid,0.6290571004508667,0.2357421875,0.798035,199,61
2004_03_23__9be530a0421e,2004-03-23,1,frontal,19.50372886657715,4.798000335693359,0.34417855739593506,2004_03_23.jpg,2004_03_23.jpg,filename_only,,,,,[],not_provided,,,47ce964c4c4c2933,,valid,valid,valid,0.6265647315802739,0.2110984375,0.798035,200,62
2004_04_14__59963e552494,2004-04-14,1,left_profile,4.442811489105225,-68.08971405029297,-4.153306484222412,2004_04_14.jpg,2004_04_14.jpg,filename_only,,,,,[],not_provided,,,cc5cc4dc84c5e121,,valid,valid,valid,0.4950572684757344,0.211303125,0.798035,201,24
2004_04_14_2__94ea1ed0423e,2004-04-14,2,frontal,11.225574493408203,8.80897045135498,0.1782902330160141,2004_04_14 (2).jpg,2004_04_14 (2).jpg,filename_only,,,,,[],not_provided,,,96968e9e8e8e8fb6,,valid,valid,valid,0.6647903889775687,0.1790796875,0.798035,202,63
2004_04_27__4d78f01e4b91,2004-04-27,1,frontal,16.314355850219727,7.694760799407959,-0.20813143253326416,2004_04_27.jpg,2004_04_27.jpg,filename_only,,,,,[],not_provided,,,848696848c8ca993,,valid,valid,valid,0.6441793385421042,0.2186015625,0.798035,203,64
2004_04_28__03ec6d98db76,2004-04-28,1,left_profile,59.78145980834961,-82.02526092529297,-49.066009521484375,2004_04_28.jpg,2004_04_28.jpg,filename_only,,,,,[],not_provided,,,9c1e178fc6c27131,,valid,valid,valid,0.4272312302220729,0.1287828125,0.798035,204,25
2004_05_09__dbc3329e1be3,2004-05-09,1,left_mid,2.745708465576172,-30.702146530151367,-1.6965982913970947,2004_05_09.jpg,2004_05_09.jpg,filename_only,,,,,[],not_provided,,,cc1e260616160e8d,,valid,valid,valid,0.5996807527514072,0.20546875,0.798035,205,13
2004_05_09_2__d9973e8f6a20,2004-05-09,2,frontal,16.442943572998047,-6.84207820892334,-0.002943704603239894,2004_05_09 (2).jpg,2004_05_09 (2).jpg,filename_only,,,,,[],not_provided,,,8e9666e28387070e,,valid,valid,valid,0.6190596208238819,0.2281578125,0.798035,206,65
2004_05_18__df8bec57cdb1,2004-05-18,1,frontal,10.578813552856445,7.305858612060547,3.530059814453125,2004_05_18.jpg,2004_05_18.jpg,filename_only,,,,,[],not_provided,,,9693870fcbcf4f7f,,valid,valid,valid,0.6606737797193984,0.287215625,0.798035,207,66
2004_06_17__4a6e779152c8,2004-06-17,1,frontal,16.278120040893555,-2.764690399169922,0.2032906413078308,2004_06_17.jpg,2004_06_17.jpg,filename_only,,,,,[],not_provided,,,9d9fcf0f0f0f0b5b,,valid,valid,valid,0.627404855918676,0.1765578125,0.798035,208,67
2004_06_27__cc70cd2e5e3d,2004-06-27,1,left_light,9.05544376373291,-24.823074340820312,-4.13296365737915,2004_06_27.jpg,2004_06_27.jpg,filename_only,,,,,[],not_provided,,,9c19494d0dcdc993,,valid,valid,valid,0.6250525077711502,0.18678611111111112,0.798035,209,42
2004_07_16__b2d1a833108e,2004-07-16,1,right_profile,-35.37067413330078,65.56786346435547,-38.2918815612793,2004_07_16.jpg,2004_07_16.jpg,filename_only,,,,,[],not_provided,,,6c86968e8f9f9e0d,,valid,valid,valid,0.495169285054188,0.16798333333333335,0.798035,210,16
2004_07_26__080eacd6ad29,2004-07-26,1,right_profile,26.018634796142578,72.52680206298828,18.70459747314453,2004_07_26.jpg,2004_07_26.jpg,filename_only,,,,,[],not_provided,,,16868bc7ce4ef8b8,,valid,valid,valid,0.48239939511047636,0.18026944444444445,0.798035,211,17
2004_08_10__dfc14e30da32,2004-08-10,1,frontal,19.485620498657227,2.9419381618499756,-0.2181616723537445,2004_08_10.jpg,2004_08_10.jpg,filename_only,,,,,[],not_provided,,,8686960c0c8c8989,,valid,valid,valid,0.6170433224117169,0.2222328125,0.798035,212,68
2004_08_23__e9588d298ca3,2004-08-23,1,left_profile,11.626801490783691,-59.217552185058594,-3.1362924575805664,2004_08_23.jpg,2004_08_23.jpg,filename_only,,,,,[],not_provided,,,9c3ec79f8747461d,,valid,valid,valid,0.5113276764961214,0.205,0.798035,213,26
2004_09_21__e9b0fa586f1f,2004-09-21,1,left_light,3.489403247833252,-23.18279266357422,-1.761581301689148,2004_09_21.jpg,2004_09_21.jpg,filename_only,,,,,[],not_provided,,,48c2113919191333,,valid,valid,valid,0.6353580329888824,0.1636,0.798035,214,43
2004_09_24__b548f1ec1542,2004-09-24,1,frontal,7.1086554527282715,-3.2356197834014893,-6.406839847564697,2004_09_24.jpg,2004_09_24.jpg,filename_only,,,,,[],not_provided,,,d6574707070f0f4b,,valid,valid,valid,0.6965750931137809,0.19296875,0.798035,215,69
2004_09_28__a2845eed8e20,2004-09-28,1,right_light,12.168548583984375,12.553712844848633,-0.977754533290863,2004_09_28.jpg,2004_09_28.jpg,filename_only,,,,,[],not_provided,,,b494e069606c6431,,valid,valid,valid,0.6366182194964854,0.22948055555555555,0.798035,216,27
2004_09_29__ab8f3165a628,2004-09-29,1,frontal,17.013158798217773,-2.068840980529785,0.045973148196935654,2004_09_29.jpg,2004_09_29.jpg,filename_only,,,,,[],not_provided,,,969696934f4e466e,,valid,valid,valid,0.6473438068834187,0.263846875,0.798035,217,70
2004_10_14__cd7db802b64f,2004-10-14,1,left_profile,23.903867721557617,-57.46768569946289,-15.502071380615234,2004_10_14.jpg,2004_10_14.jpg,filename_only,,,,,[],not_provided,,,be74d1c5e7c3e73c,,valid,valid,valid,0.5033744994259151,0.25001666666666666,0.798035,218,27
2004_10_17__6b146d1e833e,2004-10-17,1,left_mid,6.081577301025391,-32.52779769897461,-6.150498867034912,2004_10_17.jpg,2004_10_17.jpg,filename_only,,,,,[],not_provided,,,1c2409029a800939,,valid,valid,valid,0.6032092749726959,0.2725722222222222,0.798035,219,14
2004_10_26__4dbe59fdf8a0,2004-10-26,1,left_light,20.183528900146484,-23.52216339111328,3.0667941570281982,2004_10_26.jpg,2004_10_26.jpg,filename_only,,,,,[],not_provided,,,bcbc261111030f8b,,valid,valid,valid,0.578733652580582,0.23585277777777777,0.798035,220,44
2004_11_21__f960ff2a830e,2004-11-21,1,frontal,3.253406524658203,5.930360317230225,-0.16159991919994354,2004_11_21.jpg,2004_11_21.jpg,filename_only,,,,,[],not_provided,,,b669e9d4ceca8e4c,,valid,valid,valid,0.6962950516676468,0.3501109375,0.798035,221,71
2004_12_23__ab22d211e657,2004-12-23,1,frontal,16.07237434387207,-4.074063301086426,-0.29264840483665466,2004_12_23.jpg,2004_12_23.jpg,filename_only,,,,,[],not_provided,,,96fe5cecac9cdc61,,valid,valid,valid,0.6585734688733933,0.287915625,0.798035,222,72
2004_12_27__875de4f63a82,2004-12-27,1,right_profile,-24.040447235107422,83.84801483154297,-28.22477912902832,2004_12_27.jpg,2004_12_27.jpg,filename_only,,,,,[],not_provided,,,cf871f1f1f1f1634,,valid,valid,valid,0.4616203198073315,0.156209375,0.798035,223,18
2005_01_18__0042b13a8b29,2005-01-18,1,left_profile,20.055322647094727,-64.2727279663086,-22.415157318115234,2005_01_18.jpg,2005_01_18.jpg,filename_only,,,,,[],not_provided,,,9cbe078e06266d0d,,valid,valid,valid,0.49169677112212606,0.1665546875,0.798035,224,28
2005_02_07__564b48fe2382,2005-02-07,1,frontal,16.607744216918945,-2.818121910095215,-0.05206236615777016,2005_02_07.jpg,2005_02_07.jpg,filename_only,,,,,[],not_provided,,,149cc9e0cc4c6933,,valid,valid,valid,0.6397826878378,0.2186859375,0.798035,225,73
2005_02_24__ae160cd303b3,2005-02-24,1,frontal,15.534034729003906,-8.03889274597168,0.17116688191890717,2005_02_24.jpg,2005_02_24.jpg,filename_only,,,,,[],not_provided,,,bcf879ecfcdcddeb,,valid,valid,valid,0.656053095858187,0.2557796875,0.798035,226,74
2005_03_02__6c7ab484ec6a,2005-03-02,1,right_light,15.280716896057129,12.818431854248047,6.436808109283447,2005_03_02.jpg,2005_03_02.jpg,filename_only,,,,,[],not_provided,,,c2cf466a6a4f4f67,,valid,valid,valid,0.6266767481587275,0.2785222222222222,0.798035,227,28
2005_03_09__36368dfc23f9,2005-03-09,1,left_light,15.703680038452148,-16.384756088256836,-1.4337074756622314,2005_03_09.jpg,2005_03_09.jpg,filename_only,,,,,[],not_provided,,,94978e8cd4c4ccf0,,valid,valid,valid,0.6359741241703772,0.19376666666666667,0.798035,228,45
2005_03_24__9506c80cf64c,2005-03-24,1,right_mid,14.947094917297363,27.23243522644043,-16.98543930053711,2005_03_24.jpg,2005_03_24.jpg,filename_only,,,,,[],not_provided,,,064b9783b6be9cdc,,valid,valid,valid,0.6029852418157887,0.2472296173044925,0.798035,229,10
2005_04_10__1805ec77ee6b,2005-04-10,1,frontal,4.643571376800537,7.347113609313965,1.6356534957885742,2005_04_10.jpg,2005_04_10.jpg,filename_only,,,,,[],not_provided,,,84962864064e2c1e,,valid,valid,valid,0.678232378392002,0.173025,0.798035,230,75
2005_05_01__6dfbdcfbb01e,2005-05-01,1,frontal,9.388736724853516,0.4738411605358124,-0.18159401416778564,2005_05_01.jpg,2005_05_01.jpg,filename_only,,,,,[],not_provided,,,94d8f87c7c4c7939,,valid,valid,valid,0.6664146293651461,0.2031453125,0.798035,231,76
2005_05_05__393a645caad4,2005-05-05,1,right_mid,11.283591270446777,28.2685604095459,-0.855500340461731,2005_05_05.jpg,2005_05_05.jpg,filename_only,,,,,[],not_provided,,,2e766844c4cc6cf9,,valid,valid,valid,0.6025651796465877,0.24325390093035412,0.798035,232,11
2005_05_08__ebecb32e98dc,2005-05-08,1,right_light,10.702499389648438,14.517046928405762,0.2648696005344391,2005_05_08.jpg,2005_05_08.jpg,filename_only,,,,,[],not_provided,,,99cd9c8edede6e7a,,valid,valid,valid,0.6363661821949649,0.19168125,0.798035,233,29
2005_05_10__4cf472db10cb,2005-05-10,1,right_light,8.942646980285645,12.780917167663574,-5.769245624542236,2005_05_10.jpg,2005_05_10.jpg,filename_only,,,,,[],not_provided,,,969ebef4fcdcfc7c,,valid,valid,valid,0.6444873841328517,0.2872140625,0.798035,234,30
2005_05_23__a8046efca054,2005-05-23,1,frontal,17.665966033935547,-6.902535438537598,0.40405967831611633,2005_05_23.jpg,2005_05_23.jpg,filename_only,,,,,[],not_provided,,,3c3969f8dcdc5c79,,valid,valid,valid,0.6354980537119493,0.28165625,0.798035,235,77
2005_06_20__040592507b95,2005-06-20,1,right_profile,-54.41893768310547,77.82360076904297,-60.837406158447266,2005_06_20.jpg,2005_06_20.jpg,filename_only,,,,,[],not_provided,,,e2c4e4ccf0f47033,,valid,valid,valid,0.4660169705116357,0.2086140625,0.798035,236,19
2005_06_21__aa12a29a8d0a,2005-06-21,1,right_profile,11.4844970703125,50.5255241394043,-7.2650675773620605,2005_06_21.jpg,2005_06_21.jpg,filename_only,,,,,[],not_provided,,,cbc38f0e0a1e1a4f,,valid,valid,valid,0.5484891763981069,0.2345734375,0.798035,237,20
2005_06_26__eab5fa8c2753,2005-06-26,1,left_light,20.18360137939453,-18.470848083496094,0.026638057082891464,2005_06_26.jpg,2005_06_26.jpg,filename_only,,,,,[],not_provided,,,9c9e0c9ccdccc972,,valid,valid,valid,0.6074098966647064,0.2170515625,0.798035,238,46
2005_06_28__422c53a1b9ba,2005-06-28,1,frontal,10.901834487915039,-7.239691734313965,-0.22311313450336456,2005_06_28.jpg,2005_06_28.jpg,filename_only,,,,,[],not_provided,,,96968d9f8e8ecdd2,,valid,valid,valid,0.6749558934722338,0.2027328125,0.798035,239,78
2005_07_01__a9a683c93961,2005-07-01,1,right_profile,-7.519804000854492,63.65873336791992,-8.918877601623535,2005_07_01.jpg,2005_07_01.jpg,filename_only,,,,,[],not_provided,,,c3839f0e0e1e194f,,valid,valid,valid,0.5069030216472038,0.2334484375,0.798035,240,21
2005_07_02__a866f566a8d2,2005-07-02,1,right_mid,9.5867280960083,39.463050842285156,3.3864471912384033,2005_07_02.jpg,2005_07_02.jpg,filename_only,,,,,[],not_provided,,,a6425e264f3f2f7f,,valid,valid,valid,0.5729087905009942,0.255325,0.798035,241,12
2005_07_06__f48be7fb54aa,2005-07-06,1,left_light,17.1441650390625,-13.059057235717773,-2.4369823932647705,2005_07_06.jpg,2005_07_06.jpg,filename_only,,,,,[],not_provided,,,4e9686cce9cc6971,,valid,valid,valid,0.6247724663250162,0.17840625,0.798035,242,47
2005_07_25__d7f208557884,2005-07-25,1,frontal,11.127694129943848,6.9643168449401855,-3.0349645614624023,2005_07_25.jpg,2005_07_25.jpg,filename_only,,,,,[],not_provided,,,c2b2b36366c78e4c,,valid,valid,valid,0.663558206614579,0.1710140625,0.798035,243,79
2005_08_02__f50c3a33835f,2005-08-02,1,frontal,19.1260986328125,3.6934571266174316,0.12987743318080902,2005_08_02.jpg,2005_08_02.jpg,filename_only,,,,,[],not_provided,,,5233383b3b3f3e3e,,valid,valid,valid,0.6245764373127223,0.281278125,0.798035,244,80
2005_08_03__546c43ac61d8,2005-08-03,1,left_mid,22.008771896362305,-28.163129806518555,-1.8981542587280273,2005_08_03.jpg,2005_08_03.jpg,filename_only,,,,,[],not_provided,,,d8614050c0c2060c,,valid,valid,valid,0.5818421126326696,0.241234375,0.798035,245,15
2005_08_26__13a78f673740,2005-08-26,1,frontal,7.859105587005615,-2.399074077606201,-0.09124662727117538,2005_08_26.jpg,2005_08_26.jpg,filename_only,,,,,[],not_provided,,,963879dcecccc431,,valid,valid,valid,0.6872777171021311,0.294521875,0.798035,246,81
2005_08_26_2__13215e7a1a49,2005-08-26,2,frontal,22.555736541748047,3.719546318054199,-0.06266036629676819,2005_08_26 (2).jpg,2005_08_26 (2).jpg,filename_only,,,,,[],not_provided,,,549ecef86c4ce991,,valid,valid,valid,0.601613038729732,0.195109375,0.798035,247,82
2005_09_03__e377b3477c75,2005-09-03,1,frontal,14.418973922729492,-3.8867480754852295,-7.6894402503967285,2005_09_03.jpg,2005_09_03.jpg,filename_only,,,,,[],not_provided,,,4646ce960f8f0133,,valid,valid,valid,0.6701391805987286,0.1685611111111111,0.798035,248,83
2005_09_05__a2c4a4e50d14,2005-09-05,1,right_deep,19.219404220581055,46.71995162963867,-1.5999059677124023,2005_09_05.jpg,2005_09_05.jpg,filename_only,,,,,[],not_provided,,,e2c38b8f0f1f1e1e,,valid,valid,valid,0.5380436304573076,0.199275,0.798035,249,5
2005_09_05_2__91f474351a6a,2005-09-05,2,left_light,14.275562286376953,-18.126985549926758,-1.476908564567566,2005_09_05 (2).jpg,2005_09_05 (2).jpg,filename_only,,,,,[],not_provided,,,48ac8d2d0c0c0c0c,,valid,valid,valid,0.6302052703800163,0.2603722222222222,0.798035,250,48
2005_09_07__187cfa48eb96,2005-09-07,1,left_profile,25.35779571533203,-61.58525848388672,-3.1913936138153076,2005_09_07.jpg,2005_09_07.jpg,filename_only,,,,,[],not_provided,,,9e2e0a8687c74606,,valid,valid,valid,0.48517180542720323,0.20391944444444443,0.798035,251,29
2005_09_07_2__b6996f35ca3e,2005-09-07,2,left_deep,20.554180145263672,-44.276329040527344,-2.4389939308166504,2005_09_07 (2).jpg,2005_09_07 (2).jpg,filename_only,,,,,[],not_provided,,,cb5b9e074e866663,,valid,valid,valid,0.5489372427119213,0.14658333333333334,0.798035,252,9
2005_09_15__0aa22f265047,2005-09-15,1,frontal,21.653656005859375,6.120600700378418,-1.0219566822052002,2005_09_15.jpg,2005_09_15.jpg,filename_only,,,,,[],not_provided,,,0d4646048c0e4e6c,,valid,valid,valid,0.6339578257582122,0.20099166666666668,0.798035,253,84
2005_09_16__4430149eddc2,2005-09-16,1,right_profile,20.325889587402344,62.74468231201172,15.439433097839355,2005_09_16.jpg,2005_09_16.jpg,filename_only,,,,,[],not_provided,,,38098f968e8d43c3,,valid,valid,valid,0.4950852726203478,0.09640277777777778,0.798035,254,22
2005_09_26__9cd7dc4f3c58,2005-09-26,1,left_light,23.53423500061035,-13.65292739868164,1.7424559593200684,2005_09_26.jpg,2005_09_26.jpg,filename_only,,,,,[],not_provided,,,5c9e869dc5476da5,,valid,valid,valid,0.5753451510823602,0.21766666666666667,0.798035,255,49
2005_10_03__36c36c91e283,2005-10-03,1,left_light,12.074172019958496,-19.313072204589844,2.0036427974700928,2005_10_03.jpg,2005_10_03.jpg,filename_only,,,,,[],not_provided,,,5cdc9e8e8e87868e,,valid,valid,valid,0.6241003668542945,0.1799611111111111,0.798035,256,50
2005_10_05__bce8361b3016,2005-10-05,1,frontal,12.585402488708496,9.184065818786621,-0.43617522716522217,2005_10_05.jpg,2005_10_05.jpg,filename_only,,,,,[],not_provided,,,94d9c9cdcdc97094,,valid,valid,valid,0.6617659413593212,0.18333333333333332,0.798035,257,85
2005_10_25__348bc2e79c0e,2005-10-25,1,frontal,8.042797088623047,-4.382420539855957,0.25188979506492615,2005_10_25.jpg,2005_10_25.jpg,filename_only,,,,,[],not_provided,,,95d85c54cc4c6872,,valid,valid,valid,0.6754039597860483,0.2325953125,0.798035,258,86
2005_11_21__8cb2691d7e6b,2005-11-21,1,right_profile,22.415184020996094,54.06586456298828,1.4236605167388916,2005_11_21.jpg,2005_11_21.jpg,filename_only,,,,,[],not_provided,,,abe371f5676f6f3f,,valid,valid,valid,0.5193368618555546,0.18528055555555556,0.798035,259,23
2005_12_03__71a53ef0cf2b,2005-12-03,1,right_profile,32.53876495361328,56.999839782714844,17.483551025390625,2005_12_03.jpg,2005_12_03.jpg,filename_only,,,,,[],not_provided,,,83dd6e4a8e8c9891,,valid,valid,valid,0.4992858943123582,0.23176388888888888,0.798035,260,24
2005_12_09__5e4b9f0986d1,2005-12-09,1,left_mid,29.1090087890625,-28.58343505859375,-1.261841893196106,2005_12_09.jpg,2005_12_09.jpg,filename_only,,,,,[],not_provided,,,cdcd86cc6464351b,,valid,valid,valid,0.5507855162564059,0.12784722222222222,0.798035,261,16
2005_12_13__e230f5f1edf3,2005-12-13,1,left_profile,9.52544116973877,-51.79264450073242,2.6223878860473633,2005_12_13.jpg,2005_12_13.jpg,filename_only,,,,,[],not_provided,,,499f278f0f0f0e0d,,valid,valid,valid,0.5392198045310705,0.18292777777777777,0.798035,262,30
2005_12_19__3bf206b6ace9,2005-12-19,1,frontal,15.153672218322754,0.2862062454223633,0.09027940779924393,2005_12_19.jpg,2005_12_19.jpg,filename_only,,,,,[],not_provided,,,5e96c6684e4e4e6e,,valid,valid,valid,0.657509311378084,0.2494140625,0.798035,263,87
2006_01_07__8b5e0825527e,2006-01-07,1,frontal,6.69649600982666,4.42547082901001,-1.2702702283859253,2006_01_07.jpg,2006_01_07.jpg,filename_only,,,,,[],not_provided,,,86863896df4e6d34,,valid,valid,valid,0.6772242291859195,0.17401388888888888,0.798035,264,88
2006_01_25__2a1167a83284,2006-01-25,1,right_mid,12.374082565307617,31.184326171875,0.5925694704055786,2006_01_25.jpg,2006_01_25.jpg,filename_only,,,,,[],not_provided,,,a6564c4e4f5d6d7b,,valid,valid,valid,0.5978884874961494,0.22932222222222223,0.798035,265,13
2006_01_26__7b72f1ffdb95,2006-01-26,1,left_profile,20.440446853637695,-61.161808013916016,-9.672310829162598,2006_01_26.jpg,2006_01_26.jpg,filename_only,,,,,[],not_provided,,,784c160e0e4e0c90,,valid,valid,valid,0.49558934722338904,0.20061666666666667,0.798035,266,31
2006_01_31__f4e995c0741b,2006-01-31,1,left_light,19.477615356445312,-15.856071472167969,1.057721734046936,2006_01_31.jpg,2006_01_31.jpg,filename_only,,,,,[],not_provided,,,96201084f48282c2,,valid,valid,valid,0.5964882802654793,0.3789607517965727,0.798035,267,51
2006_02_07__481d62d910c0,2006-02-07,1,right_light,13.952726364135742,17.908546447753906,0.2244132161140442,2006_02_07.jpg,2006_02_07.jpg,filename_only,,,,,[],not_provided,,,86c68c8d959c8cc8,,valid,valid,valid,0.6156991234702736,0.2391068447412354,0.798035,268,31
2006_02_17__be5dce7c558e,2006-02-17,1,right_profile,-18.383445739746094,65.42577362060547,-10.306816101074219,2006_02_17.jpg,2006_02_17.jpg,filename_only,,,,,[],not_provided,,,03161e0f4b0f8e0f,,valid,valid,valid,0.49889383628777056,0.400025,0.798035,269,25
2006_02_20__9a65fe50a7be,2006-02-20,1,frontal,19.01953125,-6.963222980499268,-13.318324089050293,2006_02_20.jpg,2006_02_20.jpg,filename_only,,,,,[],not_provided,,,568bc6e2898e9d59,,valid,valid,valid,0.6282169761124646,0.2813777777777778,0.798035,270,89
2006_03_02__6ec556c0b665,2006-03-02,1,right_profile,-21.310739517211914,73.12809753417969,-21.292543411254883,2006_03_02.jpg,2006_03_02.jpg,filename_only,,,,,[],not_provided,,,990f372fdf1b1b7b,,valid,valid,valid,0.48559186759640427,0.2213046875,0.798035,271,26
2006_03_07__aa8c2afbaba3,2006-03-07,1,left_profile,-19.298690795898438,-75.18335723876953,16.986164093017578,2006_03_07.jpg,2006_03_07.jpg,filename_only,,,,,[],not_provided,,,3e3f878f85e6e661,,valid,valid,valid,0.4818113080735949,0.2096703125,0.798035,272,32
2006_03_10__1d789027213c,2006-03-10,1,right_profile,-20.285598754882812,68.93578338623047,-27.988800048828125,2006_03_10.jpg,2006_03_10.jpg,filename_only,,,,,[],not_provided,,,9e921cd6de7e7819,,valid,valid,valid,0.49152874625444565,0.21375625,0.798035,273,27
2006_03_16__cf1326d40c93,2006-03-16,1,right_mid,21.26175308227539,38.24855041503906,0.9477881789207458,2006_03_16.jpg,2006_03_16.jpg,filename_only,,,,,[],not_provided,,,c28b8f66fc7c6c39,,valid,valid,valid,0.5543140384776947,0.24675,0.798035,274,14
2006_03_22__c9a23453b4d0,2006-03-22,1,left_light,15.406227111816406,-10.603683471679688,0.18014569580554962,2006_03_22.jpg,2006_03_22.jpg,filename_only,,,,,[],not_provided,,,96c6ce8e06c6cca9,,valid,valid,valid,0.6412108992130835,0.2382638888888889,0.798035,275,52
2006_03_24__6004aee2873f,2006-03-24,1,left_mid,25.77167510986328,-29.262001037597656,2.724400520324707,2006_03_24.jpg,2006_03_24.jpg,filename_only,,,,,[],not_provided,,,7a2c2d19040c0942,,valid,valid,valid,0.5535859307177462,0.18626944444444443,0.798035,276,17
2006_03_31__b77a22a617fa,2006-03-31,1,frontal,19.540218353271484,0.36244696378707886,0.005759983789175749,2006_03_31.jpg,2006_03_31.jpg,filename_only,,,,,[],not_provided,,,9c6d5d174fcd5cca,,valid,valid,valid,0.6423310649976196,0.23673599556295064,0.798035,277,90
2006_04_03__f79f36a311f9,2006-04-03,1,left_light,22.269912719726562,-18.92102813720703,-2.6720592975616455,2006_04_03.jpg,2006_04_03.jpg,filename_only,,,,,[],not_provided,,,9c9e8e1c44c44ce9,,valid,valid,valid,0.5870508835307625,0.216775,0.798035,278,53
2006_04_06__5ca7d36e8550,2006-04-06,1,left_light,19.416194915771484,-22.769916534423828,-3.150529384613037,2006_04_06.jpg,2006_04_06.jpg,filename_only,,,,,[],not_provided,,,991d8e0c06060c9c,,valid,valid,valid,0.5958721890839844,0.21374722222222223,0.798035,279,54
2006_04_14__a417f4c47f9e,2006-04-14,1,left_mid,9.76926040649414,-34.384674072265625,1.7354967594146729,2006_04_14.jpg,2006_04_14.jpg,filename_only,,,,,[],not_provided,,,214cd4426b6346d6,,valid,valid,valid,0.5978324792069226,0.17590277777777777,0.798035,280,18
2006_04_23__215b30913b01,2006-04-23,1,right_mid,5.396981716156006,32.5750846862793,0.8214064240455627,2006_04_23.jpg,2006_04_23.jpg,filename_only,,,,,[],not_provided,,,2c879f9f9f9f8dc9,,valid,valid,valid,0.6104903525721807,0.20428333333333334,0.798035,281,15
2006_04_24__0b6586d9d501,2006-04-24,1,left_profile,7.484884738922119,-66.70353698730469,0.8463433384895325,2006_04_24.jpg,2006_04_24.jpg,filename_only,,,,,[],not_provided,,,3c368f9d8f87e7e3,,valid,valid,valid,0.4891483939623064,0.22545,0.798035,282,33
2006_04_24_2__d9392a8c6bb9,2006-04-24,2,right_light,12.837311744689941,13.459949493408203,-0.5019140839576721,2006_04_24 (2).jpg,2006_04_24 (2).jpg,filename_only,,,,,[],not_provided,,,bf94cc8c8f8e8cc8,,valid,valid,valid,0.6552969839536251,0.19004166666666666,0.798035,283,32
2006_04_24_3__ef00913bfc03,2006-04-24,3,frontal,15.184491157531738,3.717869520187378,-0.22875498235225677,2006_04_24 (3).jpg,2006_04_24 (3).jpg,filename_only,,,,,[],not_provided,,,d3ced6564e4eed79,,valid,valid,valid,0.6638942563499398,0.236628125,0.798035,284,91
2006_05_07__796c8c065286,2006-05-07,1,right_profile,-31.477935791015625,71.79582214355469,-27.538829803466797,2006_05_07.jpg,2006_05_07.jpg,filename_only,,,,,[],not_provided,,,0e663c6ede191b86,,valid,valid,valid,0.48542384272872385,0.2245015625,0.798035,285,28
2006_05_13__6f67b56ccf84,2006-05-13,1,frontal,18.555744171142578,-6.120993137359619,1.6013950109481812,2006_05_13.jpg,2006_05_13.jpg,filename_only,,,,,[],not_provided,,,949c9c940e0c0c49,,valid,valid,valid,0.6333137304321039,0.21657222222222222,0.798035,286,92
2006_05_13_2__14e10233ee17,2006-05-13,2,right_mid,17.736780166625977,39.17671203613281,3.7438766956329346,2006_05_13 (2).jpg,2006_05_13 (2).jpg,filename_only,,,,,[],not_provided,,,c6969e8e8f9e8f88,,valid,valid,valid,0.5618751575233134,0.2517277777777778,0.798035,287,16
2006_05_31__99a3b92e0247,2006-05-31,1,right_deep,14.745078086853027,43.33828353881836,3.017613649368286,2006_05_31.jpg,2006_05_31.jpg,filename_only,,,,,[],not_provided,,,a686990c0c0c0c11,,valid,valid,valid,0.5465568904197822,0.21558333333333332,0.798035,288,6
2006_06_02__32b62d453508,2006-06-02,1,right_mid,11.839462280273438,27.373659133911133,5.019940376281738,2006_06_02.jpg,2006_06_02.jpg,filename_only,,,,,[],not_provided,,,968ba3d4d6d6c4ec,,valid,valid,valid,0.610378335993727,0.370675,0.798035,289,17
2006_06_02_2__458b8e8ca007,2006-06-02,2,frontal,14.388315200805664,1.539382815361023,2.7180707454681396,2006_06_02 (2).jpg,2006_06_02 (2).jpg,filename_only,,,,,[],not_provided,,,cec6c6ce4e46c666,,valid,valid,valid,0.6622980201069758,0.21181388888888888,0.798035,290,93
2006_06_05__9973ea65f274,2006-06-05,1,frontal,25.156986236572266,4.323793411254883,3.054605484008789,2006_06_05.jpg,2006_06_05.jpg,filename_only,,,,,[],not_provided,,,965686986a464624,,valid,valid,valid,0.5806099302696799,0.2491361111111111,0.798035,291,94
2006_06_09__11ae64f02791,2006-06-09,1,left_light,18.998397827148438,-24.32428741455078,-2.7464020252227783,2006_06_09.jpg,2006_06_09.jpg,filename_only,,,,,[],not_provided,,,9c9e8c98c4cc6930,,valid,valid,valid,0.6173233638578509,0.22711666666666666,0.798035,292,55
2006_06_12__430264472645,2006-06-12,1,right_profile,-6.336564064025879,68.76792907714844,-16.57223129272461,2006_06_12.jpg,2006_06_12.jpg,filename_only,,,,,[],not_provided,,,079193431c989859,,valid,valid,valid,0.5000420062169201,0.31960555555555553,0.798035,293,29
2006_06_20__8051fb59747c,2006-06-20,1,left_mid,30.834436416625977,-37.55743408203125,-5.088728904724121,2006_06_20.jpeg,2006_06_20.jpeg,filename_only,,,,,[],not_provided,,,3427062ec6c6c6ce,,valid,valid,valid,0.5326948388361478,0.22953420516593348,0.798035,294,19
2006_06_23__1ab0f528e347,2006-06-23,1,frontal,19.866525650024414,-2.965965986251831,-1.6961541175842285,2006_06_23.jpg,2006_06_23.jpg,filename_only,,,,,[],not_provided,,,a4b4c9e98f8e0e8c,,valid,valid,valid,0.6253605533618976,0.2441638888888889,0.798035,295,95
2006_06_27__176d4af00210,2006-06-27,1,frontal,19.643169403076172,1.23360013961792,-2.4405481815338135,2006_06_27.jpg,2006_06_27.jpg,filename_only,,,,,[],not_provided,,,8d979e9e0f8e8f99,,valid,valid,valid,0.632137556358341,0.1668388888888889,0.798035,296,96
2006_07_01__04172c9096f4,2006-07-01,1,frontal,17.33548927307129,3.1087284088134766,-1.558580994606018,2006_07_01.jpg,2006_07_01.jpg,filename_only,,,,,[],not_provided,,,2aceccc4ccccbcb0,,valid,valid,valid,0.6705592427679297,0.16607777777777777,0.798035,297,97
2006_07_05__7358a8751dac,2006-07-05,1,left_profile,13.873854637145996,-61.464542388916016,21.818012237548828,2006_07_05.jpg,2006_07_05.jpg,filename_only,,,,,[],not_provided,,,3c6c468da382c64e,,valid,valid,valid,0.5024223585090594,0.22130277777777776,0.798035,298,34
2006_07_14__17aab6062ef7,2006-07-14,1,frontal,14.161320686340332,-0.3599343001842499,1.989933729171753,2006_07_14.jpg,2006_07_14.jpg,filename_only,,,,,[],not_provided,,,5b5b1315258383c3,,valid,valid,valid,0.655212971519785,0.3559555555555556,0.798035,299,98
2006_07_15__1090d2b5f85f,2006-07-15,1,frontal,11.776656150817871,0.2838415205478668,0.32672080397605896,2006_07_15.jpg,2006_07_15.jpg,filename_only,,,,,[],not_provided,,,9696d6879386466d,,valid,valid,valid,0.6962950516676468,0.17429444444444445,0.798035,300,99
2006_07_16__2517e193f725,2006-07-16,1,right_profile,-33.022979736328125,73.3852310180664,-30.305715560913086,2006_07_16.jpg,2006_07_16.jpg,filename_only,,,,,[],not_provided,,,9a6060d46c7a8b03,,valid,valid,valid,0.48727211627320843,0.1491361111111111,0.798035,301,30
2006_07_16_2__efc13ad2ee62,2006-07-16,2,left_profile,-11.65600872039795,-63.87413024902344,13.128181457519531,2006_07_16 (2).jpg,2006_07_16 (2).jpg,filename_only,,,,,[],not_provided,,,9c1e27071f87a6e9,,valid,valid,valid,0.505250777115013,0.19419444444444445,0.798035,302,35
2006_07_17__bd3357ab45e5,2006-07-17,1,left_profile,-48.92047119140625,-75.11538696289062,60.24395751953125,2006_07_17.jpg,2006_07_17.jpg,filename_only,,,,,[],not_provided,,,9838ec8c8496c410,,valid,valid,valid,0.4736901061357081,0.16480833333333333,0.798035,303,36
2006_07_17_2__8502454a4dab,2006-07-17,2,left_profile,-34.628631591796875,-68.5030746459961,35.413230895996094,2006_07_17 (2).jpg,2006_07_17 (2).jpg,filename_only,,,,,[],not_provided,,,cc987cccc78524cc,,valid,valid,valid,0.4918367918451931,0.16185865331107402,0.798035,304,37
2006_07_17_3__c6594c0fd18c,2006-07-17,3,left_profile,9.322900772094727,-62.023101806640625,-3.3908629417419434,2006_07_17 (3).jpg,2006_07_17 (3).jpg,filename_only,,,,,[],not_provided,,,ccf869c9cd48ec27,,valid,valid,valid,0.5018062673275645,0.14487222222222224,0.798035,305,38
2006_07_17_4__a72c3a9e7256,2006-07-17,4,left_profile,-28.581892013549805,-89.49755859375,41.280025482177734,2006_07_17 (4).jpg,2006_07_17 (4).jpg,filename_only,,,,,[],not_provided,,,c89838c4c4d0d0f4,,valid,valid,valid,0.44154134811952167,0.12819166666666668,0.798035,306,39
2006_07_18__ecc0a7c756a7,2006-07-18,1,right_light,18.51387596130371,16.441484451293945,0.19942998886108398,2006_07_18.jpg,2006_07_18.jpg,filename_only,,,,,[],not_provided,,,c68e8e048ccc69b1,,valid,valid,valid,0.5980845165084433,0.2021638888888889,0.798035,307,33
2006_07_21__0ea3f95b91e5,2006-07-21,1,left_mid,22.526601791381836,-39.46620559692383,3.2672200202941895,2006_07_21.jpg,2006_07_21.jpg,filename_only,,,,,[],not_provided,,,7c5e161e1a424684,,valid,valid,valid,0.561287070486432,0.27321944444444446,0.798035,308,20
2006_07_24__8adffa159faa,2006-07-24,1,left_light,15.120110511779785,-18.91538429260254,-3.5052523612976074,2006_07_24.jpg,2006_07_24.jpg,filename_only,,,,,[],not_provided,,,4c9e8e0e84c46cf0,,valid,valid,valid,0.6428631437452743,0.19721666666666668,0.798035,309,56
2006_07_25__f3617aa491a1,2006-07-25,1,frontal,22.847620010375977,4.097662925720215,-0.09740425646305084,2006_07_25.jpg,2006_07_25.jpg,filename_only,,,,,[],not_provided,,,9686c44c4c466c39,,valid,valid,valid,0.5878349995799378,0.2318015625,0.798035,310,100
2006_07_27__d0eb6b8bfd99,2006-07-27,1,frontal,15.695903778076172,4.908871173858643,-1.2673463821411133,2006_07_27.jpg,2006_07_27.jpg,filename_only,,,,,[],not_provided,,,46464e850d4d7973,,valid,valid,valid,0.6375143521241143,0.16394166666666668,0.798035,311,101
2006_08_01__e1c23fe6a7cc,2006-08-01,1,frontal,18.225440979003906,9.717350959777832,1.1443980932235718,2006_08_01.jpg,2006_08_01.jpg,filename_only,,,,,[],not_provided,,,8ece4686cc4ce9d0,,valid,valid,valid,0.6221400767313563,0.20602777777777778,0.798035,312,102
2006_08_03__e6dd3fd0f342,2006-08-03,1,frontal,10.760475158691406,-2.060682535171509,-2.318246841430664,2006_08_03.jpg,2006_08_03.jpg,filename_only,,,,,[],not_provided,,,93c3f3c7a1c38387,,valid,valid,valid,0.6711473298048111,0.3823216276477146,0.798035,313,103
2006_08_07__54d6ba05720f,2006-08-07,1,frontal,16.123117446899414,1.2201288938522339,0.4956931471824646,2006_08_07.jpg,2006_08_07.jpg,filename_only,,,,,[],not_provided,,,1c9f9414cccc4df1,,valid,valid,valid,0.6361421490380577,0.23182222222222224,0.798035,314,104
2006_08_10__08826762c1be,2006-08-10,1,left_profile,-15.095874786376953,-77.06073760986328,18.450376510620117,2006_08_10.jpg,2006_08_10.jpg,filename_only,,,,,[],not_provided,,,c99b330103537756,,valid,valid,valid,0.4743342014618164,0.18660833333333332,0.798035,315,40
2006_08_16__d4107f02ee4e,2006-08-16,1,left_profile,3.789327621459961,-74.8092269897461,3.56663179397583,2006_08_16.jpg,2006_08_16.jpg,filename_only,,,,,[],not_provided,,,df3ea6870f07260e,,valid,valid,valid,0.4774706656585175,0.15366666666666667,0.798035,316,41
2006_08_31__050a27c4c9d7,2006-08-31,1,right_profile,-5.507009506225586,64.95211791992188,-13.463823318481445,2006_08_31.jpg,2006_08_31.jpg,filename_only,,,,,[],not_provided,,,8e8688060a0a3c39,,valid,valid,valid,0.5016382424598841,0.22090833333333335,0.798035,317,31
2006_08_31_2__bfc4d1f98bbc,2006-08-31,2,left_deep,11.931523323059082,-40.1665153503418,-0.05605098232626915,2006_08_31 (2).jpg,2006_08_31 (2).jpg,filename_only,,,,,[],not_provided,,,3939cdcdc9c7cdf9,,valid,valid,valid,0.5818141084880563,0.22438611111111112,0.798035,318,10
2006_09_01__04609ff6292b,2006-09-01,1,left_light,18.876361846923828,-13.232389450073242,-0.6566064357757568,2006_09_01.jpg,2006_09_01.jpg,filename_only,,,,,[],not_provided,,,9d9d8c9ccece4c63,,valid,valid,valid,0.6058416645663558,0.20283333333333334,0.798035,319,57
2006_09_02__3f266d032286,2006-09-02,1,right_profile,-21.919328689575195,70.47439575195312,-26.41336441040039,2006_09_02.jpg,2006_09_02.jpg,filename_only,,,,,[],not_provided,,,4623993f171f9f9e,,valid,valid,valid,0.4898484975776415,0.2471361111111111,0.798035,320,32
2006_09_02_2__48e9796e672f,2006-09-02,2,right_profile,-12.191424369812012,66.95306396484375,-12.653204917907715,2006_09_02 (2).jpg,2006_09_02 (2).jpg,filename_only,,,,,[],not_provided,,,83019f975b0f1f4f,,valid,valid,valid,0.4942731524265591,0.2951888888888889,0.798035,321,33
2006_09_02_3__e4fe29614498,2006-09-02,3,frontal,15.167574882507324,-5.538946151733398,-1.870554804801941,2006_09_02 (3).jpg,2006_09_02 (3).jpg,filename_only,,,,,[],not_provided,,,62c1528100420020,,valid,valid,valid,0.6452154918928001,0.28289444444444445,0.798035,322,105
2006_09_02_4__9b6d664e2336,2006-09-02,4,right_profile,-22.387012481689453,58.7453727722168,-18.904003143310547,2006_09_02 (4).jpg,2006_09_02 (4).jpg,filename_only,,,,,[],not_provided,,,41808d0f2d078fcf,,valid,valid,valid,0.5179646587694979,0.3547666666666667,0.798035,323,34
2006_09_05__48092d2bb1da,2006-09-05,1,right_profile,-30.063766479492188,67.2473373413086,-31.562763214111328,2006_09_05.jpg,2006_09_05.jpg,filename_only,,,,,[],not_provided,,,2ca61036de78b83a,,valid,valid,valid,0.49777367050323446,0.21593055555555554,0.798035,324,35
2006_09_09__280c1e9f5676,2006-09-09,1,frontal,15.890982627868652,0.9118942618370056,-0.1085519790649414,2006_09_09.jpg,2006_09_09.jpg,filename_only,,,,,[],not_provided,,,ce8e84d5cdccedb1,,valid,valid,valid,0.6471757820157383,0.2023890625,0.798035,325,106
2006_09_28__7bb47258b677,2006-09-28,1,frontal,20.52739906311035,6.3137125968933105,0.18615689873695374,2006_09_28.jpg,2006_09_28.jpg,filename_only,,,,,[],not_provided,,,868686838383064e,,valid,valid,valid,0.612394634405892,0.322775,0.798035,326,107
2006_10_11__cb83f4b73aca,2006-10-11,1,frontal,8.658825874328613,6.101781368255615,-0.30094441771507263,2006_10_11.jpg,2006_10_11.jpg,filename_only,,,,,[],not_provided,,,cb95172f2b0f0605,,valid,valid,valid,0.6673947744266151,0.4091453125,0.798035,327,108
2006_11_10__6a4841acc11b,2006-11-10,1,frontal,11.33454418182373,-1.1285374164581299,0.09676734358072281,2006_11_10.jpg,2006_11_10.jpg,filename_only,,,,,[],not_provided,,,dc7c79e8e8dcdd79,,valid,valid,valid,0.6669187039681873,0.2753359375,0.798035,328,109
2006_11_16__29f7f1e20ce4,2006-11-16,1,left_profile,11.540411949157715,-84.58547973632812,-14.754157066345215,2006_11_16.jpg,2006_11_16.jpg,filename_only,,,,,[],not_provided,,,8e9ec68684e4e162,,valid,valid,valid,0.4576437312722283,0.1884328125,0.798035,329,42
2006_11_17__082561d12b3a,2006-11-17,1,left_profile,27.549692153930664,-73.10424041748047,-30.282939910888672,2006_11_17.jpg,2006_11_17.jpg,filename_only,,,,,[],not_provided,,,4d9f87c7c7a72505,,valid,valid,valid,0.48046710913215157,0.162371875,0.798035,330,43
2006_11_20__12ece6ed9f40,2006-11-20,1,frontal,17.977354049682617,0.19942763447761536,-0.10144441574811935,2006_11_20.jpg,2006_11_20.jpg,filename_only,,,,,[],not_provided,,,b4316d2b3a9e96ce,,valid,valid,valid,0.6154750903133663,0.25545076465887134,0.798035,331,110
2006_11_24__7fcad18ed6c3,2006-11-24,1,right_profile,-3.7609739303588867,72.05977630615234,-1.8181484937667847,2006_11_24.jpg,2006_11_24.jpg,filename_only,,,,,[],not_provided,,,0c06becc5e9adad7,,valid,valid,valid,0.4901565431683889,0.20766875,0.798035,332,36
2006_11_28__44ece701d823,2006-11-28,1,right_profile,5.680793285369873,79.77214813232422,7.789249897003174,2006_11_28.jpg,2006_11_28.jpg,filename_only,,,,,[],not_provided,,,c6073f0c1c1a9b46,,valid,valid,valid,0.474586238763337,0.2044125,0.798035,333,37
2006_12_01__ccdb1a301dfa,2006-12-01,1,frontal,20.98245620727539,2.8058688640594482,0.23005548119544983,2006_12_01.jpg,2006_12_01.jpg,filename_only,,,,,[],not_provided,,,969696848c8c8cc8,,valid,valid,valid,0.6128146965750931,0.2544640625,0.798035,334,111
2006_12_19__2d2d2b85a3f9,2006-12-19,1,frontal,17.264585494995117,-4.78386926651001,0.261742502450943,2006_12_19.jpg,2006_12_19.jpg,filename_only,,,,,[],not_provided,,,3c1c8c1ccccd6931,,valid,valid,valid,0.637766389425635,0.17998125,0.798035,335,112
2006_12_21__4a0f42ab7782,2006-12-21,1,frontal,11.357260704040527,-0.7229031324386597,0.1256539225578308,2006_12_21.jpg,2006_12_21.jpg,filename_only,,,,,[],not_provided,,,7270c4e8e8ced469,,valid,valid,valid,0.6965470889691674,0.3727078125,0.798035,336,113
2006_12_30__3c90f45a9835,2006-12-30,1,frontal,16.554941177368164,-4.2811431884765625,0.2714211344718933,2006_12_30.jpg,2006_12_30.jpg,filename_only,,,,,[],not_provided,,,96869694cec64e69,,valid,valid,valid,0.6395866588255061,0.28505,0.798035,337,114
2007_01_01__2768afcf0ae7,2007-01-01,1,frontal,7.419501781463623,-1.5947436094284058,-1.484688639640808,2007_01_01.jpg,2007_01_01.jpg,filename_only,,,,,[],not_provided,,,9e968e168e868e88,,valid,valid,valid,0.698115321067518,0.2141140625,0.798035,338,115
2007_01_15__38cac42dd463,2007-01-15,1,frontal,-2.665907621383667,1.3750534057617188,0.9863965511322021,2007_01_15.jpg,2007_01_15.jpg,filename_only,,,,,[],not_provided,,,179767d4ca464e2f,,valid,valid,valid,0.7391974012153799,0.2764734375,0.798035,339,116
2007_01_29__5c26a855f461,2007-01-29,1,frontal,15.263703346252441,-9.137897491455078,-0.2690856456756592,2007_01_29.jpg,2007_01_29.jpg,filename_only,,,,,[],not_provided,,,9c8c9c9ccccc48e0,,valid,valid,valid,0.6460276120865888,0.2449640625,0.798035,340,117
2007_02_11__52b4c1f2dacc,2007-02-11,1,right_profile,-44.44196701049805,82.26347351074219,-41.55313491821289,2007_02_11.jpg,2007_02_11.jpg,filename_only,,,,,[],not_provided,,,9d8f97cfcf5a5863,,valid,valid,valid,0.4687613766837492,0.1745625,0.798035,341,38
2007_02_25__e782a8712b38,2007-02-25,1,right_profile,11.020297050476074,82.82657623291016,12.477928161621094,2007_02_25.jpg,2007_02_25.jpg,filename_only,,,,,[],not_provided,,,d89f2d0e14181926,,valid,valid,valid,0.4578677644291355,0.16140625,0.798035,342,39
2007_03_07__c8962366cd01,2007-03-07,1,left_light,19.650636672973633,-21.473772048950195,5.805890083312988,2007_03_07.jpg,2007_03_07.jpg,filename_only,,,,,[],not_provided,,,78799d9ccdcdc963,,valid,valid,valid,0.613710829202722,0.24691944444444444,0.798035,343,58
2007_03_09__9e59af84ab32,2007-03-09,1,right_light,15.954084396362305,19.64985466003418,1.0721052885055542,2007_03_09.jpg,2007_03_09.jpg,filename_only,,,,,[],not_provided,,,56868e869f8e8ecc,,valid,valid,valid,0.6242683917219749,0.238875,0.798035,344,34
2007_03_14__84a9e9985ee5,2007-03-14,1,frontal,10.916792869567871,2.4683215618133545,2.1527912616729736,2007_03_14.jpg,2007_03_14.jpg,filename_only,,,,,[],not_provided,,,3c0c2c141c0c4c61,,valid,valid,valid,0.670587246912543,0.3228638888888889,0.798035,345,118
2007_03_14_2__e1680dfadc3b,2007-03-14,2,right_profile,-16.21859359741211,70.31639099121094,-16.36991310119629,2007_03_14 (2).jpg,2007_03_14 (2).jpg,filename_only,,,,,[],not_provided,,,86868f070f8f8cb9,,valid,valid,valid,0.48951244784228065,0.19903055555555554,0.798035,346,40
2007_03_16__7d9b4d9faa4c,2007-03-16,1,right_light,15.417563438415527,24.07022476196289,-0.4117170572280884,2007_03_16.jpg,2007_03_16.jpg,filename_only,,,,,[],not_provided,,,868e8e84941c8d89,,valid,valid,valid,0.6040213951664847,0.28920555555555555,0.798035,347,35
2007_04_08__c233b8c9babd,2007-04-08,1,right_light,-8.61066722869873,12.96751594543457,0.7897027730941772,2007_04_08.jpg,2007_04_08.jpg,filename_only,,,,,[],not_provided,,,96dade96169e9d57,,valid,valid,valid,0.6896580693942703,0.2707222222222222,0.798035,348,36
2007_04_08_2__a4d96479f60f,2007-04-08,2,right_mid,-6.205179214477539,34.76885223388672,-3.3477718830108643,2007_04_08 (2).jpg,2007_04_08 (2).jpg,filename_only,,,,,[],not_provided,,,0692be2c2c361c1c,,valid,valid,valid,0.5976924584838557,0.3103472222222222,0.798035,349,18
2007_04_08_3__02151f6272f5,2007-04-08,3,right_profile,9.319544792175293,69.01919555664062,7.541203022003174,2007_04_08 (3).jpg,2007_04_08 (3).jpg,filename_only,,,,,[],not_provided,,,4c473b1b3abe9d1f,,valid,valid,valid,0.4942451482819457,0.20180833333333334,0.798035,350,41
2007_04_13__d0fcd06eb526,2007-04-13,1,frontal,5.9035444259643555,7.135272026062012,-0.6267945766448975,2007_04_13.jpg,2007_04_13.jpg,filename_only,,,,,[],not_provided,,,8526260e36160e4f,,valid,valid,valid,0.6867456383544764,0.23721666666666666,0.798035,351,119
2007_04_13_2__6c7454707529,2007-04-13,2,left_profile,-40.1868782043457,-87.29563903808594,43.30792236328125,2007_04_13 (2).jpg,2007_04_13 (2).jpg,filename_only,,,,,[],not_provided,,,e7cd9e878f96e6e4,,valid,valid,valid,0.4429135512055784,0.14935833333333334,0.798035,352,44
2007_04_18__16b4d44c7c7c,2007-04-18,1,left_deep,28.667665481567383,-43.65489196777344,-8.14105224609375,2007_04_18.jpg,2007_04_18.jpg,filename_only,,,,,[],not_provided,,,9e36032f27878686,,valid,valid,valid,0.5171805427203227,0.25446944444444447,0.798035,353,11
2007_04_18_2__47d4a798091f,2007-04-18,2,left_light,19.170175552368164,-13.947284698486328,-1.5529491901397705,2007_04_18 (2).jpg,2007_04_18 (2).jpg,filename_only,,,,,[],not_provided,,,1413b2939bcb8786,,valid,valid,valid,0.626844773026408,0.1837388888888889,0.798035,354,59
2007_04_19__c23e3432e6ce,2007-04-19,1,frontal,16.48865509033203,1.3638094663619995,0.23829162120819092,2007_04_19.jpg,2007_04_19.jpg,filename_only,,,,,[],not_provided,,,96e3476bc2c6462c,,valid,valid,valid,0.6403427707300681,0.287671875,0.798035,355,120
2007_04_23__183bed6cede5,2007-04-23,1,left_profile,20.43958282470703,-79.1211166381836,-22.13787269592285,2007_04_23.jpg,2007_04_23.jpg,filename_only,,,,,[],not_provided,,,ce5ec68694e6e161,,valid,valid,valid,0.46212439441037273,0.13895625,0.798035,356,45
2007_05_23_1__837ff25c44dd,2007-05-23,1,right_mid,-12.302803993225098,33.61398696899414,-18.332735061645508,2007_05_23(1).jpg,2007_05_23(1).jpg,filename_only,,,,,[],not_provided,,,1c1331b323292d07,,valid,valid,valid,0.6129827214427735,0.4653596105527638,0.765915,357,19
2007_05_23_2__b50d0a7e4e20,2007-05-23,2,right_profile,-10.302910804748535,59.86127853393555,-9.539861679077148,2007_05_23(2).jpg,2007_05_23(2).jpg,filename_only,,,,,[],not_provided,,,06263e7d1f1f1e9c,,valid,valid,valid,0.5144361365482092,0.28994025157232706,0.798035,358,42
2007_05_24_2__395d39234eca,2007-05-24,2,frontal,15.531327247619629,7.574421405792236,-14.252585411071777,2007_05_24(2).jpg,2007_05_24(2).jpg,filename_only,,,,,[],not_provided,,,4c25c36663474f7b,,valid,valid,valid,0.6298132123554286,0.1782546875,0.798035,359,121
2007_05_31__8d8da1131810,2007-05-31,1,left_profile,25.06570053100586,-63.649818420410156,-13.190725326538086,2007_05_31.jpg,2007_05_31.jpg,filename_only,,,,,[],not_provided,,,3b4f0f2f2f476f66,,valid,valid,valid,0.48721610798398163,0.225465625,0.798035,360,46
2007_06_21__fb9929c5fbb2,2007-06-21,1,frontal,19.874656677246094,0.40583571791648865,0.9930359125137329,2007_06_21.jpg,2007_06_21.jpg,filename_only,,,,,[],not_provided,,,1c0c96160c8cccf2,,valid,valid,valid,0.6209919068022067,0.2363203125,0.798035,361,122
2007_06_24__7d2d333b5220,2007-06-24,1,left_light,14.789649963378906,-18.249462127685547,3.468914747238159,2007_06_24.jpg,2007_06_24.jpg,filename_only,,,,,[],not_provided,,,1c2fcfddd7c7cd61,,valid,valid,valid,0.5935758492256854,0.2895328125,0.798035,362,60
2007_06_29__80a1774a7278,2007-06-29,1,left_profile,19.162487030029297,-81.99689483642578,-12.514562606811523,2007_06_29.jpg,2007_06_29.jpg,filename_only,,,,,[],not_provided,,,1e36078f969612b2,,valid,valid,valid,0.4598000504074603,0.1606671875,0.798035,363,47
2007_07_01__c81405755b32,2007-07-01,1,left_profile,0.6893729567527771,-78.41698455810547,-1.9968979358673096,2007_07_01.jpg,2007_07_01.jpg,filename_only,,,,,[],not_provided,,,cdd1c3c3c4626746,,valid,valid,valid,0.47242991962810493,0.17476875,0.798035,364,48
2007_07_13__5b3a8500ba55,2007-07-13,1,frontal,15.525638580322266,5.869566917419434,0.04080077260732651,2007_07_13.jpg,2007_07_13.jpg,filename_only,,,,,[],not_provided,,,8684c6c2c3c7c6ee,,valid,valid,valid,0.6519084824554034,0.246196875,0.798035,365,123
2007_07_17__935a8c33d9e0,2007-07-17,1,frontal,19.582923889160156,1.5746980905532837,0.0038457163609564304,2007_07_17.jpg,2007_07_17.jpg,filename_only,,,,,[],not_provided,,,158646e3c3c3e39f,,valid,valid,valid,0.6234842756727996,0.2720625,0.798035,366,124
2007_07_24__c159cbe1afae,2007-07-24,1,frontal,19.4978084564209,-3.065091609954834,0.8001747727394104,2007_07_24.jpg,2007_07_24.jpg,filename_only,,,,,[],not_provided,,,f0f87a3e3e0e8e48,,valid,valid,valid,0.6141028872273097,0.19995625,0.798035,367,125
2007_08_02__5c6c7977163b,2007-08-02,1,frontal,14.114134788513184,7.307438850402832,-0.12046030163764954,2007_08_02.jpg,2007_08_02.jpg,filename_only,,,,,[],not_provided,,,a602828bcb838782,,valid,valid,valid,0.63846649304097,0.4296671875,0.798035,368,126
2007_08_03_1__7f8d367c82ac,2007-08-03,1,right_deep,5.164850234985352,43.10713195800781,7.763236045837402,2007_08_03(1).jpg,2007_08_03(1).jpg,filename_only,,,,,[],not_provided,,,1a39296c6efe7cbd,,valid,valid,valid,0.5761852754207623,0.30407424812030076,0.798035,369,7
2007_08_03_2__1cff200676db,2007-08-03,2,frontal,8.335314750671387,4.149773120880127,-0.14284677803516388,2007_08_03(2).jpg,2007_08_03(2).jpg,filename_only,,,,,[],not_provided,,,96d46160e0607131,,valid,valid,valid,0.7006356940827242,0.2403390625,0.798035,370,127
2007_08_03_5__39d55b14aab4,2007-08-03,5,left_light,-1.1100010871887207,-15.031509399414062,0.7351909875869751,2007_08_03(5).jpg,2007_08_03(5).jpg,filename_only,,,,,[],not_provided,,,9ede732b5f57062c,,valid,valid,valid,0.7029600380856367,0.1917559523809524,0.798035,371,61
2007_08_04_1__e38d74085aeb,2007-08-04,1,left_light,12.188453674316406,-16.904685974121094,-0.025517478585243225,2007_08_04(1).jpg,2007_08_04(1).jpg,filename_only,,,,,[],not_provided,,,95272b4bd3431b86,,valid,valid,valid,0.6262006777002996,0.2913363693467337,0.798035,372,62
2007_08_21__5e0c3a81259c,2007-08-21,1,left_profile,-13.802716255187988,-87.02979278564453,17.79904556274414,2007_08_21.jpg,2007_08_21.jpg,filename_only,,,,,[],not_provided,,,bb7f1707133216cc,,valid,valid,valid,0.45599148674003753,0.172765625,0.798035,373,49
2007_09_06__5d9d7ec5ea32,2007-09-06,1,right_profile,-12.522257804870605,70.64210510253906,-9.472329139709473,2007_09_06.jpg,2007_09_06.jpg,filename_only,,,,,[],not_provided,,,8f06160e1f1b1b8e,,valid,valid,valid,0.48931641882998683,0.2193890625,0.798035,374,43
2007_09_07__d22877d53827,2007-09-07,1,left_light,0.12417800724506378,-13.044892311096191,-4.025524616241455,2007_09_07.jpg,2007_09_07.jpg,filename_only,,,,,[],not_provided,,,32634b5b0387c746,,valid,valid,valid,0.6808647679856619,0.374465625,0.798035,375,63
2007_09_13__b79f7e4fa307,2007-09-13,1,frontal,13.667412757873535,7.454957485198975,0.029144415631890297,2007_09_13.jpg,2007_09_13.jpg,filename_only,,,,,[],not_provided,,,73216bebe286373f,,valid,valid,valid,0.6398667002716402,0.3101265625,0.798035,376,128
2007_10_16__408f84dac1e2,2007-10-16,1,right_profile,-25.582143783569336,73.4593505859375,-23.330036163330078,2007_10_16.jpg,2007_10_16.jpg,filename_only,,,,,[],not_provided,,,8c3c3c363e3c9c19,,valid,valid,valid,0.4867680416701672,0.23603125,0.798035,377,44
2007_10_18__6b89b9ed3810,2007-10-18,1,frontal,18.355087280273438,-2.990626335144043,-0.434401273727417,2007_10_18.jpg,2007_10_18.jpg,filename_only,,,,,[],not_provided,,,5696c70387470f0c,,valid,valid,valid,0.6279649388109441,0.19486875,0.798035,378,129
2007_11_20__c27cb3b07a3c,2007-11-20,1,frontal,9.904850006103516,-4.697004795074463,0.1838981956243515,2007_11_20.jpg,2007_11_20.jpg,filename_only,,,,,[],not_provided,,,969717233b070f1d,,valid,valid,valid,0.6851774062561259,0.2484328125,0.798035,379,130
2007_12_01__e13fb744cb13,2007-12-01,1,right_mid,7.167242527008057,26.610300064086914,-1.9886590242385864,2007_12_01.jpg,2007_12_01.jpg,filename_only,,,,,[],not_provided,,,dddfafeefe9e7c39,,valid,valid,valid,0.5991206698591391,0.31649436090225563,0.798035,380,20
2007_12_15__e21ff84a9a10,2007-12-15,1,frontal,6.31682014465332,-3.368906259536743,-0.07216745615005493,2007_12_15.jpg,2007_12_15.jpg,filename_only,,,,,[],not_provided,,,c94d17072b0f064f,,valid,valid,valid,0.690050127418858,0.333634375,0.798035,381,131
2007_12_19__2625a9ac829e,2007-12-19,1,left_profile,2.804255723953247,-73.656005859375,-5.181840419769287,2007_12_19.jpg,2007_12_19.jpg,filename_only,,,,,[],not_provided,,,9e96070706a6268c,,valid,valid,valid,0.4908006384944972,0.2379609375,0.798035,382,50
2007_12_23__110f4ea7c695,2007-12-23,1,right_profile,34.62278366088867,87.1659927368164,5.384778022766113,2007_12_23.jpg,2007_12_23.jpg,filename_only,,,,,[],not_provided,,,e283898797979799,,valid,valid,valid,0.45013862051583636,0.1952921875,0.798035,383,45
2007_12_30__bdd0bc1da63f,2007-12-30,1,frontal,10.0371675491333,-4.182700157165527,0.10187717527151108,2007_12_30.jpg,2007_12_30.jpg,filename_only,,,,,[],not_provided,,,79591a3afbdfcfed,,valid,valid,valid,0.6629421154330841,0.241828125,0.798035,384,132
2008_01_01__57dedc581422,2008-01-01,1,left_light,15.112347602844238,-19.9153995513916,-8.447443008422852,2008_01_01.jpg,2008_01_01.jpg,filename_only,,,,,[],not_provided,,,ce9e860f070f06d4,,valid,valid,valid,0.6200677700299644,0.225521875,0.798035,385,64
2008_01_02__63c9e0ffd5b7,2008-01-02,1,right_light,14.797052383422852,18.484041213989258,-3.8938393592834473,2008_01_02.jpg,2008_01_02.jpg,filename_only,,,,,[],not_provided,,,c4c747676bcb6664,,valid,valid,valid,0.6055616231202218,0.336875,0.798035,386,37
2008_01_05__7cc5adb4554f,2008-01-05,1,frontal,5.145069599151611,7.921689510345459,-3.8253231048583984,2008_01_05.jpg,2008_01_05.jpg,filename_only,,,,,[],not_provided,,,0686868686ccdce4,,valid,valid,valid,0.6336217760228514,0.28305555555555556,0.798035,387,133
2008_01_07__8cdca7ad7769,2008-01-07,1,frontal,2.8228368759155273,-4.929143905639648,-2.057544469833374,2008_01_07.jpg,2008_01_07.jpg,filename_only,,,,,[],not_provided,,,c9c91014280c9cd0,,valid,valid,valid,0.7116973312050183,0.30145833333333333,0.798035,388,134
2008_01_07_2__023e25b824ac,2008-01-07,2,right_light,7.06290340423584,10.140746116638184,-1.5936650037765503,2008_01_07 (2).jpg,2008_01_07 (2).jpg,filename_only,,,,,[],not_provided,,,edcc94948a0e9c4c,,valid,valid,valid,0.6734436696631101,0.30075833333333335,0.798035,389,38
2008_01_07_3__9b0ff1d48ceb,2008-01-07,3,left_light,10.109637260437012,-22.105562210083008,-0.6831145286560059,2008_01_07 (3).jpg,2008_01_07 (3).jpg,filename_only,,,,,[],not_provided,,,e9cccc9c9c8e8c94,,valid,valid,valid,0.6310733988630317,0.21669722222222224,0.798035,390,65
2008_01_09__a125b57a9f94,2008-01-09,1,frontal,23.649843215942383,-1.3343981504440308,-1.2767293453216553,2008_01_09.jpg,2008_01_09.jpg,filename_only,,,,,[],not_provided,,,8c8c86860c8c8c8e,,valid,valid,valid,0.5889831695090874,0.20431666666666667,0.798035,391,135
2008_01_12__0fa6831a685b,2008-01-12,1,frontal,14.539371490478516,4.26289701461792,0.8682364225387573,2008_01_12.jpg,2008_01_12.jpg,filename_only,,,,,[],not_provided,,,94964cc68c8c4f86,,valid,valid,valid,0.6804167016718474,0.17747222222222223,0.798035,392,136
2008_01_14__12dc6999a811,2008-01-14,1,left_light,29.07268524169922,-13.162836074829102,-4.142007350921631,2008_01_14.jpg,2008_01_14.jpg,filename_only,,,,,[],not_provided,,,bc0606164686cecc,,valid,valid,valid,0.559550813520401,0.2764273789649416,0.798035,393,66
2008_01_15__3e2d15b5b538,2008-01-15,1,left_light,20.213041305541992,-13.082335472106934,-1.5384228229522705,2008_01_15.jpg,2008_01_15.jpg,filename_only,,,,,[],not_provided,,,8c0d8e9e0dcccd72,,valid,valid,valid,0.6117225349351704,0.18568055555555554,0.798035,394,67
2008_01_18__558a1422ed55,2008-01-18,1,right_mid,6.098303318023682,25.371919631958008,0.6446255445480347,2008_01_18.jpg,2008_01_18.jpg,filename_only,,,,,[],not_provided,,,1a9c94be3e9e9e4e,,valid,valid,valid,0.6056736396986754,0.19168888888888888,0.798035,395,21
2008_01_23__92d5a5f9f811,2008-01-23,1,right_deep,-1.543686032295227,45.51011276245117,-0.5544930696487427,2008_01_23.jpg,2008_01_23.jpg,filename_only,,,,,[],not_provided,,,c399868b07971f27,,valid,valid,valid,0.5670839284214063,0.2786416666666667,0.798035,396,8
2008_01_25__a28d86587af8,2008-01-25,1,frontal,18.99993324279785,0.3161963224411011,-1.0732535123825073,2008_01_25.jpg,2008_01_25.jpg,filename_only,,,,,[],not_provided,,,c6c796864c4cecb9,,valid,valid,valid,0.6500602089109189,0.2513861111111111,0.798035,397,137
2008_01_25_2__4fbe7d424471,2008-01-25,2,frontal,17.8724308013916,2.653334856033325,-3.4312050342559814,2008_01_25 (2).jpg,2008_01_25 (2).jpg,filename_only,,,,,[],not_provided,,,cbc6464646466469,,valid,valid,valid,0.6323615895152482,0.2709388888888889,0.798035,398,138
2008_01_26__88d474b87c22,2008-01-26,1,right_light,17.06441307067871,15.8140230178833,1.8652876615524292,2008_01_26.jpg,2008_01_26.jpg,filename_only,,,,,[],not_provided,,,4c46cec78d8ccdf2,,valid,valid,valid,0.6116665266459436,0.19117777777777778,0.798035,399,39
2008_01_28__4a6a12dd8460,2008-01-28,1,left_light,15.343571662902832,-18.21834373474121,1.183023452758789,2008_01_28.jpg,2008_01_28.jpg,filename_only,,,,,[],not_provided,,,9c9d9c8c0d4d69a0,,valid,valid,valid,0.6178274384608922,0.14983333333333335,0.798035,400,68
2008_01_28_2__69c992eaaee5,2008-01-28,2,left_light,18.043607711791992,-18.491390228271484,1.1811712980270386,2008_01_28 (2).jpg,2008_01_28 (2).jpg,filename_only,,,,,[],not_provided,,,9d9e8ecf44466cf8,,valid,valid,valid,0.609118149486124,0.21440833333333334,0.798035,401,69
2008_02_01__1c9577a6c773,2008-02-01,1,right_light,5.6224565505981445,13.78860855102539,-1.915366768836975,2008_02_01.jpg,2008_02_01.jpg,filename_only,,,,,[],not_provided,,,9d8e0687170e8e4b,,valid,valid,valid,0.6456915623512279,0.2661853088480801,0.798035,402,40
2008_02_08__dfa0e5e07936,2008-02-08,1,frontal,16.29994773864746,-5.937192916870117,-0.31051915884017944,2008_02_08.jpg,2008_02_08.jpg,filename_only,,,,,[],not_provided,,,1494d161e96d6137,,valid,valid,valid,0.6695790977064605,0.15294722222222223,0.798035,403,139
2008_02_08_2__3770a2c3a885,2008-02-08,2,left_profile,17.869478225708008,-70.51819610595703,-10.504838943481445,2008_02_08 (2).jpg,2008_02_08 (2).jpg,filename_only,,,,,[],not_provided,,,8999e99989c9e367,,valid,valid,valid,0.4816432832059145,0.14684137548530227,0.798035,404,51
2008_02_09__cb44f0f609d6,2008-02-09,1,left_light,16.384523391723633,-16.61393928527832,-2.728031873703003,2008_02_09.jpg,2008_02_09.jpg,filename_only,,,,,[],not_provided,,,94968e8b47c7cf6b,,valid,valid,valid,0.625668598952645,0.24782222222222222,0.798035,405,70
2008_02_12__b519b6ec66b7,2008-02-12,1,left_profile,-3.6228115558624268,-82.41732025146484,15.165891647338867,2008_02_12.jpg,2008_02_12.jpg,filename_only,,,,,[],not_provided,,,3e76040f1213169a,,valid,valid,valid,0.4606401747458624,0.2307611111111111,0.798035,406,52
2008_02_12_2__5915242188c1,2008-02-12,2,frontal,13.437204360961914,0.3647973835468292,0.8327243328094482,2008_02_12 (2).jpg,2008_02_12 (2).jpg,filename_only,,,,,[],not_provided,,,b61636ebbb12568c,,valid,valid,valid,0.6836931865916156,0.26530555555555557,0.798035,407,140
2008_02_14__a0a6c5ce4dfd,2008-02-14,1,frontal,19.837980270385742,-8.262927055358887,2.6452181339263916,2008_02_14.jpg,2008_02_14.jpg,filename_only,,,,,[],not_provided,,,9b1c9cc9ed4cedb9,,valid,valid,valid,0.6268167688817945,0.14924722222222223,0.798035,408,141
2008_02_14_2__4becc4a4039a,2008-02-14,2,right_profile,12.176755905151367,70.81659698486328,5.236326694488525,2008_02_14 (2).jpg,2008_02_14 (2).jpg,filename_only,,,,,[],not_provided,,,83993d9ede1a9801,,valid,valid,valid,0.48458371839032177,0.20943333333333333,0.798035,409,46
2008_02_14_3__d6f0e64ab9bf,2008-02-14,3,right_light,14.937949180603027,10.935158729553223,-0.9848450422286987,2008_02_14 (3).jpg,2008_02_14 (3).jpg,filename_only,,,,,[],not_provided,,,c6869e86d49c8c48,,valid,valid,valid,0.6471757820157383,0.25676666666666664,0.798035,410,41
2008_02_14_4__4c83f1af6cf1,2008-02-14,4,right_profile,-2.6734519004821777,61.29065704345703,-25.769861221313477,2008_02_14 (4).jpg,2008_02_14 (4).jpg,filename_only,,,,,[],not_provided,,,ce8f9b0f2b3f9b8f,,valid,valid,valid,0.5151642443081577,0.2905916666666667,0.798035,411,47
2008_02_18__b501e94be3a1,2008-02-18,1,left_deep,-0.7828916907310486,-40.498382568359375,0.7711304426193237,2008_02_18.jpg,2008_02_18.jpg,filename_only,,,,,[],not_provided,,,9b91c0860f470e2c,,valid,valid,valid,0.5780055448206335,0.1865888888888889,0.798035,412,12
2008_02_18_2__f9b35141c6ac,2008-02-18,2,left_deep,15.236993789672852,-43.3729133605957,-5.717668533325195,2008_02_18 (2).jpg,2008_02_18 (2).jpg,filename_only,,,,,[],not_provided,,,9ca7c7c696864e4f,,valid,valid,valid,0.5496373463272565,0.24394648829431437,0.798035,413,13
2008_02_18_3__16b8966ce842,2008-02-18,3,left_deep,15.085823059082031,-44.17382049560547,-5.263049602508545,2008_02_18 (3).jpg,2008_02_18 (3).jpg,filename_only,,,,,[],not_provided,,,3c3763234343a606,,valid,valid,valid,0.5577025399759165,0.1967722222222222,0.798035,414,14
2008_02_20__58e35a1c0f3b,2008-02-20,1,left_light,21.89396095275879,-12.171273231506348,0.2441365122795105,2008_02_20.jpg,2008_02_20.jpg,filename_only,,,,,[],not_provided,,,9c9f9e5616068ec4,,valid,valid,valid,0.6143829286734437,0.21162229617304493,0.798035,415,71
2008_02_20_2__5cbebfa92620,2008-02-20,2,left_profile,6.514331340789795,-67.76921844482422,-2.240382432937622,2008_02_20 (2).jpg,2008_02_20 (2).jpg,filename_only,,,,,[],not_provided,,,2001656c24646130,,valid,valid,valid,0.49441317314962613,0.11200277777777778,0.798035,416,53
2008_02_21__94d258101dd4,2008-02-21,1,left_mid,22.24026870727539,-26.01982879638672,-3.231997013092041,2008_02_21.jpg,2008_02_21.jpg,filename_only,,,,,[],not_provided,,,5d9c9c8e8cc6cce8,,valid,valid,valid,0.5768013666022571,0.18140833333333334,0.798035,417,21
2008_02_23__df572976362e,2008-02-23,1,left_mid,5.6523661613464355,-33.01207733154297,-9.026959419250488,2008_02_23.jpg,2008_02_23.jpg,filename_only,,,,,[],not_provided,,,c69ed869e9d07833,,valid,valid,valid,0.6133747794673612,0.19904571998290843,0.798035,418,22
2008_02_29__d7c336b04f11,2008-02-29,1,frontal,8.328935623168945,4.679812431335449,-0.2626340985298157,2008_02_29.jpg,2008_02_29.jpg,filename_only,,,,,[],not_provided,,,c68696170f8e0e4d,,valid,valid,valid,0.6751799266291411,0.2518734375,0.798035,419,142
2008_02_29_3__c7a88e0879c5,2008-02-29,3,left_light,17.141904830932617,-24.412120819091797,-6.283843517303467,2008_02_29(3).jpg,2008_02_29(3).jpg,filename_only,,,,,[],not_provided,,,b82dcc949cdcd868,,valid,valid,valid,0.5955361393486236,0.2850515625,0.798035,420,72
2008_03_02__0921b0aaaea1,2008-03-02,1,frontal,6.38109016418457,2.2517809867858887,-1.4272743463516235,2008_03_02.jpg,2008_03_02.jpg,filename_only,,,,,[],not_provided,,,96b6963a3a1e9ecd,,valid,valid,valid,0.6821529586378784,0.24732777777777779,0.798035,421,143
2008_03_31__2f8510e7153a,2008-03-31,1,frontal,16.130428314208984,-9.285724639892578,0.06889910250902176,2008_03_31.jpg,2008_03_31.jpg,filename_only,,,,,[],not_provided,,,dad60f1f0e864f6d,,valid,valid,valid,0.6451594836035733,0.222209375,0.798035,422,144
2008_04_10__81a44237e371,2008-04-10,1,frontal,22.281524658203125,-0.9864730834960938,-0.05095011368393898,2008_04_10.jpg,2008_04_10.jpg,filename_only,,,,,[],not_provided,,,858e86860ec66c3c,,valid,valid,valid,0.6168752975440365,0.2047578125,0.798035,423,145
2008_04_28__59ebffc06e1d,2008-04-28,1,frontal,3.9447171688079834,3.5840187072753906,-1.1036109924316406,2008_04_28.jpg,2008_04_28.jpg,filename_only,,,,,[],not_provided,,,cdfc79b9b9b9b79b,,valid,valid,valid,0.6786244364165896,0.171925,0.798035,424,146
2008_05_14__8c59f8c2941d,2008-05-14,1,frontal,-1.4687457084655762,-7.860060214996338,2.5656867027282715,2008_05_14.jpg,2008_05_14.jpg,filename_only,,,,,[],not_provided,,,33b230362bb2df31,,valid,valid,valid,0.7162340026323896,0.3047480290301058,0.798035,425,147
2008_05_15__e6197c2f2604,2008-05-15,1,frontal,21.520755767822266,0.9930806159973145,-0.0919291153550148,2008_05_15.jpg,2008_05_15.jpg,filename_only,,,,,[],not_provided,,,4c8e96c4cccc6971,,valid,valid,valid,0.6188355876669747,0.2291453125,0.798035,426,148
2008_06_10__5793a7c39ed2,2008-06-10,1,frontal,21.737768173217773,-3.744243860244751,0.1552284210920334,2008_06_10.jpg,2008_06_10.jpg,filename_only,,,,,[],not_provided,,,9c9e9694ccc46c79,,valid,valid,valid,0.6143269203842169,0.2441359375,0.798035,427,149
2008_06_11__5408990ec71e,2008-06-11,1,left_light,19.084102630615234,-19.08930206298828,-1.9498968124389648,2008_06_11.jpg,2008_06_11.jpg,filename_only,,,,,[],not_provided,,,9d9d9e969b8f8f4b,,valid,valid,valid,0.606821809627825,0.13024166666666667,0.798035,428,73
2008_06_16__78f812447978,2008-06-16,1,frontal,19.955883026123047,-4.206917762756348,-1.3109595775604248,2008_06_16.jpg,2008_06_16.jpg,filename_only,,,,,[],not_provided,,,4d4d4eceed6d69b1,,valid,valid,valid,0.6214399731160212,0.1361138888888889,0.798035,429,150
2008_06_17__b50212509cfe,2008-06-17,1,frontal,25.211244583129883,1.39804208278656,1.8670952320098877,2008_06_17.jpg,2008_06_17.jpg,filename_only,,,,,[],not_provided,,,5c0c8696cfcece6d,,valid,valid,valid,0.5799658349435717,0.21786388888888888,0.798035,430,151
2008_06_18__29bb410ff610,2008-06-18,1,left_profile,-14.065407752990723,-79.10774993896484,14.737184524536133,2008_06_18.jpg,2008_06_18.jpg,filename_only,,,,,[],not_provided,,,3af9cd888ce0e1e1,,valid,valid,valid,0.47324203982189367,0.1636027777777778,0.798035,431,54
2008_06_19__f9af45d40536,2008-06-19,1,right_light,-1.5342342853546143,21.236204147338867,2.961498975753784,2008_06_19.jpg,2008_06_19.jpg,filename_only,,,,,[],not_provided,,,d571692c741e8fac,,valid,valid,valid,0.6475958441849393,0.24352222222222222,0.798035,432,42
2008_06_26__bed71e0ccc74,2008-06-26,1,frontal,11.203203201293945,3.8285367488861084,0.2936120927333832,2008_06_26.jpg,2008_06_26.jpg,filename_only,,,,,[],not_provided,,,46d6e6696c6c69b3,,valid,valid,valid,0.6674507827158419,0.16737777777777776,0.798035,433,152
2008_06_26_2__464c369da17f,2008-06-26,2,right_deep,0.7372369170188904,40.47529602050781,-0.8790814876556396,2008_06_26 (2).jpg,2008_06_26 (2).jpg,filename_only,,,,,[],not_provided,,,8e968f0f17078f4e,,valid,valid,valid,0.575401159371587,0.2587388888888889,0.798035,434,9
2008_06_27__6dbe4ec094db,2008-06-27,1,right_deep,13.304314613342285,49.495635986328125,7.8966546058654785,2008_06_27.jpg,2008_06_27.jpg,filename_only,,,,,[],not_provided,,,8de5cecfcfcf87f5,,valid,valid,valid,0.5378476014450139,0.129975,0.798035,435,10
2008_06_27_2__f7cbe9351a9d,2008-06-27,2,frontal,18.556467056274414,4.284255027770996,-0.29251426458358765,2008_06_27 (2).jpg,2008_06_27 (2).jpg,filename_only,,,,,[],not_provided,,,4e46c6c6c4c6cec2,,valid,valid,valid,0.6395866588255061,0.1410361111111111,0.798035,436,153
2008_06_29__57b65a2ed949,2008-06-29,1,left_mid,30.696279525756836,-27.21152687072754,-24.519365310668945,2008_06_29.jpg,2008_06_29.jpg,filename_only,,,,,[],not_provided,,,9b3d733399973f16,,valid,valid,valid,0.5424962894508387,0.39943891652846875,0.798035,437,23
2008_06_30__6e5d4c97dd65,2008-06-30,1,right_mid,17.36260986328125,31.81561279296875,2.095552682876587,2008_06_30.jpg,2008_06_30.jpg,filename_only,,,,,[],not_provided,,,c4c65e656d693305,,valid,valid,valid,0.5831863115741129,0.1514361111111111,0.798035,438,22
2008_07_11__add038b103aa,2008-07-11,1,right_light,19.270950317382812,17.275588989257812,-2.6200809478759766,2008_07_11.jpg,2008_07_11.jpg,filename_only,,,,,[],not_provided,,,2d669e9e3c3c1d79,,valid,valid,valid,0.5860987426139068,0.18155,0.798035,439,43
2008_07_14__5a2af27b6bc8,2008-07-14,1,frontal,14.82313346862793,7.978867530822754,1.1925183534622192,2008_07_14.jpg,2008_07_14.jpg,filename_only,,,,,[],not_provided,,,1d8c846961696932,,valid,valid,valid,0.627124814472542,0.1410740122426266,0.798035,440,154
2008_07_14_2__bf18cfe2407a,2008-07-14,2,frontal,17.849567413330078,-9.089920043945312,-1.0173908472061157,2008_07_14 (2).jpg,2008_07_14 (2).jpg,filename_only,,,,,[],not_provided,,,8e4e4c4c0c8e8273,,valid,valid,valid,0.6428631437452743,0.08983333333333333,0.798035,441,155
2008_07_16__29d4decf6030,2008-07-16,1,left_mid,26.052614212036133,-30.684995651245117,-6.25496244430542,2008_07_16.jpg,2008_07_16.jpg,filename_only,,,,,[],not_provided,,,9db60488c4c4cc61,,valid,valid,valid,0.5682601024951693,0.22473333333333334,0.798035,442,24
2008_07_16_2__79b7dbbb868e,2008-07-16,2,left_light,18.774274826049805,-15.769144058227539,0.8499345183372498,2008_07_16 (2).jpg,2008_07_16 (2).jpg,filename_only,,,,,[],not_provided,,,4b1d9dcede6eecf8,,valid,valid,valid,0.6223921140328769,0.14475277777777779,0.798035,443,74
2008_07_23__1817cc1e4934,2008-07-23,1,frontal,22.062374114990234,-0.8018786907196045,-2.2776224613189697,2008_07_23.jpg,2008_07_23.jpg,filename_only,,,,,[],not_provided,,,0c848686cacec6ee,,valid,valid,valid,0.628104959534011,0.2118861111111111,0.798035,444,156
2008_07_24__637e372a9639,2008-07-24,1,right_light,14.25278091430664,18.245338439941406,3.0584311485290527,2008_07_24.jpg,2008_07_24.jpg,filename_only,,,,,[],not_provided,,,85c68a8b9307870e,,valid,valid,valid,0.6290571004508667,0.22999168053244592,0.798035,445,44
2008_07_28__649a348723ff,2008-07-28,1,frontal,3.6696934700012207,-7.279519557952881,-1.9563560485839844,2008_07_28.jpg,2008_07_28.jpg,filename_only,,,,,[],not_provided,,,61c1d385a988c961,,valid,valid,valid,0.6833571368562548,0.3559333333333333,0.798035,446,157
2008_07_28_2__45ac7a210f8e,2008-07-28,2,frontal,18.25397300720215,-9.807613372802734,-1.3247331380844116,2008_07_28 (2).jpg,2008_07_28 (2).jpg,filename_only,,,,,[],not_provided,,,594d8ec4796c6cb3,,valid,valid,valid,0.6330056848413566,0.1589361111111111,0.798035,447,158
2008_07_29__d862ae416e23,2008-07-29,1,frontal,20.02814292907715,4.931705474853516,0.6853910684585571,2008_07_29.jpg,2008_07_29.jpg,filename_only,,,,,[],not_provided,,,9c4d06ce820fcecc,,valid,valid,valid,0.6027052003696547,0.135025,0.798035,448,159
2008_07_31__2d3ca6ec0edb,2008-07-31,1,frontal,15.59998893737793,-8.420816421508789,0.40009570121765137,2008_07_31.jpg,2008_07_31.jpg,filename_only,,,,,[],not_provided,,,9d9cdd6f7b4f6db1,,valid,valid,valid,0.6537287518552746,0.17948055555555556,0.798035,449,160
2008_08_01__6af3b8812fdf,2008-08-01,1,right_profile,-7.0968122482299805,65.307861328125,-6.315412998199463,2008_08_01.jpg,2008_08_01.jpg,filename_only,,,,,[],not_provided,,,27133f270f1b8f4e,,valid,valid,valid,0.5014142093029769,0.25718125,0.798035,450,48
2008_08_29__450a40e9f87c,2008-08-29,1,frontal,16.059951782226562,-0.7338532209396362,-8.5540132522583,2008_08_29.jpg,2008_08_29.jpg,filename_only,,,,,[],not_provided,,,969819a99c9cc971,,valid,valid,valid,0.6466997115573104,0.285971875,0.798035,451,161
2008_09_16__02833c2fd92d,2008-09-16,1,left_profile,17.31350326538086,-67.63053131103516,-3.45371675491333,2008_09_16.jpg,2008_09_16.jpg,filename_only,,,,,[],not_provided,,,3c4e862e0e0e0e3e,,valid,valid,valid,0.48125122518132685,0.2242953125,0.798035,452,55
2008_09_30__dbfd7f468cd1,2008-09-30,1,frontal,15.99075984954834,0.5078800320625305,-0.1992504745721817,2008_09_30.jpg,2008_09_30.jpg,filename_only,,,,,[],not_provided,,,a56707078f0f074f,,valid,valid,valid,0.6398386961270268,0.283903125,0.798035,453,162
2008_10_28__fd2b0c376e3c,2008-10-28,1,frontal,15.217864036560059,-0.4813029170036316,-0.0025558779016137123,2008_10_28.jpg,2008_10_28.jpg,filename_only,,,,,[],not_provided,,,969686030b8787c7,,valid,valid,valid,0.6394186339578257,0.2991757335970986,0.798035,454,163
2008_10_30__f32c7fd7c3c1,2008-10-30,1,frontal,10.697484016418457,0.49996811151504517,0.13061785697937012,2008_10_30.jpg,2008_10_30.jpg,filename_only,,,,,[],not_provided,,,132367c3cbc2c431,,valid,valid,valid,0.6829650788316671,0.3161265625,0.798035,455,164
2008_11_02__9150f0c23686,2008-11-02,1,frontal,20.62385368347168,0.0013224952854216099,-0.12433996051549911,2008_11_02.jpg,2008_11_02.jpg,filename_only,,,,,[],not_provided,,,b7969d298e0e0c4f,,valid,valid,valid,0.6226721554790109,0.285378125,0.798035,456,165
2008_11_06__79134d4bc0e2,2008-11-06,1,right_profile,-4.436432361602783,60.617366790771484,-12.533066749572754,2008_11_06.jpg,2008_11_06.jpg,filename_only,,,,,[],not_provided,,,2a8dc64c6d6c39b0,,valid,valid,valid,0.5118037469545492,0.12867777777777778,0.798035,457,49
2008_11_14__0d11151e9715,2008-11-14,1,left_light,19.729076385498047,-24.552104949951172,-6.04193639755249,2008_11_14.jpg,2008_11_14.jpg,filename_only,,,,,[],not_provided,,,36aa90d8c2424323,,valid,valid,valid,0.5894312358229018,0.29537562604340567,0.798035,458,75
2008_11_19__c68501438887,2008-11-19,1,frontal,13.22326946258545,9.536396980285645,-2.9494287967681885,2008_11_19.jpg,2008_11_19.jpg,filename_only,,,,,[],not_provided,,,2496c6ede0c64c6c,,valid,valid,valid,0.6363381780503514,0.22542292710072342,0.798035,459,166
2008_11_24__95456bbc62f6,2008-11-24,1,right_profile,8.893438339233398,52.426795959472656,-0.17366309463977814,2008_11_24.jpg,2008_11_24.jpg,filename_only,,,,,[],not_provided,,,0d46131f0f1e9f4e,,valid,valid,valid,0.531322635750091,0.1972722222222222,0.798035,460,50
2008_11_25__0e25276c81c2,2008-11-25,1,frontal,21.613872528076172,2.0890517234802246,-2.079707145690918,2008_11_25.jpg,2008_11_25.jpg,filename_only,,,,,[],not_provided,,,cd4dcec44ccde8c6,,valid,valid,valid,0.6145229493965106,0.12521424596549804,0.798035,461,167
2008_11_26__a1f491e11d70,2008-11-26,1,left_light,24.784034729003906,-13.342103004455566,1.2878049612045288,2008_11_26.jpg,2008_11_26.jpg,filename_only,,,,,[],not_provided,,,dcdcc69787cf8694,,valid,valid,valid,0.6010809599820773,0.17112222222222223,0.798035,462,76
2008_12_04__a44ee4e0195d,2008-12-04,1,left_light,13.52976131439209,-10.313583374023438,-8.329167366027832,2008_12_04.jpg,2008_12_04.jpg,filename_only,,,,,[],not_provided,,,96b161c1c0c4c563,,valid,valid,valid,0.6510123498277746,0.26789110005527916,0.798035,463,77
2008_12_12__9120245fdc9c,2008-12-12,1,right_profile,-3.697263240814209,76.83191680908203,-0.7270253300666809,2008_12_12.jpg,2008_12_12.jpg,filename_only,,,,,[],not_provided,,,8c26370f1f1b9b0e,,valid,valid,valid,0.47727463664622366,0.2141578125,0.798035,464,51
2008_12_12_2__e70f9ff420fe,2008-12-12,2,frontal,19.750402450561523,5.219709873199463,-2.6504030227661133,2008_12_12 (2).jpg,2008_12_12 (2).jpg,filename_only,,,,,[],not_provided,,,bd9c9c99b89c1db9,,valid,valid,valid,0.6209639026575933,0.18345555555555557,0.798035,465,168
2008_12_25__b97192e20178,2008-12-25,1,frontal,18.243488311767578,0.05053272470831871,-0.1712978333234787,2008_12_25.jpg,2008_12_25.jpg,filename_only,,,,,[],not_provided,,,cdcf96848c4c687b,,valid,valid,valid,0.6524965694922849,0.2219328125,0.798035,466,169
2008_12_29__4bb2f5a6e8b8,2008-12-29,1,frontal,18.322837829589844,-3.5004866123199463,0.1763102263212204,2008_12_29.jpg,2008_12_29.jpg,filename_only,,,,,[],not_provided,,,9696866bcb474f6b,,valid,valid,valid,0.6207678736452995,0.2778773333333333,0.798035,467,170
2009_01_16_1__2121c1953164,2009-01-16,1,right_deep,5.6421003341674805,42.653682708740234,4.961782455444336,2009_01_16(1).jpg,2009_01_16(1).jpg,filename_only,,,,,[],not_provided,,,db5c56d99d9fdfcf,,valid,valid,valid,0.5677280237475146,0.1897359375,0.798035,468,11
2009_01_16_2__351e5d8d0cdd,2009-01-16,2,right_profile,-42.95012664794922,86.05271911621094,-48.345314025878906,2009_01_16(2).jpg,2009_01_16(2).jpg,filename_only,,,,,[],not_provided,,,3a2c06191c9c9904,,valid,valid,valid,0.4577277437060685,0.1148703125,0.798035,469,52
2009_01_25__9ab52cc22d09,2009-01-25,1,right_mid,9.411571502685547,37.924598693847656,-2.1118905544281006,2009_01_25.jpg,2009_01_25.jpg,filename_only,,,,,[],not_provided,,,169bbbaebe9c9cce,,valid,valid,valid,0.5692962558458652,0.23914786967418547,0.798035,470,23
2009_01_26__ed2dc9a091c2,2009-01-26,1,frontal,17.029478073120117,3.3593361377716064,0.6346365809440613,2009_01_26.jpg,2009_01_26.jpg,filename_only,,,,,[],not_provided,,,9696962b2b1f9fcf,,valid,valid,valid,0.6277969139432636,0.29422895728643217,0.798035,471,171
2009_01_28__54256cf39c87,2009-01-28,1,frontal,5.026362419128418,3.857537031173706,-1.6342390775680542,2009_01_28.jpg,2009_01_28.jpg,filename_only,,,,,[],not_provided,,,0c1b1f1f3f1f0e0e,,valid,valid,valid,0.6890699823573889,0.29388314536340854,0.798035,472,172
2009_02_01__06aaa3e1ff55,2009-02-01,1,right_profile,-16.579879760742188,70.85391235351562,-14.37455940246582,2009_02_01.jpg,2009_02_01.jpg,filename_only,,,,,[],not_provided,,,ccf0fcb4fc3cb959,,valid,valid,valid,0.49273292447282196,0.2087046875,0.798035,473,53
2009_02_01_2__8674ac802d6f,2009-02-01,2,left_deep,-9.700566291809082,-43.75461196899414,-2.0324082374572754,2009_02_01 (2).jpg,2009_02_01 (2).jpg,filename_only,,,,,[],not_provided,,,bcb60d0418190d0d,,valid,valid,valid,0.573104819513288,0.3007734375,0.798035,474,15
2009_02_01_3__99f81ff7b7d5,2009-02-01,3,right_mid,-0.08076015114784241,38.539878845214844,1.2163492441177368,2009_02_01 (3).jpg,2009_02_01 (3).jpg,filename_only,,,,,[],not_provided,,,8db53d1d3c3c9c4c,,valid,valid,valid,0.5884230866168193,0.242109375,0.798035,475,24
2009_02_03__63eea1c73e9b,2009-02-03,1,right_profile,0.9193912148475647,68.23734283447266,-20.422346115112305,2009_02_03.jpg,2009_02_03.jpg,filename_only,,,,,[],not_provided,,,6c76f2d4dc3434f1,,valid,valid,valid,0.4938530902573581,0.2232875,0.798035,476,54
2009_02_04__24c91cdf25e0,2009-02-04,1,left_light,17.72933578491211,-17.693115234375,0.20292149484157562,2009_02_04.jpg,2009_02_04.jpg,filename_only,,,,,[],not_provided,,,948684d0c4c46c78,,valid,valid,valid,0.6026771962250413,0.234959375,0.798035,477,78
2009_02_05__1b7b63e3e5c3,2009-02-05,1,frontal,20.066904067993164,5.0979180335998535,-0.026060905307531357,2009_02_05.jpg,2009_02_05.jpg,filename_only,,,,,[],not_provided,,,1c868ec4cc9ccd6a,,valid,valid,valid,0.6187795793777479,0.264240625,0.798035,478,173
2009_02_06__30f88d996eeb,2009-02-06,1,left_profile,-75.31210327148438,-81.15343475341797,80.85961151123047,2009_02_06.jpg,2009_02_06.jpg,filename_only,,,,,[],not_provided,,,1ebb85818381c061,,valid,valid,valid,0.4575037105491613,0.2200578125,0.798035,479,56
2009_02_08__40a3cdb7348c,2009-02-08,1,left_mid,24.9774227142334,-25.251461029052734,-7.018049716949463,2009_02_08.jpg,2009_02_08.jpg,filename_only,,,,,[],not_provided,,,9cb6225a46476e3e,,valid,valid,valid,0.5705004340642416,0.2315125,0.798035,480,25
2009_02_10__fadbd3c2edda,2009-02-10,1,right_mid,13.299639701843262,32.32255554199219,8.935245513916016,2009_02_10.jpg,2009_02_10.jpg,filename_only,,,,,[],not_provided,,,8c261b3f2c3c9c89,,valid,valid,valid,0.5780895572544736,0.287446875,0.798035,481,25
2009_02_16__d6260b70365a,2009-02-16,1,left_deep,25.586334228515625,-42.18550491333008,-7.2913289070129395,2009_02_16.jpg,2009_02_16.jpg,filename_only,,,,,[],not_provided,,,9ea7270b8303868c,,valid,valid,valid,0.5276260886611218,0.225165625,0.798035,482,16
2009_02_24__b1c78a67bf9a,2009-02-24,1,left_light,22.105915069580078,-14.336494445800781,0.2702980041503906,2009_02_24.jpg,2009_02_24.jpg,filename_only,,,,,[],not_provided,,,169696b3dbd34f4b,,valid,valid,valid,0.5978884874961494,0.2556625,0.798035,483,79
2009_02_24_2__a5cade7a1c5b,2009-02-24,2,frontal,17.88797950744629,1.3029872179031372,-0.14036592841148376,2009_02_24 (2).jpg,2009_02_24 (2).jpg,filename_only,,,,,[],not_provided,,,568ed668cecec74f,,valid,valid,valid,0.6312134195860988,0.2833625,0.798035,484,174
2009_02_25__d937a61591a7,2009-02-25,1,frontal,22.88202476501465,2.384087085723877,0.02235243283212185,2009_02_25.jpg,2009_02_25.jpg,filename_only,,,,,[],not_provided,,,d6968ea38f8f8fcf,,valid,valid,valid,0.6102103111260466,0.2720078125,0.798035,485,175
2009_02_26__11a038146779,2009-02-26,1,left_light,20.93688201904297,-16.339679718017578,-0.07995685935020447,2009_02_26.jpg,2009_02_26.jpg,filename_only,,,,,[],not_provided,,,9c96865146468736,,valid,valid,valid,0.6081660085692683,0.2182921875,0.798035,486,80
2009_02_27__9bc408a34623,2009-02-27,1,left_deep,12.928253173828125,-43.971336364746094,-2.8017618656158447,2009_02_27.jpg,2009_02_27.jpg,filename_only,,,,,[],not_provided,,,19112688c8c1c121,,valid,valid,valid,0.5558542664314319,0.2445828125,0.798035,487,17
2009_02_27_2__6c3dd2713529,2009-02-27,2,frontal,22.471040725708008,-4.224092960357666,-0.8545238375663757,2009_02_27 (2).jpg,2009_02_27 (2).jpg,filename_only,,,,,[],not_provided,,,37968673cf576f7f,,valid,valid,valid,0.6225881430451707,0.2512703125,0.798035,488,176
2009_03_02__e5fd12489854,2009-03-02,1,left_light,14.0277738571167,-24.117950439453125,2.11500883102417,2009_03_02.jpg,2009_03_02.jpg,filename_only,,,,,[],not_provided,,,95848e99c646646d,,valid,valid,valid,0.6041894200341651,0.235384375,0.798035,489,81
2009_03_03__72ee53ae59aa,2009-03-03,1,right_mid,12.343894958496094,38.87453079223633,-7.837243556976318,2009_03_03.jpg,2009_03_03.jpg,filename_only,,,,,[],not_provided,,,d6ea78ccecfc7932,,valid,valid,valid,0.5682320983505559,0.2603171875,0.798035,490,26
2009_03_05__9f68857a17e0,2009-03-05,1,frontal,15.748808860778809,-3.0155577659606934,-0.05730912461876869,2009_03_05.jpg,2009_03_05.jpg,filename_only,,,,,[],not_provided,,,cad6657044446033,,valid,valid,valid,0.6493321011509704,0.2219328125,0.798035,491,177
2009_03_12__74fd42ca24d2,2009-03-12,1,right_mid,9.629225730895996,39.94822311401367,-13.686335563659668,2009_03_12.jpg,2009_03_12.jpg,filename_only,,,,,[],not_provided,,,4b899f8f2f3f1f4e,,valid,valid,valid,0.567335965722927,0.2917234375,0.798035,492,27
2009_03_23__399037c649f3,2009-03-23,1,right_light,11.135383605957031,17.36699676513672,-0.012225824408233166,2009_03_23.jpg,2009_03_23.jpg,filename_only,,,,,[],not_provided,,,969ebe37173f1f4e,,valid,valid,valid,0.6384104847517432,0.300284375,0.798035,493,45
2009_03_25__8eec915b3b3e,2009-03-25,1,right_profile,-10.147911071777344,75.21710205078125,-17.977563858032227,2009_03_25.jpg,2009_03_25.jpg,filename_only,,,,,[],not_provided,,,cc521a061e3a9bcc,,valid,valid,valid,0.48147525833823407,0.2134953125,0.798035,494,55
2009_03_26__d7851a081a64,2009-03-26,1,frontal,22.669204711914062,-1.4786146879196167,-0.1930910348892212,2009_03_26.jpg,2009_03_26.jpg,filename_only,,,,,[],not_provided,,,169696e8cec46c39,,valid,valid,valid,0.6028732252373351,0.2387796875,0.798035,495,178
2009_03_28__bad9e42a4be4,2009-03-28,1,frontal,10.942992210388184,-1.3865426778793335,0.2032296061515808,2009_03_28.jpg,2009_03_28.jpg,filename_only,,,,,[],not_provided,,,96d65668c8cc4c21,,valid,valid,valid,0.6788204654288835,0.271590625,0.798035,496,179
2009_03_30__52dca04edecf,2009-03-30,1,right_profile,31.875675201416016,73.1663589477539,17.492197036743164,2009_03_30.jpg,2009_03_30.jpg,filename_only,,,,,[],not_provided,,,6486128cd494d524,,valid,valid,valid,0.48113920860287324,0.170421875,0.798035,497,56
2009_04_01__341aa320ec5a,2009-04-01,1,left_deep,27.96504783630371,-44.233150482177734,-8.914149284362793,2009_04_01.jpg,2009_04_01.jpg,filename_only,,,,,[],not_provided,,,2e6e561941434b23,,valid,valid,valid,0.5323027808115601,0.243596875,0.798035,498,18
2009_04_02__1efdafeb2667,2009-04-02,1,right_light,22.835344314575195,12.882428169250488,7.112438201904297,2009_04_02.jpg,2009_04_02.jpg,filename_only,,,,,[],not_provided,,,979696701e968dc9,,valid,valid,valid,0.5999047859083144,0.2397734375,0.798035,499,46
2009_04_03__6b5cebbac82b,2009-04-03,1,right_mid,24.80305290222168,36.52436828613281,11.207988739013672,2009_04_03.jpg,2009_04_03.jpg,filename_only,,,,,[],not_provided,,,84961e2e2c1c8949,,valid,valid,valid,0.5481811308073595,0.215878125,0.798035,500,28
2009_04_06_2__c5e5bbe2326f,2009-04-06,2,right_deep,3.348789930343628,41.42332077026367,-1.4795401096343994,2009_04_06 (2).jpg,2009_04_06 (2).jpg,filename_only,,,,,[],not_provided,,,d3ebccbcec1c0d78,,valid,valid,valid,0.5848385561063038,0.270296875,0.798035,501,12
2009_04_10__aa6a3f0412e1,2009-04-10,1,frontal,20.456012725830078,7.117632865905762,0.05521353706717491,2009_04_10.jpg,2009_04_10.jpg,filename_only,,,,,[],not_provided,,,16060e260e0e8cc8,,valid,valid,valid,0.6050295443725672,0.238653125,0.798035,502,180
2009_04_13__8fbf43143d79,2009-04-13,1,frontal,17.009153366088867,-4.043827533721924,1.316285252571106,2009_04_13.jpg,2009_04_13.jpg,filename_only,,,,,[],not_provided,,,8c8484e1c4c469b3,,valid,valid,valid,0.6389985717886247,0.2192015625,0.798035,503,181
2009_04_22__07d0c33f0411,2009-04-22,1,frontal,14.969653129577637,-0.5957885980606079,0.13282658159732819,2009_04_22.jpg,2009_04_22.jpg,filename_only,,,,,[],not_provided,,,9c1c84c0c0cdc973,,valid,valid,valid,0.6617659413593212,0.2513828125,0.798035,504,182
2009_04_27__f9e5a1392d8e,2009-04-27,1,frontal,13.007144927978516,-5.664909839630127,-0.277195543050766,2009_04_27.jpg,2009_04_27.jpg,filename_only,,,,,[],not_provided,,,169696ec8ccc4c29,,valid,valid,valid,0.6616819289254809,0.2729734375,0.798035,505,183
2009_05_07__383579fc2ce1,2009-05-07,1,right_mid,20.15377426147461,32.806209564208984,-0.06127309054136276,2009_05_07.jpg,2009_05_07.jpg,filename_only,,,,,[],not_provided,,,9d9e7eee3d3df973,,valid,valid,valid,0.5728807863563807,0.23643125,0.798035,506,29
2009_05_09__3fce6de782e7,2009-05-09,1,left_profile,-1.580323338508606,-68.08573913574219,1.8181074857711792,2009_05_09.jpg,2009_05_09.jpg,filename_only,,,,,[],not_provided,,,ccb3c39387c36367,,valid,valid,valid,0.4918647959898065,0.23426875,0.798035,507,57
2009_06_03__4db76aa26c0a,2009-06-03,1,frontal,14.494149208068848,-4.908234596252441,0.02524683251976967,2009_06_03.jpg,2009_06_03.jpg,filename_only,,,,,[],not_provided,,,969686060f078e4c,,valid,valid,valid,0.6583494357164861,0.2289828125,0.798035,508,184
2009_06_05__7d0a6e87c7aa,2009-06-05,1,right_profile,2.2706594467163086,70.53802490234375,3.9924168586730957,2009_06_05.jpg,2009_06_05.jpg,filename_only,,,,,[],not_provided,,,c98c363e1e1b8f4f,,valid,valid,valid,0.49074463020527037,0.181159375,0.798035,509,57
2009_06_10__6294280d8f6b,2009-06-10,1,frontal,8.215685844421387,-1.583951711654663,-0.2528015077114105,2009_06_10.jpg,2009_06_10.jpg,filename_only,,,,,[],not_provided,,,366045a2aac64d09,,valid,valid,valid,0.6683189111988574,0.3191703125,0.798035,510,185
2009_07_15__4290d61d7a5a,2009-07-15,1,right_profile,-29.89543914794922,85.9533462524414,-27.400522232055664,2009_07_15.jpg,2009_07_15.jpg,filename_only,,,,,[],not_provided,,,9d003c5e3d9bdfcd,,valid,valid,valid,0.45800778515220253,0.1702328125,0.798035,511,58
2009_07_18__9bb32aeeca8f,2009-07-18,1,frontal,27.596065521240234,-2.358673334121704,4.762507438659668,2009_07_18.jpg,2009_07_18.jpg,filename_only,,,,,[],not_provided,,,96968ebbc7cece47,,valid,valid,valid,0.5567784032036741,0.2769111111111111,0.798035,512,186
2009_08_01_1__3b61dce97812,2009-08-01,1,frontal,21.17060089111328,-3.4785029888153076,0.14552699029445648,2009_08_01(1).jpg,2009_08_01(1).jpg,filename_only,,,,,[],not_provided,,,d08787878387874f,,valid,valid,valid,0.5757372091069478,0.266696875,0.798035,513,187
2009_08_01_2__eefb0354e844,2009-08-01,2,right_profile,13.458335876464844,59.99675369262695,-12.747136116027832,2009_08_01(2).jpg,2009_08_01(2).jpg,filename_only,,,,,[],not_provided,,,2880090b030f1316,,valid,valid,valid,0.499061861155451,0.2280921875,0.798035,514,59
2009_08_12_2__25297081b3b6,2009-08-12,2,right_deep,7.024904251098633,44.21278381347656,-7.61579704284668,2009_08_12(2).jpg,2009_08_12(2).jpg,filename_only,,,,,[],not_provided,,,c3c30c0e0e1c0c48,,valid,valid,valid,0.5579265731328237,0.25656758448060074,0.798035,515,13
2009_08_24__f8294b3bf327,2009-08-24,1,frontal,11.249629974365234,-2.2877564430236816,7.966090202331543,2009_08_24.jpg,2009_08_24.jpg,filename_only,,,,,[],not_provided,,,b696d6dce8c68f4d,,valid,valid,valid,0.6732476406508163,0.31991597222222223,0.798035,516,188
2009_08_29__91867a6526c5,2009-08-29,1,frontal,8.514251708984375,5.437509536743164,0.6264790892601013,2009_08_29.jpg,2009_08_29.jpg,filename_only,,,,,[],not_provided,,,8c4c5c1fbb3d1d6c,,valid,valid,valid,0.6771962250413062,0.21670555555555557,0.798035,517,189
2009_09_11__83350e155969,2009-09-11,1,left_profile,23.175565719604492,-50.737640380859375,-8.361417770385742,2009_09_11.jpg,2009_09_11.jpg,filename_only,,,,,[],not_provided,,,99be24c8c8e06132,,valid,valid,valid,0.5380156263126943,0.1807921875,0.798035,518,58
2009_09_19__3227c25726be,2009-09-19,1,frontal,12.79764175415039,-2.734745740890503,4.965895175933838,2009_09_19.jpg,2009_09_19.jpg,filename_only,,,,,[],not_provided,,,f87919989cac7879,,valid,valid,valid,0.6444313758436249,0.2084506455643482,0.798035,519,190
2009_09_24__a781e62958f6,2009-09-24,1,right_light,12.915205001831055,10.086267471313477,-7.044238090515137,2009_09_24.jpg,2009_09_24.jpg,filename_only,,,,,[],not_provided,,,96da199d341c0e4e,,valid,valid,valid,0.6177154218824386,0.2328848560700876,0.798035,520,47
2009_09_29__ef3ef367fef3,2009-09-29,1,left_light,10.846362113952637,-16.96071434020996,-0.6366202235221863,2009_09_29.jpg,2009_09_29.jpg,filename_only,,,,,[],not_provided,,,9e9690d1d1c140b2,,valid,valid,valid,0.6367582402195525,0.27299038803844783,0.798035,521,82
2009_10_01__00869c7f2478,2009-10-01,1,frontal,19.320940017700195,-6.576128959655762,-1.9893112182617188,2009_10_01.jpg,2009_10_01.jpg,filename_only,,,,,[],not_provided,,,151686d14c8e4c49,,valid,valid,valid,0.6333137304321039,0.23379687730327767,0.798035,522,191
2009_10_05__3aa73d987437,2009-10-05,1,left_light,16.861848831176758,-14.245372772216797,-2.8656604290008545,2009_10_05.jpg,2009_10_05.jpg,filename_only,,,,,[],not_provided,,,96968e071707070f,,valid,valid,valid,0.6130667338766137,0.29332706766917294,0.798035,523,83
2009_10_07__b9de1e4af983,2009-10-07,1,frontal,21.448904037475586,-2.266084909439087,-0.6910856366157532,2009_10_07.jpg,2009_10_07.jpg,filename_only,,,,,[],not_provided,,,2223030725040703,,valid,valid,valid,0.5885911114844997,0.591203007518797,0.798035,524,192
2009_10_13_1__b1d56e6fc180,2009-10-13,1,frontal,20.16913414001465,5.268271446228027,-2.543281316757202,2009_10_13(1).jpg,2009_10_13(1).jpg,filename_only,,,,,[],not_provided,,,c383a70303070386,,valid,valid,valid,0.616147189784088,0.3588580827067669,0.798035,525,193
2009_10_13__7e9daf47564c,2009-10-13,1,left_mid,7.051843643188477,-35.923587799072266,-2.3584818840026855,2009_10_13.jpg,2009_10_13.jpg,filename_only,,,,,[],not_provided,,,9dbb6dcacacace66,,valid,valid,valid,0.599596740317567,0.23886617024739584,0.798035,526,26
2009_10_13_2__9017aaa197e8,2009-10-13,2,left_profile,23.70966339111328,-75.48006439208984,-14.30258560180664,2009_10_13 (2).jpg,2009_10_13 (2).jpg,filename_only,,,,,[],not_provided,,,ccce4703c743078d,,valid,valid,valid,0.4670531238623316,0.15723705291748047,0.798035,527,59
2009_10_13_3__5bcea423e303,2009-10-13,3,right_light,13.066286087036133,18.96055030822754,-6.217895030975342,2009_10_13 (3).jpg,2009_10_13 (3).jpg,filename_only,,,,,[],not_provided,,,33838b13930787ce,,valid,valid,valid,0.6060096894340362,0.38715365380518274,0.798035,528,48
2009_10_14__aca42bd91aea,2009-10-14,1,right_profile,-2.988191604614258,61.15964126586914,-3.635478973388672,2009_10_14.jpg,2009_10_14.jpg,filename_only,,,,,[],not_provided,,,2566db9e8e0c8d2d,,valid,valid,valid,0.5138760536559411,0.17361903998824857,0.798035,529,60
2009_10_19__38fc11c01b9a,2009-10-19,1,left_light,15.5850191116333,-17.57853889465332,-5.689558029174805,2009_10_19.jpg,2009_10_19.jpg,filename_only,,,,,[],not_provided,,,9696ced3d7c7cb63,,valid,valid,valid,0.6190316166792685,0.247725234520087,0.798035,530,84
2009_10_19_2__ea77b8163b39,2009-10-19,2,frontal,3.9767274856567383,-5.750945091247559,-8.064081192016602,2009_10_19 (2).jpg,2009_10_19 (2).jpg,filename_only,,,,,[],not_provided,,,969666d6c3cbc6e6,,valid,valid,valid,0.7017558598672603,0.27866833060104257,0.798035,531,194
2009_10_20__f0cd85cec0e4,2009-10-20,1,frontal,6.941372394561768,-4.327570915222168,-0.09799661487340927,2009_10_20.jpg,2009_10_20.jpg,filename_only,,,,,[],not_provided,,,236bd5cce8ccce4d,,valid,valid,valid,0.6719594499985998,0.3133515625,0.798035,532,195
2009_10_21__e2a59e960b12,2009-10-21,1,left_light,14.8485107421875,-16.26564598083496,-3.1711182594299316,2009_10_21.jpg,2009_10_21.jpg,filename_only,,,,,[],not_provided,,,45ce8694d1c44c20,,valid,valid,valid,0.617183343134784,0.2264350475624257,0.798035,533,85
2009_10_25__28671c6bca3b,2009-10-25,1,left_light,11.742817878723145,-12.984827995300293,-2.1301259994506836,2009_10_25.jpg,2009_10_25.jpg,filename_only,,,,,[],not_provided,,,9c9c1c363f0f1f87,,valid,valid,valid,0.6488000224033157,0.3167475525410137,0.798035,534,86
2009_10_25_2__70531140f3b1,2009-10-25,2,right_light,16.702978134155273,23.14719009399414,1.1110894680023193,2009_10_25 (2).jpg,2009_10_25 (2).jpg,filename_only,,,,,[],not_provided,,,6b9d949f9a9e8f47,,valid,valid,valid,0.5898232938474894,0.29269097222222223,0.798035,535,49
2009_10_27__d683f93931d5,2009-10-27,1,right_mid,26.17088508605957,28.787879943847656,6.074956893920898,2009_10_27.jpg,2009_10_27.jpg,filename_only,,,,,[],not_provided,,,56869f071f1f8f4f,,valid,valid,valid,0.5693242599904786,0.24204520472372357,0.798035,536,30
2009_10_27_2__4831ccd9dcea,2009-10-27,2,left_mid,22.158170700073242,-32.19847106933594,-5.364672660827637,2009_10_27(2).jpg,2009_10_27(2).jpg,filename_only,,,,,[],not_provided,,,e6c78d0b933b0b05,,valid,valid,valid,0.5538659721638802,0.6374075814536341,0.753702,537,27
2009_10_29__e12fd98ba226,2009-10-29,1,left_light,13.641332626342773,-10.369132995605469,-0.20030435919761658,2009_10_29.jpg,2009_10_29.jpg,filename_only,,,,,[],not_provided,,,9c9c9e9c3c9c1c0d,,valid,valid,valid,0.6533646979753004,0.2545999316294315,0.798035,538,87
2009_10_29_2__cf341bc8c074,2009-10-29,2,right_profile,3.5483033657073975,67.75495147705078,4.569575786590576,2009_10_29 (2).jpg,2009_10_29 (2).jpg,filename_only,,,,,[],not_provided,,,cc6612064e8c0cc4,,valid,valid,valid,0.49365706124506425,0.20606965426736865,0.798035,539,61
2009_11_25__d6449a26fbe8,2009-11-25,1,frontal,11.083954811096191,-2.5856261253356934,0.60367751121521,2009_11_25.jpg,2009_11_25.jpg,filename_only,,,,,[],not_provided,,,4e8690c0c8c8c471,,valid,valid,valid,0.6690190148141925,0.3003159722222222,0.798035,540,196
2009_12_03__cd468d2bbd62,2009-12-03,1,left_light,18.042707443237305,-23.43952751159668,-2.4737021923065186,2009_12_03.jpg,2009_12_03.jpg,filename_only,,,,,[],not_provided,,,3c212b0111070e8c,,valid,valid,valid,0.5932678036349379,0.26587083333333333,0.798035,541,88
2009_12_03_2__20aa161c9859,2009-12-03,2,right_mid,8.075471878051758,36.09162139892578,-2.354285478591919,2009_12_03 (2).jpg,2009_12_03 (2).jpg,filename_only,,,,,[],not_provided,,,c3c347d7c7860d0d,,valid,valid,valid,0.5828222576941388,0.2914263888888889,0.798035,542,31
2009_12_10__0f7a51398240,2009-12-10,1,right_mid,13.535170555114746,34.62348175048828,1.2612285614013672,2009_12_10.jpg,2009_12_10.jpg,filename_only,,,,,[],not_provided,,,c6a62a1e272f2f1e,,valid,valid,valid,0.5941359321179535,0.24659375,0.798035,543,32
2009_12_10_2__e94160bb38b8,2009-12-10,2,frontal,6.884720325469971,7.747657299041748,-0.4521191120147705,2009_12_10 (2).jpg,2009_12_10 (2).jpg,filename_only,,,,,[],not_provided,,,2c94772f23a79f8d,,valid,valid,valid,0.6803046850933938,0.25066180555555556,0.798035,544,197
2009_12_11__ab3d0be267e5,2009-12-11,1,frontal,18.301654815673828,-3.2160427570343018,-0.1194646954536438,2009_12_11.jpg,2009_12_11.jpg,filename_only,,,,,[],not_provided,,,9696c4e9ccc44c69,,valid,valid,valid,0.6245484331681089,0.2390328125,0.798035,545,198
2009_12_13__3d4f78839158,2009-12-13,1,frontal,19.080900192260742,-3.532473087310791,-3.537216901779175,2009_12_13.jpg,2009_12_13.jpg,filename_only,,,,,[],not_provided,,,169696e6e8c6c469,,valid,valid,valid,0.6368702567980061,0.276365625,0.798035,546,199
2009_12_18__b63487f5a266,2009-12-18,1,right_profile,-52.119789123535156,79.73313903808594,-49.23757553100586,2009_12_18.jpg,2009_12_18.jpg,filename_only,,,,,[],not_provided,,,8c233d2c1c98db7e,,valid,valid,valid,0.4682012937914811,0.2057640625,0.798035,547,62
2010_01_05__412b0304c690,2010-01-05,1,right_mid,24.53070068359375,27.672677993774414,3.884735107421875,2010_01_05.jpg,2010_01_05.jpg,filename_only,,,,,[],not_provided,,,968adcf4dccc6c69,,valid,valid,valid,0.5691562351227982,0.253728125,0.798035,548,33
2010_01_07__3de50bb92856,2010-01-07,1,left_light,8.103821754455566,-10.945324897766113,0.03044695407152176,2010_01_07.jpg,2010_01_07.jpg,filename_only,,,,,[],not_provided,,,9495180414464434,,valid,valid,valid,0.6940547200985746,0.3069703125,0.798035,549,89
2010_01_13__d3f296b6976f,2010-01-13,1,right_profile,13.171186447143555,66.59455108642578,2.424546003341675,2010_01_13.jpg,2010_01_13.jpg,filename_only,,,,,[],not_provided,,,879bb6dedafaf8f1,,valid,valid,valid,0.4890083732392394,0.2507015625,0.798035,550,63
2010_01_19__a7f91aa45ceb,2010-01-19,1,right_light,9.209477424621582,22.341705322265625,1.0261054039001465,2010_01_19.jpg,2010_01_19.jpg,filename_only,,,,,[],not_provided,,,93c347535347170f,,valid,valid,valid,0.6148589991318715,0.3742203125,0.798035,551,50
2010_01_20__bf9410f53b4f,2010-01-20,1,left_light,9.675915718078613,-24.894180297851562,-1.0850447416305542,2010_01_20.jpg,2010_01_20.jpg,filename_only,,,,,[],not_provided,,,66820a4901010383,,valid,valid,valid,0.6226441513343975,0.3486515625,0.798035,552,90
2010_01_20_2__0b4521fe472e,2010-01-20,2,left_profile,-4.617905616760254,-85.43267059326172,1.7066758871078491,2010_01_20 (2).jpg,2010_01_20 (2).jpg,filename_only,,,,,[],not_provided,,,4703039306008101,,valid,valid,valid,0.4555714245708365,0.2179859375,0.798035,553,60
2010_01_22__4a436a0095a4,2010-01-22,1,right_light,8.057477951049805,17.107316970825195,-11.888288497924805,2010_01_22.jpg,2010_01_22.jpg,filename_only,,,,,[],not_provided,,,93c366c5d69c8dcc,,valid,valid,valid,0.6388025427763309,0.311790625,0.798035,554,51
2010_01_27__ce3b268e899e,2010-01-27,1,left_light,20.557952880859375,-15.253894805908203,0.05580296367406845,2010_01_27.jpg,2010_01_27.jpg,filename_only,,,,,[],not_provided,,,3c78e83cac9ccc6c,,valid,valid,valid,0.6159231566271808,0.266725,0.798035,555,91
2010_01_28__1ef788c3e388,2010-01-28,1,left_profile,-13.3672513961792,-75.26548767089844,21.459930419921875,2010_01_28.jpg,2010_01_28.jpg,filename_only,,,,,[],not_provided,,,4f53838397c3c386,,valid,valid,valid,0.48553585930717746,0.23840625,0.798035,556,61
2010_02_02__67a4979464ea,2010-02-02,1,right_profile,0.4199165999889374,67.36851501464844,-15.228144645690918,2010_02_02.jpg,2010_02_02.jpg,filename_only,,,,,[],not_provided,,,c6930f171e3b9bc6,,valid,valid,valid,0.4922568540143941,0.2266140625,0.798035,557,64
2010_02_08__bfcf2ee9267a,2010-02-08,1,left_profile,18.0510311126709,-65.48644256591797,-7.0717949867248535,2010_02_08.jpg,2010_02_08.jpg,filename_only,,,,,[],not_provided,,,5b930193d5c10306,,valid,valid,valid,0.48545184687333726,0.235084375,0.798035,558,62
2010_02_10__3831740dd6c6,2010-02-10,1,left_light,19.330915451049805,-10.712111473083496,-8.120020866394043,2010_02_10.jpg,2010_02_10.jpg,filename_only,,,,,[],not_provided,,,96dcecf49c9ccc69,,valid,valid,valid,0.6328096558290627,0.2992671875,0.798035,559,92
2010_02_11__66995147a003,2010-02-11,1,right_light,-4.62575626373291,11.446654319763184,0.11497993022203445,2010_02_11.jpg,2010_02_11.jpg,filename_only,,,,,[],not_provided,,,2494e86544464003,,valid,valid,valid,0.6962950516676468,0.22688829787234044,0.798035,560,52
2010_02_11_2__1d569769f040,2010-02-11,2,right_light,17.384349822998047,11.206390380859375,-0.28151562809944153,2010_02_11 (2).jpg,2010_02_11 (2).jpg,filename_only,,,,,[],not_provided,,,4d460ccccd0c1937,,valid,valid,valid,0.5985045786776443,0.1673078125,0.798035,561,53
2010_02_17__f95f071073d5,2010-02-17,1,left_mid,24.57422637939453,-27.128984451293945,-12.879794120788574,2010_02_17.jpg,2010_02_17.jpg,filename_only,,,,,[],not_provided,,,16868ad8cccf0f0d,,valid,valid,valid,0.5756531966731077,0.26755625,0.798035,562,28
2010_02_17_2__d39929af3c2a,2010-02-17,2,right_light,20.534456253051758,14.79387092590332,-0.37801945209503174,2010_02_17 (2).jpg,2010_02_17 (2).jpg,filename_only,,,,,[],not_provided,,,8a8e9e349c9c9c49,,valid,valid,valid,0.5976644543392422,0.271671875,0.798035,563,54
2010_02_18__75a3978f1996,2010-02-18,1,left_profile,1.6709715127944946,-83.83846282958984,14.356093406677246,2010_02_18.jpg,2010_02_18.jpg,filename_only,,,,,[],not_provided,,,c9913d434929339f,,valid,valid,valid,0.4607801954689294,0.1856796875,0.798035,564,63
2010_02_24__3685c62be801,2010-02-24,1,frontal,16.074737548828125,0.10480177402496338,-7.278994560241699,2010_02_24.jpg,2010_02_24.jpg,filename_only,,,,,[],not_provided,,,d8cccc86068e8c78,,valid,valid,valid,0.6517964658769498,0.1524125,0.798035,565,200
2010_02_24_2__41f078985eea,2010-02-24,2,left_light,7.618972301483154,-18.844621658325195,1.7155365943908691,2010_02_24(2).jpg,2010_02_24(2).jpg,filename_only,,,,,[],not_provided,,,382c14160626868c,,valid,valid,valid,0.6706152510571565,0.310371875,0.798035,566,93
2010_02_24_3__671b58effd30,2010-02-24,3,left_light,19.37802505493164,-17.18506622314453,-0.25367096066474915,2010_02_24(3).jpg,2010_02_24(3).jpg,filename_only,,,,,[],not_provided,,,998d86160707864f,,valid,valid,valid,0.6142149038057633,0.2385640625,0.798035,567,94
2010_02_27__fe10d6e0a7aa,2010-02-27,1,right_profile,2.6352319717407227,63.956974029541016,5.289953231811523,2010_02_27.jpg,2010_02_27.jpg,filename_only,,,,,[],not_provided,,,06b3dc36da7c7c79,,valid,valid,valid,0.5053347895488532,0.24794375,0.798035,568,65
2010_03_10__d3d74435048c,2010-03-10,1,left_mid,16.07731056213379,-28.932788848876953,0.03170381486415863,2010_03_10.jpg,2010_03_10.jpg,filename_only,,,,,[],not_provided,,,362688c8c0c36665,,valid,valid,valid,0.6062897308801702,0.2798890625,0.798035,569,29
2010_03_12__ec3ff7faa0c1,2010-03-12,1,left_profile,21.011371612548828,-66.13741302490234,-21.42412757873535,2010_03_12.jpg,2010_03_12.jpg,filename_only,,,,,[],not_provided,,,cb9103832743240d,,valid,valid,valid,0.4892044022515332,0.2081390625,0.798035,570,64
2010_03_12_2__70eaa362cadb,2010-03-12,2,right_profile,3.4596755504608154,68.28369140625,-10.810288429260254,2010_03_12 (2).jpg,2010_03_12 (2).jpg,filename_only,,,,,[],not_provided,,,031b1b1e16343634,,valid,valid,valid,0.49141672967599204,0.257515625,0.798035,571,66
2010_03_17__62a1a2ccfaa4,2010-03-17,1,left_profile,19.337432861328125,-59.29248809814453,-18.271387100219727,2010_03_17.jpg,2010_03_17.jpg,filename_only,,,,,[],not_provided,,,1b51dac0a4c1c161,,valid,valid,valid,0.4982497409616623,0.2963828125,0.798035,572,65
2010_03_17_2__d93fd26740a2,2010-03-17,2,frontal,3.1294374465942383,8.729498863220215,-0.0613267719745636,2010_03_17 (2).jpg,2010_03_17 (2).jpg,filename_only,,,,,[],not_provided,,,2666e7cbd3cf464c,,valid,valid,valid,0.6940547200985746,0.3442390625,0.798035,573,201
2010_03_22__3680f0412b60,2010-03-22,1,right_profile,-18.661039352416992,78.13916778564453,-16.740373611450195,2010_03_22.jpg,2010_03_22.jpg,filename_only,,,,,[],not_provided,,,3d5f3e6c363c1819,,valid,valid,valid,0.47604245428323394,0.25593125,0.798035,574,67
2010_03_26__400879f213d3,2010-03-26,1,left_deep,26.027151107788086,-41.34208679199219,-15.691112518310547,2010_03_26.jpg,2010_03_26.jpg,filename_only,,,,,[],not_provided,,,9e96828cc6c7ce60,,valid,valid,valid,0.5570864487944216,0.24455625,0.798035,575,19
2010_03_26_2__47ed13ad536e,2010-03-26,2,frontal,-2.5785844326019287,-1.5827122926712036,0.212989941239357,2010_03_26 (2).jpg,2010_03_26 (2).jpg,filename_only,,,,,[],not_provided,,,91e9d1d6aac3064f,,valid,valid,valid,0.7209667030720547,0.33908125,0.798035,576,202
2010_04_03__2352a7a89c31,2010-04-03,1,left_profile,3.267771005630493,-62.387943267822266,14.245960235595703,2010_04_03.jpg,2010_04_03.jpg,filename_only,,,,,[],not_provided,,,5b93871b87c5e273,,valid,valid,valid,0.49992998963846647,0.245459375,0.798035,577,66
2010_04_04__64fb53e09903,2010-04-04,1,right_profile,-6.778589248657227,61.53053283691406,-6.793528079986572,2010_04_04.jpg,2010_04_04.jpg,filename_only,,,,,[],not_provided,,,e7f376363e6c3c1e,,valid,valid,valid,0.516228401803467,0.3034328125,0.798035,578,68
2010_04_05__e755ee988d95,2010-04-05,1,frontal,16.52723503112793,-3.3622162342071533,0.026198362931609154,2010_04_05.jpg,2010_04_05.jpg,filename_only,,,,,[],not_provided,,,a696c7eb83874e4d,,valid,valid,valid,0.6522445321907643,0.3438265625,0.798035,579,203
2010_04_06__f4b737bc272a,2010-04-06,1,frontal,20.5628662109375,4.038374423980713,-0.19463850557804108,2010_04_06.jpg,2010_04_06.jpg,filename_only,,,,,[],not_provided,,,4686962b0b0f178f,,valid,valid,valid,0.6198157327284438,0.2832359375,0.798035,580,204
2010_04_10__821a5a905a98,2010-04-10,1,left_profile,10.95434856414795,-66.59321594238281,-12.274988174438477,2010_04_10.jpg,2010_04_10.jpg,filename_only,,,,,[],not_provided,,,3d259381a5c74301,,valid,valid,valid,0.49578537623568286,0.268965625,0.798035,581,67
2010_04_15__58db53202a9a,2010-04-15,1,right_profile,-30.231727600097656,78.2457504272461,-26.769168853759766,2010_04_15.jpg,2010_04_15.jpg,filename_only,,,,,[],not_provided,,,47797eb6bf3e1d0f,,valid,valid,valid,0.47917891847993505,0.2415375,0.798035,582,69
2010_04_17__f407318ca501,2010-04-17,1,frontal,16.491933822631836,-2.0550878047943115,-0.1685521900653839,2010_04_17.jpg,2010_04_17.jpg,filename_only,,,,,[],not_provided,,,96163e3a3b3e1e79,,valid,valid,valid,0.6584614522949397,0.29718125,0.798035,583,205
2010_04_21__8e8d909c5ab0,2010-04-21,1,right_profile,18.091299057006836,61.15986633300781,-1.2850580215454102,2010_04_21.jpg,2010_04_21.jpg,filename_only,,,,,[],not_provided,,,bc72614ece9ed8b1,,valid,valid,valid,0.49892184043238397,0.206853125,0.798035,584,70
2010_04_23__d43546f5e5ba,2010-04-23,1,left_profile,-46.862213134765625,-87.32466125488281,61.91705322265625,2010_04_23.jpg,2010_04_23.jpg,filename_only,,,,,[],not_provided,,,81c020c1c0c8f3c3,,valid,valid,valid,0.44428575429163514,0.1872953125,0.798035,585,68
2010_04_24__7be23816cd67,2010-04-24,1,frontal,16.693889617919922,2.4373693466186523,-0.052703019231557846,2010_04_24.jpg,2010_04_24.jpg,filename_only,,,,,[],not_provided,,,67c3cb707463e715,,valid,valid,valid,0.6540928057352489,0.2797953125,0.798035,586,206
2010_04_26__62ae30df567b,2010-04-26,1,frontal,28.683443069458008,-6.183182716369629,0.5660057663917542,2010_04_26.jpg,2010_04_26.jpg,filename_only,,,,,[],not_provided,,,9d9e2eb89c945c6b,,valid,valid,valid,0.5741409728639839,0.2632859375,0.798035,587,207
2010_04_27__aa4350337356,2010-04-27,1,left_profile,24.20758628845215,-57.479637145996094,-8.049007415771484,2010_04_27.jpg,2010_04_27.jpg,filename_only,,,,,[],not_provided,,,5e96ad8ec7c7e771,,valid,valid,valid,0.4962894508387241,0.2224078125,0.798035,588,69
2010_04_30__193f23602663,2010-04-30,1,right_light,15.074233055114746,18.72842788696289,-0.25530850887298584,2010_04_30.jpg,2010_04_30.jpg,filename_only,,,,,[],not_provided,,,17177e77173f1f0f,,valid,valid,valid,0.611974572236691,0.2686953125,0.798035,589,55
2010_05_09__d9c41e5d9999,2010-05-09,1,left_profile,2.7674453258514404,-77.09503173828125,-5.935861587524414,2010_05_09.jpg,2010_05_09.jpg,filename_only,,,,,[],not_provided,,,74c49a03c747270d,,valid,valid,valid,0.4737461144249349,0.15314375,0.798035,590,70
2010_05_14__45ec8965f3b0,2010-05-14,1,right_profile,-1.264249563217163,63.5923957824707,-22.257823944091797,2010_05_14.jpg,2010_05_14.jpg,filename_only,,,,,[],not_provided,,,d25b3d1e5a3a1c45,,valid,valid,valid,0.5024503626536727,0.245284375,0.798035,591,71
2010_05_17__d0ff5baa226d,2010-05-17,1,left_profile,-13.823421478271484,-71.59984588623047,11.458876609802246,2010_05_17.jpg,2010_05_17.jpg,filename_only,,,,,[],not_provided,,,8e19c3818787c347,,valid,valid,valid,0.4861239463440589,0.2534953125,0.798035,592,71
2010_05_19__caefc20d8cae,2010-05-19,1,left_light,24.004512786865234,-20.022790908813477,-3.5625579357147217,2010_05_19.jpg,2010_05_19.jpg,filename_only,,,,,[],not_provided,,,141e869fc7cf0fcf,,valid,valid,valid,0.5845025063709429,0.257265625,0.798035,593,95
2010_05_20__0a80d3d972d2,2010-05-20,1,right_profile,2.910419464111328,68.37635803222656,-15.43309497833252,2010_05_20.jpg,2010_05_20.jpg,filename_only,,,,,[],not_provided,,,3f67d7d7dffff6b7,,valid,valid,valid,0.48730012041782184,0.2050140625,0.798035,594,72
2010_05_21__5dbb0c7ae10d,2010-05-21,1,right_mid,11.325769424438477,26.32696533203125,3.873696804046631,2010_05_21.jpg,2010_05_21.jpg,filename_only,,,,,[],not_provided,,,07c58cd4c4cc6c39,,valid,valid,valid,0.591111484499706,0.313640625,0.798035,595,34
2010_05_27__8d11de37e669,2010-05-27,1,left_mid,14.439678192138672,-26.808277130126953,-1.7591605186462402,2010_05_27.jpg,2010_05_27.jpg,filename_only,,,,,[],not_provided,,,b7af8b8b5b43436f,,valid,valid,valid,0.5834943571648604,0.3084578125,0.798035,596,30
2010_05_29__b918433d9265,2010-05-29,1,left_profile,21.25916290283203,-61.422489166259766,-4.641701698303223,2010_05_29.jpg,2010_05_29.jpg,filename_only,,,,,[],not_provided,,,92260386a1c3c261,,valid,valid,valid,0.49964994819233244,0.240365625,0.798035,597,72
2010_05_29_2__a8bf2522940e,2010-05-29,2,right_light,11.640791893005371,17.77798080444336,0.24315910041332245,2010_05_29 (2).jpg,2010_05_29 (2).jpg,filename_only,,,,,[],not_provided,,,9699c9ccd4de4c4d,,valid,valid,valid,0.6175754011593716,0.330590625,0.798035,598,56
2010_06_07__322f71ed79c7,2010-06-07,1,left_profile,-9.841747283935547,-67.84589385986328,22.54131317138672,2010_06_07.jpg,2010_06_07.jpg,filename_only,,,,,[],not_provided,,,cd5b63415361a382,,valid,valid,valid,0.4971575793217396,0.254821875,0.798035,599,73
2010_06_18__6a748a25812a,2010-06-18,1,left_profile,-32.008785247802734,-80.80388641357422,28.8244686126709,2010_06_18.jpg,2010_06_18.jpg,filename_only,,,,,[],not_provided,,,cbb9f4c2c2d5e161,,valid,valid,valid,0.47060965022823376,0.192175,0.798035,600,74
2010_06_18_2__64a02a620c93,2010-06-18,2,right_profile,-9.481913566589355,65.27741241455078,-33.731971740722656,2010_06_18 (2).jpg,2010_06_18 (2).jpg,filename_only,,,,,[],not_provided,,,e4e2c9c1c9d8b686,,valid,valid,valid,0.5006300932538016,0.2442890625,0.798035,601,73
2010_06_19__178e083b92b1,2010-06-19,1,left_light,16.80105209350586,-11.364529609680176,0.1024770587682724,2010_06_19.jpg,2010_06_19.jpg,filename_only,,,,,[],not_provided,,,9d94c5514444250f,,valid,valid,valid,0.6441793385421042,0.2381078125,0.798035,602,96
2010_06_24__099251cf1b72,2010-06-24,1,right_profile,10.35323429107666,57.96877670288086,-23.432863235473633,2010_06_24.jpg,2010_06_24.jpg,filename_only,,,,,[],not_provided,,,2a2fbfcb3f3b378e,,valid,valid,valid,0.5037665574505027,0.2675359375,0.798035,603,74
2010_06_25__df50acab5647,2010-06-25,1,frontal,15.780946731567383,-0.09115719050168991,-0.01911759190261364,2010_06_25.jpg,2010_06_25.jpg,filename_only,,,,,[],not_provided,,,9696de68ae9cdd4d,,valid,valid,valid,0.6500042006216921,0.3118015625,0.798035,604,208
2010_06_28__80f5c9f5d085,2010-06-28,1,left_light,-4.612259864807129,-10.416757583618164,-0.0559404194355011,2010_06_28.jpg,2010_06_28.jpg,filename_only,,,,,[],not_provided,,,9529090814140401,,valid,valid,valid,0.7155899073062814,0.2968125,0.798035,605,97
2010_07_14__0f9906cca146,2010-07-14,1,left_light,23.407289505004883,-16.91889762878418,0.5037708282470703,2010_07_14.jpg,2010_07_14.jpg,filename_only,,,,,[],not_provided,,,457121d1c0444063,,valid,valid,valid,0.5787616567251953,0.23243125,0.798035,606,98
2010_07_14_2__3bf91016591c,2010-07-14,2,left_deep,13.589733123779297,-44.29681396484375,-19.072858810424805,2010_07_14 (2).jpg,2010_07_14 (2).jpg,filename_only,,,,,[],not_provided,,,a1c884808c86c4ec,,valid,valid,valid,0.5686801646643703,0.3151859375,0.798035,607,20
2010_07_15__ef7b15cf0226,2010-07-15,1,right_profile,-7.772826671600342,60.23384475708008,-4.442476749420166,2010_07_15.jpg,2010_07_15.jpg,filename_only,,,,,[],not_provided,,,6fa3d9b64e4c3c1a,,valid,valid,valid,0.5086952869024616,0.2431921875,0.798035,608,75
2010_07_19__fc479667e703,2010-07-19,1,left_light,5.974416732788086,-11.904845237731934,0.1298726201057434,2010_07_19.jpg,2010_07_19.jpg,filename_only,,,,,[],not_provided,,,b0d8d084b0c7868e,,valid,valid,valid,0.6636142149038058,0.3284984375,0.798035,609,99
2010_07_24__f8d1609e7dd9,2010-07-24,1,frontal,15.845011711120605,5.487981796264648,-0.13200706243515015,2010_07_24.jpg,2010_07_24.jpg,filename_only,,,,,[],not_provided,,,319b9e9f3b1f9e8f,,valid,valid,valid,0.6274888683525162,0.267503125,0.798035,610,209
2010_07_28__4e7630e10be2,2010-07-28,1,right_mid,4.323790550231934,32.17352294921875,2.200005054473877,2010_07_28.jpg,2010_07_28.jpg,filename_only,,,,,[],not_provided,,,0d05cd9fac0c0f4f,,valid,valid,valid,0.5971883838808144,0.284684375,0.798035,611,35
2010_08_03__f404f7dc0b6b,2010-08-03,1,left_light,11.916719436645508,-10.464458465576172,-0.30937713384628296,2010_08_03.jpg,2010_08_03.jpg,filename_only,,,,,[],not_provided,,,1484970797c7c66e,,valid,valid,valid,0.6563331373043211,0.285109375,0.798035,612,100
2010_08_10__af0277d4c733,2010-08-10,1,right_profile,-66.38128662109375,79.26659393310547,-63.220890045166016,2010_08_10.jpg,2010_08_10.jpg,filename_only,,,,,[],not_provided,,,c1e1f6eedefa795d,,valid,valid,valid,0.46341258506258926,0.189759375,0.798035,613,76
2010_08_17__84d552e5ae05,2010-08-17,1,left_profile,-60.1474494934082,-90.65821838378906,74.69062042236328,2010_08_17.jpg,2010_08_17.jpg,filename_only,,,,,[],not_provided,,,080910c0c0c06870,,valid,valid,valid,0.4409252569380268,0.19361875,0.798035,614,75
2010_08_28_2__bd6286f4a63a,2010-08-28,2,right_mid,14.1600341796875,27.294288635253906,-2.120781898498535,2010_08_28 (2).jpg,2010_08_28 (2).jpg,filename_only,,,,,[],not_provided,,,90d8f0b070fcfcf9,,valid,valid,valid,0.5978604833515361,0.173178125,0.798035,615,36
2010_08_28_3__79ebd38c8af7,2010-08-28,3,right_light,17.56640625,15.450233459472656,-7.454928874969482,2010_08_28 (3).jpg,2010_08_28 (3).jpg,filename_only,,,,,[],not_provided,,,dad899a0f4aedcf8,,valid,valid,valid,0.597160379736201,0.2746578125,0.798035,616,57
2010_08_30__25921ce1d5d9,2010-08-30,1,right_deep,25.27433967590332,40.56039810180664,7.602367401123047,2010_08_30.jpg,2010_08_30.jpg,filename_only,,,,,[],not_provided,,,e6ceb2e6cc4c8d8a,,valid,valid,valid,0.5333949424514828,0.23619930555555554,0.798035,617,14
2010_08_31__a81eca524f54,2010-08-31,1,frontal,19.296859741210938,-4.701784133911133,0.08580382168292999,2010_08_31.jpg,2010_08_31.jpg,filename_only,,,,,[],not_provided,,,8c948c282207068c,,valid,valid,valid,0.657789352824218,0.2867375,0.798035,618,210
2010_09_01__71109efebff1,2010-09-01,1,right_mid,6.753929138183594,32.954017639160156,-2.0127832889556885,2010_09_01.jpg,2010_09_01.jpg,filename_only,,,,,[],not_provided,,,ccc4e0e8ecace9f0,,valid,valid,valid,0.60480551121566,0.231371875,0.798035,619,37
2010_09_02__a8723058fd68,2010-09-02,1,right_profile,-21.15395736694336,74.02622985839844,-44.39315414428711,2010_09_02.jpg,2010_09_02.jpg,filename_only,,,,,[],not_provided,,,8d86b3ae3c7c3983,,valid,valid,valid,0.4796269847937495,0.2145375,0.798035,620,77
2010_09_06__8a30b6044558,2010-09-06,1,frontal,18.92359733581543,3.8394927978515625,-5.388345718383789,2010_09_06.jpg,2010_09_06.jpg,filename_only,,,,,[],not_provided,,,7478783f9f9f9f87,,valid,valid,valid,0.6190876249684953,0.23240833333333333,0.798035,621,211
2010_09_13__13075ab962e8,2010-09-13,1,left_profile,2.9209768772125244,-66.41682434082031,-3.9216272830963135,2010_09_13.jpg,2010_09_13.jpg,filename_only,,,,,[],not_provided,,,17b3b1c3c5e1a18d,,valid,valid,valid,0.49570136380184265,0.2152703125,0.798035,622,76
2010_09_20__2ea5cebe876c,2010-09-20,1,frontal,16.68172264099121,-2.290562629699707,-0.04773576185107231,2010_09_20.jpg,2010_09_20.jpg,filename_only,,,,,[],not_provided,,,7b33370733071f87,,valid,valid,valid,0.6201517824638046,0.244665625,0.798035,623,212
2010_09_20_2__89a2ee86126a,2010-09-20,2,frontal,6.078545093536377,-2.6773152351379395,-0.018431691452860832,2010_09_20 (2).jpg,2010_09_20 (2).jpg,filename_only,,,,,[],not_provided,,,f37331e1a9b10f8d,,valid,valid,valid,0.6734436696631101,0.230775,0.798035,624,213
2010_09_30__0e9a7a22f6e9,2010-09-30,1,frontal,16.286090850830078,-0.8155881762504578,0.1768762767314911,2010_09_30.jpg,2010_09_30.jpg,filename_only,,,,,[],not_provided,,,2db581e9c8cc4c6b,,valid,valid,valid,0.6354420454227225,0.25146875,0.798035,625,214
2010_10_14__7036588900eb,2010-10-14,1,left_profile,-63.718345642089844,-79.80587768554688,80.25485229492188,2010_10_14.jpg,2010_10_14.jpg,filename_only,,,,,[],not_provided,,,99b9f4d8d0d16173,,valid,valid,valid,0.4567475986445994,0.179334375,0.798035,626,77
2010_10_15__d42d7f4b83ed,2010-10-15,1,right_profile,-1.3409734964370728,72.51032257080078,-14.519824028015137,2010_10_15.jpg,2010_10_15.jpg,filename_only,,,,,[],not_provided,,,26327c2c3c743420,,valid,valid,valid,0.48125122518132685,0.2710546875,0.798035,627,78
2010_10_16__14bfb097ffa7,2010-10-16,1,frontal,7.561171054840088,-3.609598159790039,-0.20414985716342926,2010_10_16.jpg,2010_10_16.jpg,filename_only,,,,,[],not_provided,,,6968c968eccc6c21,,valid,valid,valid,0.675655997087569,0.25490625,0.798035,628,215
2010_10_18__104ea0a7ea8c,2010-10-18,1,frontal,13.228572845458984,-3.241628646850586,-15.121413230895996,2010_10_18.jpg,2010_10_18.jpg,filename_only,,,,,[],not_provided,,,4b4bcbe7b88e1fc9,,valid,valid,valid,0.6667226749558934,0.3199078125,0.798035,629,216
2010_10_20__1f04db7e5b71,2010-10-20,1,right_profile,-0.7717086672782898,56.03964614868164,2.3230996131896973,2010_10_20.jpg,2010_10_20.jpg,filename_only,,,,,[],not_provided,,,c5f1fcde5e7c7c59,,valid,valid,valid,0.5188047831079,0.2501453125,0.798035,630,79
2010_10_22__b2b8b4bb66cb,2010-10-22,1,left_profile,33.76071548461914,-71.89431762695312,-2.3889577388763428,2010_10_22.jpg,2010_10_22.jpg,filename_only,,,,,[],not_provided,,,69ce9787c3cb6326,,valid,valid,valid,0.46439273012405835,0.147565625,0.798035,631,78
2010_10_25__7b31d8c20105,2010-10-25,1,frontal,17.90463638305664,0.1633358597755432,0.20515155792236328,2010_10_25.jpg,2010_10_25.jpg,filename_only,,,,,[],not_provided,,,969686e0c8c46c79,,valid,valid,valid,0.633453751155171,0.2497328125,0.798035,632,217
2010_10_27__db969c9645bd,2010-10-27,1,left_deep,26.778121948242188,-47.522029876708984,-12.365638732910156,2010_10_27.jpg,2010_10_27.jpg,filename_only,,,,,[],not_provided,,,3c3f138f0703078d,,valid,valid,valid,0.5217732224369207,0.21860555555555555,0.798035,633,21
2010_10_27_2__3e4d10d01e7a,2010-10-27,2,left_mid,25.28174591064453,-35.64116668701172,-9.934615135192871,2010_10_27 (2).jpg,2010_10_27 (2).jpg,filename_only,,,,,[],not_provided,,,374f64b89c80c2c4,,valid,valid,valid,0.557394494385169,0.4408888888888889,0.798035,634,31
2010_10_27_3__217885bd672a,2010-10-27,3,frontal,16.579378128051758,8.190242767333984,-5.973788738250732,2010_10_27 (3).jpg,2010_10_27 (3).jpg,filename_only,,,,,[],not_provided,,,16961e03131f2e1e,,valid,valid,valid,0.620739869500686,0.31793055555555555,0.798035,635,218
2010_10_27_3__ff034787d6e2,2010-10-27,3,right_deep,11.745424270629883,41.12063980102539,-12.080682754516602,2010_10_27(3).jpg,2010_10_27(3).jpg,filename_only,,,,,[],not_provided,,,c2c34b96062e9e96,,valid,valid,valid,0.5755131759500406,0.198153125,0.798035,636,15
2010_11_01__7e0576e152de,2010-11-01,1,frontal,10.566960334777832,-3.452543020248413,0.28805696964263916,2010_11_01.jpg,2010_11_01.jpg,filename_only,,,,,[],not_provided,,,058707c3c3a32326,,valid,valid,valid,0.657509311378084,0.2962703125,0.798035,637,219
2010_11_01_3__3140353e0379,2010-11-01,3,frontal,8.519084930419922,-1.2618927955627441,4.610356330871582,2010_11_01(3).jpg,2010_11_01(3).jpg,filename_only,,,,,[],not_provided,,,963671692b228c01,,valid,valid,valid,0.6904981937326724,0.2729109375,0.798035,638,220
2010_11_05__c41121cc2555,2010-11-05,1,left_profile,18.156841278076172,-53.05220031738281,1.8835068941116333,2010_11_05.jpg,2010_11_05.jpg,filename_only,,,,,[],not_provided,,,736e723b0de32386,,valid,valid,valid,0.512895908594472,0.23984375,0.798035,639,79
2010_11_05_2__9eedef9c9490,2010-11-05,2,frontal,8.788640022277832,5.811418056488037,0.2840624153614044,2010_11_05 (2).jpg,2010_11_05 (2).jpg,filename_only,,,,,[],not_provided,,,9513138b2b339347,,valid,valid,valid,0.6675627992942955,0.2701671875,0.798035,640,221
2010_11_09__a5f1876a7593,2010-11-09,1,left_profile,2.860943555831909,-69.86756134033203,5.855932712554932,2010_11_09.jpg,2010_11_09.jpg,filename_only,,,,,[],not_provided,,,4d1e360f0e06068c,,valid,valid,valid,0.48416365622112073,0.1728875,0.798035,641,80
2010_11_11__542e7ea9e454,2010-11-11,1,frontal,14.531471252441406,-7.935779571533203,-12.532085418701172,2010_11_11.jpg,2010_11_11.jpg,filename_only,,,,,[],not_provided,,,6878186f2b1f2cbd,,valid,valid,valid,0.6296451874877482,0.425565625,0.798035,642,222
2010_11_13__1a59719c5767,2010-11-13,1,right_profile,5.839954376220703,67.14012145996094,-0.5017183423042297,2010_11_13.jpg,2010_11_13.jpg,filename_only,,,,,[],not_provided,,,8d363e371f3b9bcf,,valid,valid,valid,0.49458119801730654,0.231875,0.798035,643,80
2010_11_15__b5e59590eb00,2010-11-15,1,right_mid,-0.8653340339660645,26.0915470123291,-9.156919479370117,2010_11_15.jpg,2010_11_15.jpg,filename_only,,,,,[],not_provided,,,93c5868682cec6fc,,valid,valid,valid,0.6090621411968972,0.3243859375,0.798035,644,38
2010_11_17__6f1ed7c9fa22,2010-11-17,1,right_profile,-39.53677749633789,67.11588287353516,-46.75435256958008,2010_11_17.jpg,2010_11_17.jpg,filename_only,,,,,[],not_provided,,,87237b5eac743433,,valid,valid,valid,0.4941611358481055,0.281653125,0.798035,645,81
2010_12_13__28cad33b0851,2010-12-13,1,right_profile,2.033806562423706,67.62456512451172,-14.805827140808105,2010_12_13.jpg,2010_12_13.jpg,filename_only,,,,,[],not_provided,,,e2cb8d878e9a9ac8,,valid,valid,valid,0.49164076283289926,0.2429515625,0.798035,646,82
2010_12_16__63103bd2e9dd,2010-12-16,1,frontal,14.098896980285645,-1.1662609577178955,0.12893731892108917,2010_12_16.jpg,2010_12_16.jpg,filename_only,,,,,[],not_provided,,,94b155ccecccdd49,,valid,valid,valid,0.6556890419782128,0.2871875,0.798035,647,223
2010_12_20__10f63a6d93d8,2010-12-20,1,left_profile,15.18779182434082,-70.80864715576172,-1.3931070566177368,2010_12_20.jpg,2010_12_20.jpg,filename_only,,,,,[],not_provided,,,9c240b8e87878633,,valid,valid,valid,0.4809431795905794,0.203775,0.798035,648,81
2010_12_22__9ca11f9cbb1c,2010-12-22,1,right_light,13.616109848022461,15.937459945678711,0.08053934574127197,2010_12_22.jpg,2010_12_22.jpg,filename_only,,,,,[],not_provided,,,79717178f41c1c49,,valid,valid,valid,0.6137948416365622,0.27294375,0.798035,649,58
2010_12_23__eef289ce2f8a,2010-12-23,1,right_profile,1.3662288188934326,71.5475082397461,2.414149284362793,2010_12_23.jpg,2010_12_23.jpg,filename_only,,,,,[],not_provided,,,580f332f1e3b9b8f,,valid,valid,valid,0.49178078355596627,0.2246125,0.798035,650,83
2010_12_28__1cd5d800834b,2010-12-28,1,right_mid,29.085006713867188,39.81426239013672,11.209426879882812,2010_12_28.jpg,2010_12_28.jpg,filename_only,,,,,[],not_provided,,,c28b1f67ce1e4c34,,valid,valid,valid,0.5268419726119465,0.2601515625,0.798035,651,39
2010_12_29__76e28233600a,2010-12-29,1,left_profile,13.155723571777344,-69.07215881347656,-1.0806816816329956,2010_12_29.jpg,2010_12_29.jpg,filename_only,,,,,[],not_provided,,,393b6dc6c6d0e132,,valid,valid,valid,0.4777507071046515,0.2413734375,0.798035,652,82
2010_12_29_3__6af02cbac762,2010-12-29,3,frontal,16.422592163085938,3.7836923599243164,-1.694767713546753,2010_12_29(3).jpg,2010_12_29(3).jpg,filename_only,,,,,[],not_provided,,,969696e8e0cccc69,,valid,valid,valid,0.6501162172001457,0.2551703125,0.798035,653,224
2011_01_01__a5469dd1c260,2011-01-01,1,right_profile,13.071303367614746,54.007022857666016,-10.456428527832031,2011_01_01.jpg,2011_01_01.jpg,filename_only,,,,,[],not_provided,,,938b7fcf4f3999f3,,valid,valid,valid,0.5161723935142402,0.295146875,0.798035,654,84
2011_01_04__255cc80835f2,2011-01-04,1,left_profile,19.71036720275879,-51.39502716064453,2.8847429752349854,2011_01_04.jpg,2011_01_04.jpg,filename_only,,,,,[],not_provided,,,3c64601484202031,,valid,valid,valid,0.5225853426307093,0.245153125,0.798035,655,83
2011_01_12__2a13ae526b4b,2011-01-12,1,frontal,24.61884117126465,6.97044038772583,-3.2301690578460693,2011_01_12.jpg,2011_01_12.jpg,filename_only,,,,,[],not_provided,,,4e86c662d3d68ccf,,valid,valid,valid,0.5844745022263295,0.22636875,0.798035,656,225
2011_01_14__9c042350b198,2011-01-14,1,frontal,14.783679008483887,-4.893255710601807,0.03533053770661354,2011_01_14.jpg,2011_01_14.jpg,filename_only,,,,,[],not_provided,,,9e9e0dfcdc4e4e3d,,valid,valid,valid,0.6536727435660478,0.315875,0.798035,657,226
2011_01_17__f85fa1903567,2011-01-17,1,right_profile,24.60198402404785,77.90984344482422,19.777667999267578,2011_01_17.jpg,2011_01_17.jpg,filename_only,,,,,[],not_provided,,,dcac9cbcb4f478f9,,valid,valid,valid,0.4698535383236719,0.2222296875,0.798035,658,85
2011_01_26__ef04ed5a76af,2011-01-26,1,left_profile,-3.078375816345215,-69.02705383300781,-1.7599998712539673,2011_01_26.jpg,2011_01_26.jpg,filename_only,,,,,[],not_provided,,,1a91c1928189c10d,,valid,valid,valid,0.5056988434288274,0.24635,0.798035,659,84
2011_01_27__6b8fbe47869d,2011-01-27,1,frontal,18.940378189086914,7.942411422729492,-0.21672284603118896,2011_01_27.jpg,2011_01_27.jpg,filename_only,,,,,[],not_provided,,,d6869e208e8e4c6c,,valid,valid,valid,0.6238203254081605,0.2749109375,0.798035,660,227
2011_02_15__3bca404cf1af,2011-02-15,1,frontal,22.05318260192871,-1.4172323942184448,0.1797913759946823,2011_02_15.jpg,2011_02_15.jpg,filename_only,,,,,[],not_provided,,,4a038791c343c3a5,,valid,valid,valid,0.6184155254977737,0.290878125,0.798035,661,228
2011_02_16__4b23701ba13f,2011-02-16,1,left_mid,24.727792739868164,-35.54743576049805,-0.7014124989509583,2011_02_16.jpg,2011_02_16.jpg,filename_only,,,,,[],not_provided,,,de93918585818103,,valid,valid,valid,0.553921980453107,0.3101453125,0.798035,662,32
2011_02_23__75f246005155,2011-02-23,1,left_deep,9.391510963439941,-47.562198638916016,-0.09070064127445221,2011_02_23.jpg,2011_02_23.jpg,filename_only,,,,,[],not_provided,,,4c989ccccce3e705,,valid,valid,valid,0.5557422498529783,0.2148234375,0.798035,663,22
2011_02_24_1__5e4827b84be7,2011-02-24,1,left_light,15.567338943481445,-23.887210845947266,-8.173669815063477,2011_02_24(1).jpg,2011_02_24(1).jpg,filename_only,,,,,[],not_provided,,,6a4cc5d557c7cd4d,,valid,valid,valid,0.6077739505446806,0.171309375,0.798035,664,101
2011_02_24_2__37302614bfe9,2011-02-24,1,frontal,9.425286293029785,6.509103298187256,-6.615870475769043,2011_02_24 2.jpg,2011_02_24 2.jpg,filename_only,,,,,[],not_provided,,,a78fce6420170e6d,,valid,valid,valid,0.6626060656977233,0.1428171875,0.798035,665,229
2011_02_24__6f27944b6e2c,2011-02-24,1,left_profile,-5.465264320373535,-74.05917358398438,3.4631171226501465,2011_02_24.jpg,2011_02_24.jpg,filename_only,,,,,[],not_provided,,,4f1c1e8685e7270d,,valid,valid,valid,0.48721610798398163,0.20254375,0.798035,666,85
2011_02_24_2__d529d6b57a99,2011-02-24,2,right_profile,12.935641288757324,60.070377349853516,-3.599566698074341,2011_02_24 (2).jpg,2011_02_24 (2).jpg,filename_only,,,,,[],not_provided,,,2793191810210386,,valid,valid,valid,0.5044946652104512,0.249665625,0.798035,667,86
2011_02_24_2__d7e36165ddcb,2011-02-24,2,frontal,14.169095039367676,9.549626350402832,-3.786712169647217,2011_02_24(2).jpg,2011_02_24(2).jpg,filename_only,,,,,[],not_provided,,,8c8cac5e603c1c8c,,valid,valid,valid,0.6139348623596292,0.234925,0.798035,668,230
2011_02_26__fc38fd02908a,2011-02-26,1,right_light,17.670093536376953,19.27840805053711,0.19177184998989105,2011_02_26.jpg,2011_02_26.jpg,filename_only,,,,,[],not_provided,,,0786dad3f2ea745d,,valid,valid,valid,0.6249124870480831,0.3499015625,0.798035,669,59
2011_03_01__7cb427856761,2011-03-01,1,frontal,14.339414596557617,-9.183106422424316,0.17673198878765106,2011_03_01.jpg,2011_03_01.jpg,filename_only,,,,,[],not_provided,,,9796d0e9e8c4cc69,,valid,valid,valid,0.6629981237223109,0.2888171875,0.798035,670,231
2011_03_03_2__8b363242c434,2011-03-03,2,frontal,18.65712547302246,0.15816347301006317,-4.446175575256348,2011_03_03(2).jpg,2011_03_03(2).jpg,filename_only,,,,,[],not_provided,,,359694e060cc687a,,valid,valid,valid,0.6263406984233667,0.176975,0.798035,671,232
2011_03_04__ac75f8c94e23,2011-03-04,1,frontal,15.844233512878418,-1.1965150833129883,0.4121309220790863,2011_03_04.jpg,2011_03_04.jpg,filename_only,,,,,[],not_provided,,,94f979ececcccd69,,valid,valid,valid,0.6284690134139853,0.2791375,0.798035,672,233
2011_03_10__6e44aeeebcfe,2011-03-10,1,left_profile,-12.307202339172363,-83.95462036132812,10.270515441894531,2011_03_10.jpg,2011_03_10.jpg,filename_only,,,,,[],not_provided,,,1f380c8785a5e1a3,,valid,valid,valid,0.45604749502926434,0.18540625,0.798035,673,86
2011_03_14_2__2e330cf32d25,2011-03-14,2,frontal,15.719805717468262,-5.831996917724609,-4.07163667678833,2011_03_14(2).jpg,2011_03_14(2).jpg,filename_only,,,,,[],not_provided,,,2c3c03eba38f0cdc,,valid,valid,valid,0.6548769217844241,0.280725,0.798035,674,234
2011_03_15__cd29f68b4e9a,2011-03-15,1,left_mid,24.152803421020508,-26.452316284179688,-0.4706975519657135,2011_03_15.jpg,2011_03_15.jpg,filename_only,,,,,[],not_provided,,,9787830b03830747,,valid,valid,valid,0.5746730516116385,0.281228125,0.798035,675,33
2011_03_19__58ae7b1512e6,2011-03-19,1,right_profile,-66.05599975585938,80.38410949707031,-73.4188461303711,2011_03_19.jpg,2011_03_19.jpg,filename_only,,,,,[],not_provided,,,3f76da7ede7e7838,,valid,valid,valid,0.45814780587526954,0.1809984375,0.798035,676,87
2011_03_22__bc4246c3109c,2011-03-22,1,frontal,4.530253887176514,-9.086278915405273,0.05151547119021416,2011_03_22.jpg,2011_03_22.jpg,filename_only,,,,,[],not_provided,,,963713033113070f,,valid,valid,valid,0.6935506454955334,0.3055125,0.798035,677,235
2011_03_23__f650bb852b69,2011-03-23,1,right_deep,11.785024642944336,44.956947326660156,1.529018759727478,2011_03_23.jpg,2011_03_23.jpg,filename_only,,,,,[],not_provided,,,030b360f0f3f1f8f,,valid,valid,valid,0.5563023327452463,0.31119375,0.798035,678,16
2011_03_23_2__5f3f2b1d6477,2011-03-23,2,frontal,15.12783145904541,-0.9687442183494568,3.2096009254455566,2011_03_23(2).jpg,2011_03_23(2).jpg,filename_only,,,,,[],not_provided,,,ae27470787172f39,,valid,valid,valid,0.6502002296339858,0.219190625,0.798035,679,236
2011_03_26__787152b63b23,2011-03-26,1,frontal,16.329853057861328,4.76465368270874,-0.5191971063613892,2011_03_26.jpg,2011_03_26.jpg,filename_only,,,,,[],not_provided,,,26a68dc8c68f0c4f,,valid,valid,valid,0.6401467417177742,0.3026140625,0.798035,680,237
2011_04_05__f670d557bb29,2011-04-05,1,left_light,23.170547485351562,-16.944169998168945,0.40020114183425903,2011_04_05.jpg,2011_04_05.jpg,filename_only,,,,,[],not_provided,,,9f9e8c55c6c64c69,,valid,valid,valid,0.587638970567644,0.2714828125,0.798035,681,102
2011_04_08__805df1cea65d,2011-04-08,1,right_light,-2.6259167194366455,17.225446701049805,-0.3840027153491974,2011_04_08.jpg,2011_04_08.jpg,filename_only,,,,,[],not_provided,,,8d8d858f97160e4f,,valid,valid,valid,0.6743117981461256,0.2614203125,0.798035,682,60
2011_04_14__a8e0e9263ab9,2011-04-14,1,frontal,6.690422534942627,-2.1221117973327637,-0.27008646726608276,2011_04_14.jpg,2011_04_14.jpg,filename_only,,,,,[],not_provided,,,9694f0c4e8c4c468,,valid,valid,valid,0.6908342434680332,0.293340625,0.798035,683,238
2011_04_21__b8c85e07ba1b,2011-04-21,1,frontal,17.42915916442871,-3.654712438583374,0.12713755667209625,2011_04_21.jpg,2011_04_21.jpg,filename_only,,,,,[],not_provided,,,969686a8aa8e0e4f,,valid,valid,valid,0.6211039233806603,0.3076640625,0.798035,684,239
2011_04_24__f6e7f77016ec,2011-04-24,1,frontal,-0.10234194993972778,0.380532443523407,-0.22255241870880127,2011_04_24.jpg,2011_04_24.jpg,filename_only,,,,,[],not_provided,,,b79b9f1f3f2f1f0e,,valid,valid,valid,0.7311602117113333,0.301534375,0.798035,685,240
2011_04_27__6a6ab9e2fbd8,2011-04-27,1,left_profile,-37.161685943603516,-85.72063446044922,44.05088424682617,2011_04_27.jpg,2011_04_27.jpg,filename_only,,,,,[],not_provided,,,cb99e0c1c0c3c367,,valid,valid,valid,0.45330308885715087,0.163953125,0.798035,686,87
2011_04_27_2__dd48b8925ccb,2011-04-27,2,left_light,-3.22898268699646,-15.642264366149902,-2.0889461040496826,2011_04_27(2).jpg,2011_04_27(2).jpg,filename_only,,,,,[],not_provided,,,98b960c888b4c661,,valid,valid,valid,0.6818729171917444,0.3601577669902913,0.798035,687,103
2011_04_27_3__1ccb331628f7,2011-04-27,3,left_profile,-18.99127769470215,-74.89383697509766,18.420745849609375,2011_04_27(3).jpg,2011_04_27(3).jpg,filename_only,,,,,[],not_provided,,,1178c28984c6c7e7,,valid,valid,valid,0.48452771010109497,0.2210015625,0.798035,688,88
2011_04_28__b39a83b6996e,2011-04-28,1,right_profile,-12.479662895202637,73.40788269042969,-29.173925399780273,2011_04_28.jpg,2011_04_28.jpg,filename_only,,,,,[],not_provided,,,b69b6b9f1e3f131f,,valid,valid,valid,0.48242739925508976,0.2470359375,0.798035,689,88
2011_05_04__b8cbafc27ceb,2011-05-04,1,left_light,22.153255462646484,-20.58019256591797,1.1942062377929688,2011_05_04.jpg,2011_05_04.jpg,filename_only,,,,,[],not_provided,,,8c05c1d184c64c2b,,valid,valid,valid,0.593547845081072,0.261640625,0.798035,690,104
2011_05_05__4dc7e9cc8e00,2011-05-05,1,frontal,12.715190887451172,5.5725178718566895,-0.14963118731975555,2011_05_05.jpg,2011_05_05.jpg,filename_only,,,,,[],not_provided,,,9796a6d4d09c5c6b,,valid,valid,valid,0.6638662522053264,0.32305,0.798035,691,241
2011_05_08__6a81e002c1d4,2011-05-08,1,left_mid,10.106268882751465,-30.327957153320312,-1.6398311853408813,2011_05_08.jpg,2011_05_08.jpg,filename_only,,,,,[],not_provided,,,257353a39307070f,,valid,valid,valid,0.6067377971939847,0.25401875,0.798035,692,34
2011_05_17_3__f60adcc1f3a6,2011-05-17,3,left_light,15.06280517578125,-18.443166732788086,2.0233891010284424,2011_05_17(3).jpg,2011_05_17(3).jpg,filename_only,,,,,[],not_provided,,,36369c47c6c44461,,valid,valid,valid,0.6309893864291916,0.20528125,0.798035,693,105
2011_05_19__76acb53ddb7e,2011-05-19,1,right_mid,18.732044219970703,25.417694091796875,0.4183546006679535,2011_05_19.jpg,2011_05_19.jpg,filename_only,,,,,[],not_provided,,,61c50f23034f4765,,valid,valid,valid,0.5929597580441905,0.3019640625,0.798035,694,40
2011_05_20__ea85aea6a1ee,2011-05-20,1,left_profile,22.719144821166992,-66.7038803100586,-23.32548713684082,2011_05_20.jpg,2011_05_20.jpg,filename_only,,,,,[],not_provided,,,1eae86868e860d4d,,valid,valid,valid,0.4835755691842393,0.2076015625,0.798035,695,89
2011_05_25__2ebbda111e94,2011-05-25,1,right_profile,-14.37515640258789,61.19770050048828,-31.17009162902832,2011_05_25.jpg,2011_05_25.jpg,filename_only,,,,,[],not_provided,,,3776dff6dc7cf8b1,,valid,valid,valid,0.5123638298468173,0.242871875,0.798035,696,89
2011_06_06__90fb1e823808,2011-06-06,1,right_profile,12.28481674194336,59.728492736816406,-5.31412410736084,2011_06_06.jpg,2011_06_06.jpg,filename_only,,,,,[],not_provided,,,36182c342c389841,,valid,valid,valid,0.4995379316138788,0.218425,0.798035,697,90
2011_06_10__3484c21e5a28,2011-06-10,1,left_mid,18.411317825317383,-30.908267974853516,-0.012830296531319618,2011_06_10.jpg,2011_06_10.jpg,filename_only,,,,,[],not_provided,,,960e00b8d8c24465,,valid,valid,valid,0.5872189083984429,0.2969296875,0.798035,698,35
2011_06_21__0d8e18daf476,2011-06-21,1,frontal,8.7743501663208,3.2014360427856445,0.29450300335884094,2011_06_21.jpg,2011_06_21.jpg,filename_only,,,,,[],not_provided,,,92d990ecb89a1c4d,,valid,valid,valid,0.6815368674563835,0.314853125,0.798035,699,242
2011_06_23__008a172ea7d9,2011-06-23,1,right_profile,-12.414090156555176,67.23851013183594,-27.880399703979492,2011_06_23.jpg,2011_06_23.jpg,filename_only,,,,,[],not_provided,,,f4decf978aba3878,,valid,valid,valid,0.4951412809095746,0.2394671875,0.798035,700,91
2011_06_29__9d2e6ac074ec,2011-06-29,1,left_profile,-80.2073974609375,-85.76274871826172,101.54901123046875,2011_06_29.jpg,2011_06_29.jpg,filename_only,,,,,[],not_provided,,,01d9b4e0c0c8e071,,valid,valid,valid,0.43619255649836175,0.15643125,0.798035,701,90
2011_07_01__6a626b2f191c,2011-07-01,1,right_light,22.744850158691406,12.907763481140137,-0.6138531565666199,2011_07_01.jpg,2011_07_01.jpg,filename_only,,,,,[],not_provided,,,9dd7cff3dfcf4f4f,,valid,valid,valid,0.5776694950852727,0.3097765625,0.798035,702,61
2011_07_07__7940a9ebebf7,2011-07-07,1,right_light,6.439368724822998,24.74903678894043,-1.7550041675567627,2011_07_07.jpg,2011_07_07.jpg,filename_only,,,,,[],not_provided,,,561a2f3d253c1d8d,,valid,valid,valid,0.6257246072418718,0.30808125,0.798035,703,62
2011_07_11__494400be23c0,2011-07-11,1,left_profile,-62.05997085571289,-75.6822280883789,80.44966888427734,2011_07_11.jpg,2011_07_11.jpg,filename_only,,,,,[],not_provided,,,3066e3f3677373f6,,valid,valid,valid,0.4629645187487748,0.234615625,0.798035,704,91
2011_07_14__8264115e4e99,2011-07-14,1,right_profile,-3.9414117336273193,76.31700134277344,-23.076416015625,2011_07_14.jpg,2011_07_14.jpg,filename_only,,,,,[],not_provided,,,67f7fbafb4fcf86a,,valid,valid,valid,0.47601445013862054,0.2243734375,0.798035,705,92
2011_07_20__5bc817e4e8f9,2011-07-20,1,frontal,11.881723403930664,-5.471257209777832,0.03246842324733734,2011_07_20.jpg,2011_07_20.jpg,filename_only,,,,,[],not_provided,,,37b6d8ecf8cccc69,,valid,valid,valid,0.658489456439553,0.2912515625,0.798035,706,243
2011_07_25__868e9429b433,2011-07-25,1,left_profile,24.29188346862793,-79.27867889404297,-26.046375274658203,2011_07_25.jpg,2011_07_25.jpg,filename_only,,,,,[],not_provided,,,e1c8c0c8c0c0e1a1,,valid,valid,valid,0.46047214987818197,0.1622453125,0.798035,707,92
2011_07_28__4464be965fb6,2011-07-28,1,right_profile,0.8304745554924011,72.9818115234375,-9.614542961120605,2011_07_28.jpg,2011_07_28.jpg,filename_only,,,,,[],not_provided,,,2663e94a4a4a6878,,valid,valid,valid,0.48024307597524435,0.2011046875,0.798035,708,93
2011_08_01__43cc0440d8d0,2011-08-01,1,left_deep,3.415039300918579,-42.56538772583008,13.437492370605469,2011_08_01.jpg,2011_08_01.jpg,filename_only,,,,,[],not_provided,,,b3627e3b6d33b7cf,,valid,valid,valid,0.5763533002884427,0.2401109375,0.798035,709,23
2011_08_01_2__5ad9198f251a,2011-08-01,2,left_profile,13.96561336517334,-56.88690185546875,-12.456233978271484,2011_08_01 (2).jpg,2011_08_01 (2).jpg,filename_only,,,,,[],not_provided,,,9ef8e4c4c4e46063,,valid,valid,valid,0.5178806463356577,0.1996171875,0.798035,710,93
2011_08_05__40f66d0cd8af,2011-08-05,1,right_profile,-45.27027130126953,78.18212127685547,-58.02526092529297,2011_08_05.jpg,2011_08_05.jpg,filename_only,,,,,[],not_provided,,,327b69636a7a7838,,valid,valid,valid,0.46733316530846564,0.2074828125,0.798035,711,94
2011_08_08__774b307e25e0,2011-08-08,1,frontal,21.754430770874023,-2.5518958568573,-0.11761243641376495,2011_08_08.jpg,2011_08_08.jpg,filename_only,,,,,[],not_provided,,,9581e1e0c0446479,,valid,valid,valid,0.601192976560531,0.2746640625,0.798035,712,244
2011_08_10__26b0a67defed,2011-08-10,1,frontal,26.231689453125,-6.419923782348633,-21.826948165893555,2011_08_10.jpg,2011_08_10.jpg,filename_only,,,,,[],not_provided,,,7878f4d0c8c0c971,,valid,valid,valid,0.5978884874961494,0.2619046875,0.798035,713,245
2011_08_23__e4d28cf80d38,2011-08-23,1,right_profile,8.535096168518066,69.85729217529297,-0.353605717420578,2011_08_23.jpg,2011_08_23.jpg,filename_only,,,,,[],not_provided,,,8c372b363f7cb993,,valid,valid,valid,0.4867400375255538,0.2340421875,0.798035,714,95
2011_08_25__bed832cf2dd4,2011-08-25,1,left_profile,9.305379867553711,-77.42859649658203,11.920217514038086,2011_08_25.jpg,2011_08_25.jpg,filename_only,,,,,[],not_provided,,,c832340202081206,,valid,valid,valid,0.463048531182615,0.1954296875,0.798035,715,94
2011_08_31__7eb19fdd496b,2011-08-31,1,right_light,13.103759765625,15.583625793457031,0.08101585507392883,2011_08_31.jpg,2011_08_31.jpg,filename_only,,,,,[],not_provided,,,149ebcfcd4dcf973,,valid,valid,valid,0.62768489736481,0.284425,0.798035,716,63
2011_09_06_1__e55edaa94a1b,2011-09-06,1,frontal,22.506114959716797,-3.2369391918182373,-2.0876293182373047,2011_09_06(1).jpg,2011_09_06(1).jpg,filename_only,,,,,[],not_provided,,,78ec869cbb0f978e,,valid,valid,valid,0.6066537847601445,0.25664831606217614,0.798035,717,246
2011_09_06__989806060644,2011-09-06,1,right_mid,13.618589401245117,31.058425903320312,0.9855576157569885,2011_09_06.jpg,2011_09_06.jpg,filename_only,,,,,[],not_provided,,,8f9e6c672329bb8f,,valid,valid,valid,0.5913355176566132,0.2591671875,0.798035,718,41
2011_09_09__4b88e475894c,2011-09-09,1,right_profile,-53.56571960449219,74.09065246582031,-66.54790496826172,2011_09_09.jpg,2011_09_09.jpg,filename_only,,,,,[],not_provided,,,8633383c3e3f3e9c,,valid,valid,valid,0.47604245428323394,0.208753125,0.798035,719,96
2011_09_14__36a9c3c99e96,2011-09-14,1,left_profile,35.61568832397461,-79.54439544677734,-24.275657653808594,2011_09_14.jpg,2011_09_14.jpg,filename_only,,,,,[],not_provided,,,993028d0d0d171d3,,valid,valid,valid,0.4607801954689294,0.189809375,0.798035,720,95
2011_09_16__9bebe03f1a04,2011-09-16,1,left_mid,28.00850486755371,-26.785839080810547,-10.481789588928223,2011_09_16.jpg,2011_09_16.jpg,filename_only,,,,,[],not_provided,,,97a78692c6860f9b,,valid,valid,valid,0.5755131759500406,0.2417875,0.798035,721,36
2011_09_22__fc8c5662335b,2011-09-22,1,right_profile,7.639618396759033,66.2391586303711,-7.507563591003418,2011_09_22.jpg,2011_09_22.jpg,filename_only,,,,,[],not_provided,,,969b3b371fbf9b4d,,valid,valid,valid,0.49063261362681676,0.2278,0.798035,722,97
2011_09_23__833c85c610bd,2011-09-23,1,frontal,19.488420486450195,3.0479745864868164,0.11655589193105698,2011_09_23.jpg,2011_09_23.jpg,filename_only,,,,,[],not_provided,,,4acac67246466631,,valid,valid,valid,0.6274888683525162,0.28548125,0.798035,723,247
2011_09_24__b7a42a3049bc,2011-09-24,1,left_profile,-9.554600715637207,-79.51730346679688,19.48837661743164,2011_09_24.jpg,2011_09_24.jpg,filename_only,,,,,[],not_provided,,,a409316141011307,,valid,valid,valid,0.47167380772354306,0.19099375,0.798035,724,96
2011_10_11__f4da7bf40460,2011-10-11,1,right_profile,-0.2937297224998474,67.77572631835938,-18.411527633666992,2011_10_11.jpg,2011_10_11.jpg,filename_only,,,,,[],not_provided,,,e6cbddda0e9e4860,,valid,valid,valid,0.4918647959898065,0.2124953125,0.798035,725,98
2011_10_15__f674bc675070,2011-10-15,1,frontal,13.782807350158691,-2.6807501316070557,-0.5304225087165833,2011_10_15.jpg,2011_10_15.jpg,filename_only,,,,,[],not_provided,,,929b1e3b2d1d1f0c,,valid,valid,valid,0.6610658377439861,0.3768475073313783,0.798035,726,248
2011_10_15_2__d27df807ca4f,2011-10-15,2,left_mid,12.909972190856934,-28.074419021606445,-7.568117141723633,2011_10_15(2).jpg,2011_10_15(2).jpg,filename_only,,,,,[],not_provided,,,1c3aca8cbc8c9b9b,,valid,valid,valid,0.6001288190652216,0.24457286432160805,0.798035,727,37
2011_10_21__40a43e347794,2011-10-21,1,left_profile,-17.59881591796875,-70.53334045410156,15.465243339538574,2011_10_21.jpg,2011_10_21.jpg,filename_only,,,,,[],not_provided,,,2c4c928b8485e705,,valid,valid,valid,0.4940211151250385,0.2364265625,0.798035,728,97
2011_10_25__93659159ca84,2011-10-25,1,left_light,16.683122634887695,-14.757401466369629,0.02149663120508194,2011_10_25.jpg,2011_10_25.jpg,filename_only,,,,,[],not_provided,,,982cac2db3895961,,valid,valid,valid,0.6297572040662018,0.231953125,0.798035,729,106
2011_10_28__0cfea646a14d,2011-10-28,1,frontal,15.036627769470215,-4.367063999176025,2.08565616607666,2011_10_28.jpg,2011_10_28.jpg,filename_only,,,,,[],not_provided,,,c58686038347078e,,valid,valid,valid,0.6389705676440113,0.257134375,0.798035,730,249
2011_10_29__8c252ed46602,2011-10-29,1,right_profile,-29.65571403503418,76.85394287109375,-42.52602767944336,2011_10_29.jpg,2011_10_29.jpg,filename_only,,,,,[],not_provided,,,2d6652cec69e98b9,,valid,valid,valid,0.4777507071046515,0.185684375,0.798035,731,99
2011_10_31__73012dad0a69,2011-10-31,1,right_light,25.980182647705078,20.367023468017578,-1.31646728515625,2011_10_31.jpg,2011_10_31.jpg,filename_only,,,,,[],not_provided,,,46979fd3969c8cc8,,valid,valid,valid,0.5737489148393963,0.2840984375,0.798035,732,64
2011_11_11__68f47a541b4d,2011-11-11,1,left_profile,-24.91132164001465,-87.5276107788086,42.27886199951172,2011_11_11.jpg,2011_11_11.jpg,filename_only,,,,,[],not_provided,,,5b97230383c34200,,valid,valid,valid,0.4465540900053208,0.181078125,0.798035,733,98
2011_11_15__1e1869860bf4,2011-11-15,1,frontal,25.389999389648438,-2.2924399375915527,-5.668253421783447,2011_11_15.jpg,2011_11_15.jpg,filename_only,,,,,[],not_provided,,,92c065e0cccccc69,,valid,valid,valid,0.57797754067602,0.2580484375,0.798035,734,250
2011_11_20__6c2dcaad6eb0,2011-11-20,1,left_mid,3.1619648933410645,-30.066251754760742,-2.130733013153076,2011_11_20.jpg,2011_11_20.jpg,filename_only,,,,,[],not_provided,,,4911848509838346,,valid,valid,valid,0.6117505390797838,0.3078296875,0.798035,735,38
2011_11_21__7fefe4186818,2011-11-21,1,left_light,21.631322860717773,-18.598405838012695,-0.6265641450881958,2011_11_21.jpg,2011_11_21.jpg,filename_only,,,,,[],not_provided,,,169a93984b470726,,valid,valid,valid,0.5958161807947576,0.2905625,0.798035,736,107
2011_11_23__91f9f43eed66,2011-11-23,1,right_mid,13.430590629577637,38.327789306640625,-0.8969763517379761,2011_11_23.jpg,2011_11_23.jpg,filename_only,,,,,[],not_provided,,,46c39ba3a79f9f8f,,valid,valid,valid,0.5693242599904786,0.283665625,0.798035,737,42
2011_11_27__0ebe2e80bb71,2011-11-27,1,left_profile,-40.05313491821289,-82.29033660888672,49.05195999145508,2011_11_27.jpg,2011_11_27.jpg,filename_only,,,,,[],not_provided,,,c6c8fac8d3d3a38e,,valid,valid,valid,0.45699963594612003,0.1744109375,0.798035,738,99
2011_12_01__d59fd6515ccc,2011-12-01,1,left_mid,10.615921020507812,-36.78103256225586,-1.064516544342041,2011_12_01.jpg,2011_12_01.jpg,filename_only,,,,,[],not_provided,,,9ea67b1b1b03060e,,valid,valid,valid,0.5792377271836232,0.2988015625,0.798035,739,39
2011_12_02__9028a611064f,2011-12-02,1,right_profile,-4.627697944641113,72.86256408691406,-17.260705947875977,2011_12_02.jpg,2011_12_02.jpg,filename_only,,,,,[],not_provided,,,e824524e1e1a1274,,valid,valid,valid,0.48337954017194545,0.1870546875,0.798035,740,100
2011_12_04__796d0842647e,2011-12-04,1,left_profile,4.043710231781006,-66.27647399902344,11.379549980163574,2011_12_04.jpg,2011_12_04.jpg,filename_only,,,,,[],not_provided,,,34346cd68e62e67e,,valid,valid,valid,0.49057660533758995,0.1985921875,0.798035,741,100
2011_12_09_2__8ba7e14bd2da,2011-12-09,2,right_light,0.3519560992717743,10.559371948242188,6.051375865936279,2011_12_09(2).jpg,2011_12_09(2).jpg,filename_only,,,,,[],not_provided,,,85a666e6c363164c,,valid,valid,valid,0.6890699823573889,0.26283125,0.798035,742,65
2011_12_16__3b3911bb2511,2011-12-16,1,left_mid,28.533477783203125,-29.463430404663086,-13.99113655090332,2011_12_16.jpg,2011_12_16.jpg,filename_only,,,,,[],not_provided,,,5e9682d9c4c3c5e9,,valid,valid,valid,0.5644515388277465,0.2366734375,0.798035,743,40
2011_12_20__7339aa88ca46,2011-12-20,1,left_deep,3.1996848583221436,-43.035850524902344,-0.07323648780584335,2011_12_20.jpg,2011_12_20.jpg,filename_only,,,,,[],not_provided,,,9bd6dfab9bdbc747,,valid,valid,valid,0.5798258142205046,0.30040625,0.798035,744,24
2011_12_26__b99093f06e56,2011-12-26,1,left_profile,-8.42454719543457,-71.83284759521484,26.412046432495117,2011_12_26.jpg,2011_12_26.jpg,filename_only,,,,,[],not_provided,,,a243938342517363,,valid,valid,valid,0.4902965638914559,0.234565625,0.798035,745,101
2011_12_31__5885ec6fe52a,2011-12-31,1,left_mid,9.613109588623047,-25.50185203552246,0.007684389129281044,2011_12_31.jpg,2011_12_31.jpg,filename_only,,,,,[],not_provided,,,36268a0b03020785,,valid,valid,valid,0.6150550281441653,0.3084859375,0.798035,746,41
2012_01_05__ce2da8ab9777,2012-01-05,1,right_light,25.658191680908203,19.577478408813477,0.28475329279899597,2012_01_05.jpg,2012_01_05.jpg,filename_only,,,,,[],not_provided,,,8786d6c3078e0c4f,,valid,valid,valid,0.5661597916491641,0.268725,0.798035,747,66
2012_01_07__5043f895be19,2012-01-07,1,left_profile,10.933880805969238,-72.17478942871094,-7.3201823234558105,2012_01_07.jpg,2012_01_07.jpg,filename_only,,,,,[],not_provided,,,7666071f072787c9,,valid,valid,valid,0.48626396706712594,0.15565625,0.798035,748,102
2012_01_17__ae430d07777d,2012-01-17,1,right_profile,5.951147079467773,51.31675338745117,-7.521066665649414,2012_01_17.jpg,2012_01_17.jpg,filename_only,,,,,[],not_provided,,,e1616363667c3c38,,valid,valid,valid,0.5382396594696015,0.23808125,0.798035,749,101
2012_01_25__77e5816d2f4f,2012-01-25,1,left_profile,13.953868865966797,-72.91154479980469,1.3430320024490356,2012_01_25.jpg,2012_01_25.jpg,filename_only,,,,,[],not_provided,,,4853a3c0d0c1634c,,valid,valid,valid,0.4840796437872805,0.1929375,0.798035,750,103
2012_01_25_2__682dc53e8340,2012-01-25,2,right_light,-2.009962320327759,11.308516502380371,-0.1329265683889389,2012_01_25 (2).jpg,2012_01_25 (2).jpg,filename_only,,,,,[],not_provided,,,92fb63f66a6a3439,,valid,valid,valid,0.6787084488504299,0.37174375,0.798035,751,67
2012_01_30__8680966be7c8,2012-01-30,1,frontal,17.945180892944336,1.0478713512420654,0.24186979234218597,2012_01_30.jpg,2012_01_30.jpg,filename_only,,,,,[],not_provided,,,16169eaa2a979d09,,valid,valid,valid,0.6712313422386513,0.30043125,0.798035,752,251
2012_01_31__af50dca9e872,2012-01-31,1,right_profile,-58.828819274902344,80.42359161376953,-56.87883377075195,2012_01_31.jpg,2012_01_31.jpg,filename_only,,,,,[],not_provided,,,1f271e4e1e3e1a1f,,valid,valid,valid,0.4620963902657593,0.235996875,0.798035,753,102
2012_02_01__d6b7622ec902,2012-02-01,1,left_mid,0.04477055370807648,-25.97496223449707,-2.75993275642395,2012_02_01.jpg,2012_02_01.jpg,filename_only,,,,,[],not_provided,,,7e604cccd0d5c101,,valid,valid,valid,0.6359741241703772,0.337746875,0.798035,754,42
2012_02_11__49a27ee1d248,2012-02-11,1,right_profile,12.982565879821777,71.54521179199219,-5.044518947601318,2012_02_11.jpg,2012_02_11.jpg,filename_only,,,,,[],not_provided,,,c753bdb63ebe9ace,,valid,valid,valid,0.48433168108880115,0.2086671875,0.798035,755,103
2012_02_17__716a150057c1,2012-02-17,1,left_mid,-3.8610618114471436,-29.6610164642334,11.239140510559082,2012_02_17.jpg,2012_02_17.jpg,filename_only,,,,,[],not_provided,,,2060f0b03191c0c0,,valid,valid,valid,0.6147469825534179,0.33378125,0.798035,756,43
2012_02_23__fd71f1460e69,2012-02-23,1,right_profile,12.539426803588867,68.425048828125,-7.212249279022217,2012_02_23.jpg,2012_02_23.jpg,filename_only,,,,,[],not_provided,,,4c0e33070f3b9b87,,valid,valid,valid,0.48332353188271865,0.23905,0.798035,757,104
2012_02_28__6af45d3aed5b,2012-02-28,1,left_mid,5.544310092926025,-29.803945541381836,7.946407318115234,2012_02_28.jpg,2012_02_28.jpg,filename_only,,,,,[],not_provided,,,3c2484c8d8c0c869,,valid,valid,valid,0.6218880394298356,0.2871390625,0.798035,758,44
2012_03_04__4d3449756c73,2012-03-04,1,right_profile,0.8228501081466675,50.44173049926758,3.3073153495788574,2012_03_04.jpg,2012_03_04.jpg,filename_only,,,,,[],not_provided,,,4687878b87c5cdef,,valid,valid,valid,0.5516536447394215,0.2249375,0.798035,759,105
2012_03_05__99b28879de92,2012-03-05,1,frontal,8.31128978729248,-0.9074704051017761,-0.3096981644630432,2012_03_05.jpg,2012_03_05.jpg,filename_only,,,,,[],not_provided,,,0e96b42b2b321e88,,valid,valid,valid,0.6832451202778012,0.2953453125,0.798035,760,252
2012_03_14__d863a33ad222,2012-03-14,1,right_mid,27.983518600463867,36.55876159667969,9.76478099822998,2012_03_14.jpg,2012_03_14.jpg,filename_only,,,,,[],not_provided,,,c6c393e7979fdfcf,,valid,valid,valid,0.5377635890111736,0.26205625,0.798035,761,43
2012_03_23__d57f87fa52a0,2012-03-23,1,left_profile,9.447601318359375,-76.1431884765625,20.393402099609375,2012_03_23.jpg,2012_03_23.jpg,filename_only,,,,,[],not_provided,,,38362707c9e9c1e7,,valid,valid,valid,0.4678372399115069,0.2147546875,0.798035,762,104
2012_03_29__aaf17bb508bd,2012-03-29,1,left_mid,1.9971386194229126,-30.318866729736328,-1.6725163459777832,2012_03_29.jpg,2012_03_29.jpg,filename_only,,,,,[],not_provided,,,dc787cd0d8ddc109,,valid,valid,valid,0.6173233638578509,0.2857796875,0.798035,763,45
2012_03_30_2__8d86c41a2e5a,2012-03-30,2,right_mid,19.555438995361328,31.030378341674805,-2.046970844268799,2012_03_30 (2).jpg,2012_03_30 (2).jpg,filename_only,,,,,[],not_provided,,,468697e3e7dfcf7e,,valid,valid,valid,0.5768013666022571,0.2612375,0.798035,764,44
2012_04_09__fb3338f7a2d5,2012-04-09,1,frontal,19.981351852416992,5.324251651763916,-0.37242597341537476,2012_04_09.jpg,2012_04_09.jpg,filename_only,,,,,[],not_provided,,,038386830383874f,,valid,valid,valid,0.6285250217032121,0.270996875,0.798035,765,253
2012_04_19__9a26dadc42c6,2012-04-19,1,frontal,17.419090270996094,3.891522169113159,0.0033080524299293756,2012_04_19.jpg,2012_04_19.jpg,filename_only,,,,,[],not_provided,,,d6d2260602060e3c,,valid,valid,valid,0.6401747458623877,0.1858796875,0.798035,766,254
2012_05_01__94359e3ff77a,2012-05-01,1,left_profile,-0.7958652973175049,-54.518043518066406,29.502805709838867,2012_05_01.jpg,2012_05_01.jpg,filename_only,,,,,[],not_provided,,,021661d3e4616173,,valid,valid,valid,0.5363913859251169,0.288671875,0.798035,767,105
2012_05_08__efecefbac78c,2012-05-08,1,left_light,29.451597213745117,-19.65509605407715,-11.169615745544434,2012_05_08.jpg,2012_05_08.jpg,filename_only,,,,,[],not_provided,,,9c9696d0c9d9c973,,valid,valid,valid,0.5648716009969476,0.2349140625,0.798035,768,108
2012_05_08_2__9b8fc874ae3a,2012-05-08,2,left_light,22.695463180541992,-17.616125106811523,-7.3586907386779785,2012_05_08 (2).jpg,2012_05_08 (2).jpg,filename_only,,,,,[],not_provided,,,a228b1d1c0c4c460,,valid,valid,valid,0.5780335489652468,0.24954583333333333,0.798035,769,109
2012_05_08_3__b904d13d5826,2012-05-08,3,frontal,13.315064430236816,-2.8911831378936768,-0.5722650289535522,2012_05_08 (3).jpg,2012_05_08 (3).jpg,filename_only,,,,,[],not_provided,,,9638991c389cdd79,,valid,valid,valid,0.6668906998235739,0.31625,0.798035,770,255
2012_05_15__b96d935cf377,2012-05-15,1,frontal,7.808732986450195,-4.474215507507324,0.0063383616507053375,2012_05_15.jpg,2012_05_15.jpg,filename_only,,,,,[],not_provided,,,d6e1f3c3abc3d76f,,valid,valid,valid,0.6866616259206363,0.3487703125,0.798035,771,256
2012_05_24__8674600c3569,2012-05-24,1,left_profile,-63.90757751464844,-78.86483001708984,78.7481460571289,2012_05_24.jpg,2012_05_24.jpg,filename_only,,,,,[],not_provided,,,26ce93c3c3c1e170,,valid,valid,valid,0.4589599260690582,0.168284375,0.798035,772,106
2012_05_26__493776f2a94e,2012-05-26,1,left_profile,1.178073763847351,-69.36982727050781,12.809088706970215,2012_05_26.jpg,2012_05_26.jpg,filename_only,,,,,[],not_provided,,,d190a0c0d4d0e070,,valid,valid,valid,0.49060460948220336,0.23549375,0.798035,773,107
2012_06_01__4cf906120e2e,2012-06-01,1,right_light,-3.419814109802246,20.765514373779297,2.623896837234497,2012_06_01.jpg,2012_06_01.jpg,filename_only,,,,,[],not_provided,,,73f9fceefe5e7c7d,,valid,valid,valid,0.6438992970959702,0.3556390625,0.798035,774,68
2012_06_04__3830b91acf84,2012-06-04,1,right_light,22.33497428894043,18.414186477661133,2.5721707344055176,2012_06_04.jpg,2012_06_04.jpg,filename_only,,,,,[],not_provided,,,7ae8dc241e1e9f8b,,valid,valid,valid,0.5760452546976953,0.2907515625,0.798035,775,69
2012_06_19__7b71c16d2709,2012-06-19,1,left_profile,-8.72407341003418,-62.60917282104492,7.6935811042785645,2012_06_19.jpg,2012_06_19.jpg,filename_only,,,,,[],not_provided,,,3e360f1b0f4f0f0d,,valid,valid,valid,0.5074631045394719,0.26559375,0.798035,776,108
2012_06_20__f8eeb1b330b4,2012-06-20,1,right_profile,-15.026611328125,70.81028747558594,-19.05476951599121,2012_06_20.jpg,2012_06_20.jpg,filename_only,,,,,[],not_provided,,,43910b070fb99b4f,,valid,valid,valid,0.4921728415805539,0.2176359375,0.798035,777,106
2012_06_25__d480ba0e571d,2012-06-25,1,frontal,18.018177032470703,1.295611023902893,-7.367794513702393,2012_06_25.jpg,2012_06_25.jpg,filename_only,,,,,[],not_provided,,,c343666008446c39,,valid,valid,valid,0.6234002632389594,0.2862140625,0.798035,778,257
2012_06_26__3185dd6c90ad,2012-06-26,1,right_light,-25.63159942626953,24.816173553466797,-13.916932106018066,2012_06_26.jpg,2012_06_26.jpg,filename_only,,,,,[],not_provided,,,60c0c6c686c6e471,,valid,valid,valid,0.6413229157915371,0.4130578125,0.798035,779,70
2012_07_09__5c087a1a47dd,2012-07-09,1,right_profile,-15.142671585083008,74.6684341430664,-27.745729446411133,2012_07_09.jpg,2012_07_09.jpg,filename_only,,,,,[],not_provided,,,73fbfdf7df7f7b3b,,valid,valid,valid,0.48125122518132685,0.22534375,0.798035,780,107
2012_07_11__a475f393ba1c,2012-07-11,1,frontal,13.032905578613281,0.9054860472679138,-0.32538431882858276,2012_07_11.jpg,2012_07_11.jpg,filename_only,,,,,[],not_provided,,,969069e8e8cc6c79,,valid,valid,valid,0.6502282337785993,0.2728203125,0.798035,781,258
2012_07_19__2344ca398d47,2012-07-19,1,left_profile,-34.806453704833984,-68.2333984375,44.46675109863281,2012_07_19.jpg,2012_07_19.jpg,filename_only,,,,,[],not_provided,,,3d7ccccc86d1f170,,valid,valid,valid,0.49147273796521884,0.25008125,0.798035,782,109
2012_07_25__028d99673855,2012-07-25,1,left_light,19.13829231262207,-14.054547309875488,0.32107222080230713,2012_07_25.jpg,2012_07_25.jpg,filename_only,,,,,[],not_provided,,,4785c171c145646f,,valid,valid,valid,0.6116665266459436,0.235878125,0.798035,783,110
2012_07_30__9aa52a631978,2012-07-30,1,frontal,2.0747897624969482,-1.069931149482727,-0.14186547696590424,2012_07_30.jpg,2012_07_30.jpg,filename_only,,,,,[],not_provided,,,263636377337078d,,valid,valid,valid,0.7112492648912039,0.33269375,0.798035,784,259
2012_08_02__1f357273a79a,2012-08-02,1,left_profile,-1.4288779497146606,-73.37567138671875,-2.101792335510254,2012_08_02.jpg,2012_08_02.jpg,filename_only,,,,,[],not_provided,,,1d7343d3e7c3c78d,,valid,valid,valid,0.4805231174213784,0.2572453125,0.798035,785,110
2012_08_08__3795848466d0,2012-08-08,1,right_light,17.358869552612305,18.629993438720703,-0.2736835181713104,2012_08_08.jpg,2012_08_08.jpg,filename_only,,,,,[],not_provided,,,17b236273f2e8e8e,,valid,valid,valid,0.6028732252373351,0.290971875,0.798035,786,71
2012_08_08_2__1c570d0db0bc,2012-08-08,2,right_light,17.750320434570312,12.547309875488281,-0.06231917440891266,2012_08_08 (2).jpg,2012_08_08 (2).jpg,filename_only,,,,,[],not_provided,,,969687632707276e,,valid,valid,valid,0.6023691506342939,0.267178125,0.798035,787,72
2012_08_11__8af9de7ed4cd,2012-08-11,1,left_profile,-53.46558380126953,-88.4381103515625,62.84990692138672,2012_08_11.jpg,2012_08_11.jpg,filename_only,,,,,[],not_provided,,,9f3f27070713161c,,valid,valid,valid,0.4349043658461452,0.1573921875,0.798035,788,111
2012_08_20__52aabf74518a,2012-08-20,1,left_light,13.172455787658691,-23.543128967285156,8.060242652893066,2012_08_20.jpg,2012_08_20.jpg,filename_only,,,,,[],not_provided,,,3d2c2e2f31060e0c,,valid,valid,valid,0.6048615195048868,0.207790625,0.798035,789,111
2012_08_28__52603a3a0d00,2012-08-28,1,right_profile,-88.81083679199219,81.29341125488281,-90.85540771484375,2012_08_28.jpg,2012_08_28.jpg,filename_only,,,,,[],not_provided,,,4e071b0f0f1b1b98,,valid,valid,valid,0.4429415553501918,0.23100625,0.798035,790,108
2012_09_05_1__9b9b98d595b2,2012-09-05,1,left_light,2.5626580715179443,-10.030747413635254,1.0300203561782837,2012_09_05(1).jpg,2012_09_05(1).jpg,filename_only,,,,,[],not_provided,,,c2e3b582a2868ce8,,valid,valid,valid,0.680528718250301,0.2921359375,0.798035,791,112
2012_09_08__5975101dce59,2012-09-08,1,left_deep,-0.1672932505607605,-48.88369369506836,24.842262268066406,2012_09_08.jpg,2012_09_08.jpg,filename_only,,,,,[],not_provided,,,9333399c8c809041,,valid,valid,valid,0.5544260550561483,0.201840625,0.798035,792,25
2012_09_08_2__0f3e4ee8755a,2012-09-08,2,frontal,17.481643676757812,-5.924903392791748,-0.15088185667991638,2012_09_08 (2).jpg,2012_09_08 (2).jpg,filename_only,,,,,[],not_provided,,,96969633331f0f0e,,valid,valid,valid,0.6533646979753004,0.27923125,0.798035,793,260
2012_09_09__f4f4c6452d94,2012-09-09,1,right_profile,18.0033016204834,73.5504150390625,-5.6709418296813965,2012_09_09.jpg,2012_09_09.jpg,filename_only,,,,,[],not_provided,,,c2c385a4004e5c59,,valid,valid,valid,0.4787868604553474,0.3501484375,0.798035,794,109
2012_09_11__8dde81f32396,2012-09-11,1,frontal,22.64850616455078,-5.950862407684326,-9.769710540771484,2012_09_11.jpg,2012_09_11.jpg,filename_only,,,,,[],not_provided,,,86cbc3f1c5c7c7ee,,valid,valid,valid,0.6130387297320004,0.2854109375,0.798035,795,261
2012_09_14__745aa2c72020,2012-09-14,1,right_light,25.813739776611328,17.426206588745117,7.4681010246276855,2012_09_14.jpg,2012_09_14.jpg,filename_only,,,,,[],not_provided,,,9cbe2e3e7c3cfc79,,valid,valid,valid,0.5682601024951693,0.27173125,0.798035,796,73
2012_09_20__df1ac3a26112,2012-09-20,1,left_profile,10.456278800964355,-66.88533782958984,-10.253992080688477,2012_09_20.jpg,2012_09_20.jpg,filename_only,,,,,[],not_provided,,,e7cfc1c1c3c3e306,,valid,valid,valid,0.488840348371559,0.18616875,0.798035,797,112
2012_09_20_2__2fd629ca348b,2012-09-20,2,left_profile,11.702744483947754,-66.52279663085938,-6.955870151519775,2012_09_20 (2).jpg,2012_09_20 (2).jpg,filename_only,,,,,[],not_provided,,,a7cbd3c1c3c1e3a6,,valid,valid,valid,0.48853230278081156,0.1853046875,0.798035,798,113
2012_10_05__6c0abf0dd691,2012-10-05,1,right_profile,-29.793960571289062,79.04476928710938,-27.34599494934082,2012_10_05.jpg,2012_10_05.jpg,filename_only,,,,,[],not_provided,,,04301e0e1e1a3839,,valid,valid,valid,0.47696659105547623,0.27700625,0.798035,799,110
2012_10_10__f00ec8777793,2012-10-10,1,left_profile,12.145386695861816,-51.520782470703125,-8.610395431518555,2012_10_10.jpg,2012_10_10.jpg,filename_only,,,,,[],not_provided,,,bae2d4c1c9c3c361,,valid,valid,valid,0.5443725671399368,0.2914484375,0.798035,800,114
2012_10_11__5e75c4d5775b,2012-10-11,1,frontal,22.642107009887695,-5.649964332580566,-9.787938117980957,2012_10_11.jpg,2012_10_11.jpg,filename_only,,,,,[],not_provided,,,4697d6e38b8ecece,,valid,valid,valid,0.6093421826430312,0.29469375,0.798035,801,262
2012_10_19__296d8b2765b0,2012-10-19,1,frontal,9.607763290405273,-4.6932268142700195,-0.3019670248031616,2012_10_19.jpg,2012_10_19.jpg,filename_only,,,,,[],not_provided,,,96969286f0d04449,,valid,valid,valid,0.6519084824554034,0.29978125,0.798035,802,263
2012_10_25__5046018941de,2012-10-25,1,left_profile,-8.758833885192871,-73.10940551757812,8.770039558410645,2012_10_25.jpg,2012_10_25.jpg,filename_only,,,,,[],not_provided,,,4e999ec6c2c4e161,,valid,valid,valid,0.4815872749166877,0.23315,0.798035,803,115
2012_10_28__34a3dee20970,2012-10-28,1,left_mid,19.397701263427734,-27.71129608154297,-1.2472163438796997,2012_10_28.jpg,2012_10_28.jpg,filename_only,,,,,[],not_provided,,,97868b0b0303878e,,valid,valid,valid,0.5811140048727211,0.2470375,0.798035,804,46
2012_11_04__057e7f916b91,2012-11-04,1,right_mid,24.900693893432617,26.57369041442871,-1.6962316036224365,2012_11_04.jpg,2012_11_04.jpg,filename_only,,,,,[],not_provided,,,c30313139f9f9fce,,valid,valid,valid,0.5790977064605561,0.2552953125,0.798035,805,45
2012_11_06__643c9857f61c,2012-11-06,1,left_profile,24.05561065673828,-63.13364791870117,9.304939270019531,2012_11_06.jpg,2012_11_06.jpg,filename_only,,,,,[],not_provided,,,36262426836a38b8,,valid,valid,valid,0.4910806799406312,0.2114234375,0.798035,806,116
2012_11_14__bdbc252a61aa,2012-11-14,1,right_profile,3.3948869705200195,64.44275665283203,5.058526039123535,2012_11_14.jpg,2012_11_14.jpg,filename_only,,,,,[],not_provided,,,0cb4ccf64a5e5c4d,,valid,valid,valid,0.5002940435184408,0.2674125,0.798035,807,111
2012_11_15__88b1fce78d76,2012-11-15,1,frontal,20.693065643310547,-8.801125526428223,-0.0552322156727314,2012_11_15.jpg,2012_11_15.jpg,filename_only,,,,,[],not_provided,,,979685d1d446446f,,valid,valid,valid,0.6234842756727996,0.2638640625,0.798035,808,264
2012_11_16__2fdcb844fc6d,2012-11-16,1,left_profile,-24.62586784362793,-80.32156372070312,20.365564346313477,2012_11_16.jpg,2012_11_16.jpg,filename_only,,,,,[],not_provided,,,79230b030623c7cc,,valid,valid,valid,0.4692094429975636,0.3225234375,0.797111,809,117
2012_11_21__5202f8d866f7,2012-11-21,1,frontal,17.771512985229492,-2.815315008163452,0.41122859716415405,2012_11_21.jpg,2012_11_21.jpg,filename_only,,,,,[],not_provided,,,2c7059f9bc9dd949,,valid,valid,valid,0.6547929093505839,0.2790484375,0.798035,810,265
2012_11_29__e88e740d43af,2012-11-29,1,frontal,6.913422584533691,0.4213605225086212,-9.221721649169922,2012_11_29.jpg,2012_11_29.jpg,filename_only,,,,,[],not_provided,,,caca0616028e060c,,valid,valid,valid,0.6947828278585231,0.2633484375,0.798035,811,266
2012_12_03__e2c8257e8dc7,2012-12-03,1,left_profile,-13.034510612487793,-68.17001342773438,27.363256454467773,2012_12_03.jpg,2012_12_03.jpg,filename_only,,,,,[],not_provided,,,9c330393978387c5,,valid,valid,valid,0.4913047130975384,0.24524375,0.798035,812,118
2012_12_06__e5d138336b64,2012-12-06,1,left_light,8.620057106018066,-23.628803253173828,-0.33848121762275696,2012_12_06.jpg,2012_12_06.jpg,filename_only,,,,,[],not_provided,,,2963d191a1a191c1,,valid,valid,valid,0.6404547873085217,0.2831375,0.798035,813,113
2012_12_08__94b7e8c0f3c0,2012-12-08,1,left_deep,32.06718826293945,-48.25861740112305,-12.527722358703613,2012_12_08.jpg,2012_12_08.jpg,filename_only,,,,,[],not_provided,,,9c2683ad8383879e,,valid,valid,valid,0.5143801282589824,0.2214296875,0.798035,814,26
2012_12_10__34c3f4ca61f1,2012-12-10,1,frontal,6.499034881591797,2.964416265487671,-1.882204294204712,2012_12_10.jpg,2012_12_10.jpg,filename_only,,,,,[],not_provided,,,960686070b0f078f,,valid,valid,valid,0.7041082080147862,0.3262,0.798035,815,267
2012_12_19__99883f414195,2012-12-19,1,frontal,-5.794563293457031,7.283658504486084,-0.37522122263908386,2012_12_19.jpg,2012_12_19.jpg,filename_only,,,,,[],not_provided,,,79706452d2f2b561,,valid,valid,valid,0.7233190512195805,0.47945,0.798035,816,268
2012_12_21__814b07033dd5,2012-12-21,1,right_profile,-12.730879783630371,67.86211395263672,-0.43591439723968506,2012_12_21.jpg,2012_12_21.jpg,filename_only,,,,,[],not_provided,,,26fb777f1fad9f4e,,valid,valid,valid,0.49670951300792515,0.2818234375,0.798035,817,112
2012_12_31__6b12450b0b0f,2012-12-31,1,frontal,9.66146183013916,-0.07866840809583664,-5.035908222198486,2012_12_31.jpg,2012_12_31.jpg,filename_only,,,,,[],not_provided,,,ca57c7930303874e,,valid,valid,valid,0.6827410456747599,0.2696140625,0.798035,818,269
2013_01_10__273e95624156,2013-01-10,1,left_light,14.791083335876465,-12.004329681396484,0.7474858164787292,2013_01_10.jpg,2013_01_10.jpg,filename_only,,,,,[],not_provided,,,9c9495b1f0d4ddc9,,valid,valid,valid,0.6592735724887283,0.2750453125,0.798035,819,114
2013_01_11__0942055da5d9,2013-01-11,1,left_profile,9.417404174804688,-77.50567626953125,-1.7989379167556763,2013_01_11.jpg,2013_01_11.jpg,filename_only,,,,,[],not_provided,,,8e1f0f871707070f,,valid,valid,valid,0.47167380772354306,0.2136140625,0.798035,820,119
2013_01_14__871eae343a56,2013-01-14,1,right_light,15.34829330444336,17.89499855041504,-0.2203814834356308,2013_01_14.jpg,2013_01_14.jpg,filename_only,,,,,[],not_provided,,,b6838703038f0f6f,,valid,valid,valid,0.6093701867876445,0.290559375,0.798035,821,74
2013_01_16__b260e35a1198,2013-01-16,1,frontal,18.823429107666016,-7.820441722869873,0.04232582449913025,2013_01_16.jpg,2013_01_16.jpg,filename_only,,,,,[],not_provided,,,9596963bcfc74f6f,,valid,valid,valid,0.6353860371334957,0.2505828125,0.798035,822,270
2013_01_21__55702071e3ec,2013-01-21,1,frontal,12.844205856323242,4.883571147918701,-0.20181575417518616,2013_01_21.jpg,2013_01_21.jpg,filename_only,,,,,[],not_provided,,,949427220a168eaa,,valid,valid,valid,0.6594976056456355,0.24565,0.798035,823,271
2013_01_31_2__e163ba315c05,2013-01-31,2,frontal,13.178914070129395,1.408449411392212,-4.716110706329346,2013_01_31 (2).jpg,2013_01_31 (2).jpg,filename_only,,,,,[],not_provided,,,969a6ce8e8dc6c79,,valid,valid,valid,0.6603657341286511,0.2973265625,0.798035,824,272
2013_02_01__bafb2260137e,2013-02-01,1,frontal,24.70783233642578,-5.584029197692871,-0.12800948321819305,2013_02_01.jpg,2013_02_01.jpg,filename_only,,,,,[],not_provided,,,2f2409e98d95cd03,,valid,valid,valid,0.6095102075107116,0.28491875,0.798035,825,273
2013_02_04__ce7c00441512,2013-02-04,1,frontal,13.808961868286133,-4.685845375061035,0.3757099509239197,2013_02_04.jpg,2013_02_04.jpg,filename_only,,,,,[],not_provided,,,97969649280e4c6d,,valid,valid,valid,0.6657425298944244,0.3140734375,0.798035,826,274
2013_02_05__ebe12ff3433c,2013-02-05,1,right_profile,-4.943039417266846,78.91432189941406,-2.707434892654419,2013_02_05.jpg,2013_02_05.jpg,filename_only,,,,,[],not_provided,,,cebe7efe9e3e1a1f,,valid,valid,valid,0.4758184211263267,0.2919640625,0.798035,827,113
2013_02_11__4a40caf62f37,2013-02-11,1,frontal,13.600860595703125,0.49415498971939087,0.03583405166864395,2013_02_11.jpg,2013_02_11.jpg,filename_only,,,,,[],not_provided,,,94d663e3cbcf6bb3,,valid,valid,valid,0.6656865216051976,0.216965625,0.798035,828,275
2013_02_18__c67dd4e1c278,2013-02-18,1,right_light,19.05647087097168,14.070574760437012,-0.8137999176979065,2013_02_18.jpg,2013_02_18.jpg,filename_only,,,,,[],not_provided,,,c3e36d6a4b064c6f,,valid,valid,valid,0.6066817889047579,0.2836703125,0.798035,829,75
2013_02_20__8ff35397e823,2013-02-20,1,right_profile,-9.687332153320312,64.9897232055664,-24.95925521850586,2013_02_20.jpg,2013_02_20.jpg,filename_only,,,,,[],not_provided,,,6df4968c9cfd3173,,valid,valid,valid,0.49973396062617265,0.2555328125,0.798035,830,114
2013_02_26__2f3504eddd45,2013-02-26,1,right_light,13.48342514038086,16.48168182373047,14.003274917602539,2013_02_26.jpg,2013_02_26.jpg,filename_only,,,,,[],not_provided,,,24292834541e1c09,,valid,valid,valid,0.6352460164104288,0.334525,0.798035,831,76
2013_02_28__acfa915129df,2013-02-28,1,left_profile,-12.950990676879883,-68.56597137451172,23.57392692565918,2013_02_28.jpg,2013_02_28.jpg,filename_only,,,,,[],not_provided,,,9a362683878387c6,,valid,valid,valid,0.5016382424598841,0.2362265625,0.798035,832,120
2013_03_01__f2f60a72c1cf,2013-03-01,1,right_profile,-6.404982566833496,56.668094635009766,-1.799126386642456,2013_03_01.jpg,2013_03_01.jpg,filename_only,,,,,[],not_provided,,,8d970f67db18381b,,valid,valid,valid,0.5189167996863536,0.3661890625,0.798035,833,115
2013_03_05__e85310079cf3,2013-03-05,1,left_profile,-4.9248762130737305,-66.81382751464844,13.53294849395752,2013_03_05.jpg,2013_03_05.jpg,filename_only,,,,,[],not_provided,,,9f0303032303270e,,valid,valid,valid,0.5044666610658377,0.25199375,0.798035,834,121
2013_03_07__9e02b751adb9,2013-03-07,1,frontal,18.711280822753906,0.857136607170105,0.3024805784225464,2013_03_07.jpg,2013_03_07.jpg,filename_only,,,,,[],not_provided,,,03c2c47060626635,,valid,valid,valid,0.6286650424262791,0.2834203125,0.798035,835,276
2013_03_11__142806dee21c,2013-03-11,1,right_deep,-2.8369381427764893,48.64301300048828,-3.6576411724090576,2013_03_11.jpg,2013_03_11.jpg,filename_only,,,,,[],not_provided,,,06160e370f2f1f8e,,valid,valid,valid,0.5531098602593184,0.3234515625,0.798035,836,17
2013_03_12__ff70e8921ca8,2013-03-12,1,left_profile,5.371030807495117,-71.17428588867188,-5.898263931274414,2013_03_12.jpg,2013_03_12.jpg,filename_only,,,,,[],not_provided,,,1d33039387a76749,,valid,valid,valid,0.48842028620235795,0.2281859375,0.798035,837,122
2013_03_13__e283de343386,2013-03-13,1,right_mid,-22.701915740966797,31.782506942749023,-1.0916212797164917,2013_03_13.jpg,2013_03_13.jpg,filename_only,,,,,[],not_provided,,,9efcfeecaeb29e87,,valid,valid,valid,0.5979724999299897,0.3760546875,0.798035,838,46
2013_03_15__d77bb6a6bb02,2013-03-15,1,left_mid,-3.887763023376465,-33.45768737792969,-3.2999186515808105,2013_03_15.jpg,2013_03_15.jpg,filename_only,,,,,[],not_provided,,,9ac8cccc94948941,,valid,valid,valid,0.6093141784984177,0.321740625,0.798035,839,47
2013_03_18__3b13eab1aba2,2013-03-18,1,right_light,3.829204559326172,19.339387893676758,0.030203308910131454,2013_03_18.jpg,2013_03_18.jpg,filename_only,,,,,[],not_provided,,,92c0659fd3928e4d,,valid,valid,valid,0.6573412865104036,0.3761765625,0.798035,840,77
2013_04_02__d75f6d4676be,2013-04-02,1,left_mid,17.985322952270508,-25.05925178527832,-0.09238257259130478,2013_04_02.jpg,2013_04_02.jpg,filename_only,,,,,[],not_provided,,,7d7989b9b98d594b,,valid,valid,valid,0.5979724999299897,0.304696875,0.798035,841,48
2013_04_05__9979facb01f9,2013-04-05,1,left_mid,10.034854888916016,-34.65205383300781,-3.1701266765594482,2013_04_05.jpg,2013_04_05.jpg,filename_only,,,,,[],not_provided,,,3e0c1c949c9dd941,,valid,valid,valid,0.6027052003696547,0.3223984375,0.798035,842,49
2013_04_07__ed9342929714,2013-04-07,1,right_profile,-19.102445602416992,77.52044677734375,-29.256086349487305,2013_04_07.jpg,2013_04_07.jpg,filename_only,,,,,[],not_provided,,,0607130f17331396,,valid,valid,valid,0.4729059900865328,0.21130625,0.798035,843,116
2013_04_08__e5f9f58fd435,2013-04-08,1,frontal,-8.860892295837402,9.577077865600586,-11.269448280334473,2013_04_08.jpg,2013_04_08.jpg,filename_only,,,,,[],not_provided,,,b33233735373268c,,valid,valid,valid,0.7156459155955082,0.4005890625,0.798035,844,277
2013_04_11__a1ff792644c0,2013-04-11,1,left_mid,22.460315704345703,-39.13614273071289,-9.879793167114258,2013_04_11.jpg,2013_04_11.jpg,filename_only,,,,,[],not_provided,,,26562a999181c1c9,,valid,valid,valid,0.5692682517012518,0.28488125,0.798035,845,50
2013_04_18__a41d83bdb1d7,2013-04-18,1,left_profile,-22.491931915283203,-80.25361633300781,30.399063110351562,2013_04_18.jpg,2013_04_18.jpg,filename_only,,,,,[],not_provided,,,24c301c9c9c1f1f3,,valid,valid,valid,0.47318603153266686,0.21880625,0.798035,846,123
2013_04_25__91d461d764f5,2013-04-25,1,right_profile,-8.251056671142578,67.7698745727539,-16.511987686157227,2013_04_25.jpg,2013_04_25.jpg,filename_only,,,,,[],not_provided,,,ac26332f3e7c389e,,valid,valid,valid,0.49340502394354363,0.247775,0.798035,847,117
2013_05_02__e6fa421f6f93,2013-05-02,1,frontal,15.055904388427734,-7.928252696990967,0.024302879348397255,2013_05_02.jpg,2013_05_02.jpg,filename_only,,,,,[],not_provided,,,161642e28287c70d,,valid,valid,valid,0.6502002296339858,0.3015375,0.798035,848,278
2013_05_05__2fc4bc356a7b,2013-05-05,1,frontal,9.686015129089355,0.18539416790008545,0.1828831136226654,2013_05_05.jpg,2013_05_05.jpg,filename_only,,,,,[],not_provided,,,35d9a92d541c1d55,,valid,valid,valid,0.6866616259206363,0.334078125,0.798035,849,279
2013_05_10__1fea2e3bdd81,2013-05-10,1,left_deep,8.615584373474121,-45.95952606201172,-1.1795594692230225,2013_05_10.jpg,2013_05_10.jpg,filename_only,,,,,[],not_provided,,,b4f9ccd4cccd410d,,valid,valid,valid,0.5689041978212775,0.24825625,0.798035,850,27
2013_05_10_2__12309f8c657a,2013-05-10,2,right_profile,-18.334890365600586,63.9003791809082,-13.093783378601074,2013_05_10 (2).jpg,2013_05_10 (2).jpg,filename_only,,,,,[],not_provided,,,cf610c374d1d0f4f,,valid,valid,valid,0.5043266403427707,0.3020234375,0.798035,851,118
2013_05_14__0ff4eff2914d,2013-05-14,1,frontal,-0.596112072467804,7.853221416473389,0.042844921350479126,2013_05_14.jpg,2013_05_14.jpg,filename_only,,,,,[],not_provided,,,95696954d64c4c7b,,valid,valid,valid,0.7111092441681369,0.283815625,0.798035,852,280
2013_05_22__f98e8fd99d78,2013-05-22,1,left_profile,5.23868465423584,-69.40274047851562,9.994702339172363,2013_05_22.jpg,2013_05_22.jpg,filename_only,,,,,[],not_provided,,,0e4b838bc3c1b3b3,,valid,valid,valid,0.4860959421994455,0.2217703125,0.798035,853,124
2013_05_23__8242dcd3a354,2013-05-23,1,right_profile,8.613750457763672,80.79667663574219,-16.605796813964844,2013_05_23.jpg,2013_05_23.jpg,filename_only,,,,,[],not_provided,,,f7f6ffb674743cea,,valid,valid,valid,0.4766865496093422,0.20520625,0.798035,854,119
2013_05_27__72e02e3c28e0,2013-05-27,1,right_light,10.811532020568848,13.311776161193848,-0.3357144594192505,2013_05_27.jpg,2013_05_27.jpg,filename_only,,,,,[],not_provided,,,5e1694963a9e9c89,,valid,valid,valid,0.6531406648183932,0.3646296875,0.798035,855,78
2013_06_13__4da2846933b8,2013-06-13,1,left_profile,23.656829833984375,-59.94766616821289,-20.585296630859375,2013_06_13.jpg,2013_06_13.jpg,filename_only,,,,,[],not_provided,,,89b0409084c0c161,,valid,valid,valid,0.49780167464784786,0.246396875,0.798035,856,125
2013_06_18__e91de383bcd5,2013-06-18,1,right_profile,-30.81006622314453,77.90265655517578,-58.602882385253906,2013_06_18.jpg,2013_06_18.jpg,filename_only,,,,,[],not_provided,,,460b9d1f3f3717ce,,valid,valid,valid,0.470973704108208,0.2157171875,0.798035,857,120
2013_06_20__11357ea84727,2013-06-20,1,left_light,8.39233684539795,-16.500844955444336,0.24474819004535675,2013_06_20.jpg,2013_06_20.jpg,filename_only,,,,,[],not_provided,,,1696ce6cd4d64ce9,,valid,valid,valid,0.6599736761040634,0.29229375,0.798035,858,115
2013_06_21__a8990c8f1518,2013-06-21,1,left_light,4.12195348739624,-13.86395263671875,-13.94481086730957,2013_06_21.jpg,2013_06_21.jpg,filename_only,,,,,[],not_provided,,,352c0c83351d0f0e,,valid,valid,valid,0.6722394914447338,0.4232125,0.798035,859,116
2013_06_27__8dea38b9c2ad,2013-06-27,1,right_profile,-17.372879028320312,71.92909240722656,-27.62800407409668,2013_06_27.jpg,2013_06_27.jpg,filename_only,,,,,[],not_provided,,,06331b2f17373796,,valid,valid,valid,0.4841076479318939,0.2671703125,0.798035,860,121
2013_07_01_2__7d454cc23335,2013-07-01,2,left_profile,-13.726521492004395,-61.55752182006836,18.06268882751465,2013_07_01 (2).jpg,2013_07_01 (2).jpg,filename_only,,,,,[],not_provided,,,9e36069f0d27666e,,valid,valid,valid,0.5143521241143689,0.2629171875,0.798035,861,126
2013_07_06__457fca155f48,2013-07-06,1,right_profile,-15.062520980834961,61.68954086303711,-21.544841766357422,2013_07_06.jpg,2013_07_06.jpg,filename_only,,,,,[],not_provided,,,439bde1e9abe9c99,,valid,valid,valid,0.5111876557730544,0.243890625,0.798035,862,122
2013_07_25__568ab3e93472,2013-07-25,1,left_light,20.39719009399414,-17.539371490478516,-0.4165617823600769,2013_07_25.jpg,2013_07_25.jpg,filename_only,,,,,[],not_provided,,,979612b1d0c0406d,,valid,valid,valid,0.6109384188859951,0.2956859375,0.798035,863,117
2013_07_27__d1cd06bef6ae,2013-07-27,1,frontal,2.3664565086364746,0.880172073841095,0.05689461901783943,2013_07_27.jpg,2013_07_27.jpg,filename_only,,,,,[],not_provided,,,3938383e682c1f07,,valid,valid,valid,0.706320535439245,0.424025,0.798035,864,281
2013_07_28__893bb7e42394,2013-07-28,1,left_profile,6.3543477058410645,-63.30817413330078,-7.791774272918701,2013_07_28.jpg,2013_07_28.jpg,filename_only,,,,,[],not_provided,,,9c6082838581e32e,,valid,valid,valid,0.4992858943123582,0.270796875,0.798035,865,127
2013_08_01__b9324b6683bc,2013-08-01,1,left_deep,27.053590774536133,-42.691917419433594,-18.03107261657715,2013_08_01.jpg,2013_08_01.jpg,filename_only,,,,,[],not_provided,,,9fd742c4c6e66431,,valid,valid,valid,0.5491612758688286,0.2637328125,0.798035,866,28
2013_08_02__badabd41a594,2013-08-02,1,right_profile,-16.708341598510742,71.80338287353516,-15.798955917358398,2013_08_02.jpg,2013_08_02.jpg,filename_only,,,,,[],not_provided,,,c3948fcfcf89cb4f,,valid,valid,valid,0.49169677112212606,0.2476328125,0.798035,867,123
2013_08_10__5d6e6fd05e7e,2013-08-10,1,left_profile,16.02763557434082,-56.11635208129883,-13.989898681640625,2013_08_10.jpg,2013_08_10.jpg,filename_only,,,,,[],not_provided,,,0f03032303030309,,valid,valid,valid,0.5156963230558123,0.270428125,0.798035,868,128
2013_08_10_2__ee59d5be5ad8,2013-08-10,2,right_profile,7.222079277038574,51.509334564208984,8.51179027557373,2013_08_10 (2).jpg,2013_08_10 (2).jpg,filename_only,,,,,[],not_provided,,,0c35311cbc1c1c4f,,valid,valid,valid,0.5268419726119465,0.221675,0.798035,869,124
2013_08_23__a5aaf77aa4c7,2013-08-23,1,right_profile,0.9839559197425842,62.46001434326172,1.2477298974990845,2013_08_23.jpg,2013_08_23.jpg,filename_only,,,,,[],not_provided,,,d9e1d0ccc80b0b4e,,valid,valid,valid,0.5008541264107088,0.22229375,0.798035,870,125
2013_08_30__b8ae8d02fc25,2013-08-30,1,left_deep,11.573552131652832,-44.414710998535156,-4.0317912101745605,2013_08_30.jpg,2013_08_30.jpg,filename_only,,,,,[],not_provided,,,4f9383838dc3e327,,valid,valid,valid,0.5530258478254781,0.282384375,0.798035,871,29
2013_08_31__5a0d8d370bf8,2013-08-31,1,right_light,10.116750717163086,19.163551330566406,-0.06961456686258316,2013_08_31.jpg,2013_08_31.jpg,filename_only,,,,,[],not_provided,,,3e1f35373b1f1e2c,,valid,valid,valid,0.6225321347559439,0.3342390625,0.798035,872,79
2013_09_05__bc89c5b9eb2d,2013-09-05,1,right_profile,-10.764274597167969,79.54593658447266,-20.954042434692383,2013_09_05.jpg,2013_09_05.jpg,filename_only,,,,,[],not_provided,,,b86c666a6262b20c,,valid,valid,valid,0.470833683385141,0.09103125,0.798035,873,126
2013_09_06__4c5c35236a09,2013-09-06,1,left_mid,22.394620895385742,-34.07361602783203,-14.042781829833984,2013_09_06.jpg,2013_09_06.jpg,filename_only,,,,,[],not_provided,,,ded763cbcbcb4f46,,valid,valid,valid,0.5825982245372315,0.2723953125,0.798035,874,51
2013_09_14__8600ce23a9eb,2013-09-14,1,right_deep,31.556182861328125,47.164730072021484,8.681692123413086,2013_09_14.jpg,2013_09_14.jpg,filename_only,,,,,[],not_provided,,,428bfbecfc5cf8b1,,valid,valid,valid,0.5181886919264052,0.219540625,0.798035,875,18
2013_09_18__63bbd1655c02,2013-09-18,1,left_profile,3.9545137882232666,-73.90499114990234,7.605791091918945,2013_09_18.jpg,2013_09_18.jpg,filename_only,,,,,[],not_provided,,,f0e2cecac6d2d6c6,,valid,valid,valid,0.48351956089501247,0.204478125,0.798035,876,129
2013_09_19__ab84cc16b904,2013-09-19,1,right_profile,-50.67024230957031,60.60942840576172,-57.604393005371094,2013_09_19.jpg,2013_09_19.jpg,filename_only,,,,,[],not_provided,,,eff67864bcfc7833,,valid,valid,valid,0.5029824414013274,0.26823125,0.798035,877,127
2013_09_26__37b356498e2b,2013-09-26,1,right_profile,-14.719839096069336,85.12683868408203,-12.641383171081543,2013_09_26.jpg,2013_09_26.jpg,filename_only,,,,,[],not_provided,,,933f3e6e3c343919,,valid,valid,valid,0.45820381416449635,0.1953703125,0.798035,878,128
2013_10_07__f6141307852b,2013-10-07,1,left_profile,33.01193618774414,-55.79695129394531,-23.265987396240234,2013_10_07.jpg,2013_10_07.jpg,filename_only,,,,,[],not_provided,,,6d0b83831383834f,,valid,valid,valid,0.4962054384048839,0.213053125,0.798035,879,130
2013_10_07_2__23493bb53a4c,2013-10-07,2,right_light,15.129016876220703,21.75927734375,-2.0331838130950928,2013_10_07 (2).jpg,2013_10_07 (2).jpg,filename_only,,,,,[],not_provided,,,76665617079f8fef,,valid,valid,valid,0.6139628665042426,0.266128125,0.798035,880,80
2013_10_08__b33450861dcd,2013-10-08,1,left_deep,23.00574493408203,-49.241966247558594,-0.3894864022731781,2013_10_08.jpg,2013_10_08.jpg,filename_only,,,,,[],not_provided,,,3323430581010347,,valid,valid,valid,0.5359433196113025,0.270840625,0.796324,881,30
2013_10_16__290647ba0157,2013-10-16,1,right_mid,14.844136238098145,36.806453704833984,-8.226110458374023,2013_10_16.jpg,2013_10_16.jpg,filename_only,,,,,[],not_provided,,,e1c5cbf1d3cfefe7,,valid,valid,valid,0.574701055756252,0.288878125,0.798035,882,47
2013_10_24__c2a5dc019742,2013-10-24,1,left_mid,15.148185729980469,-29.563526153564453,-0.8554567098617554,2013_10_24.jpg,2013_10_24.jpg,filename_only,,,,,[],not_provided,,,97c565c94b43070f,,valid,valid,valid,0.5892632109552214,0.272825,0.798035,883,52
2013_10_29__f6e0cb7d29c0,2013-10-29,1,right_profile,-11.876202583312988,62.785552978515625,-29.130229949951172,2013_10_29.jpg,2013_10_29.jpg,filename_only,,,,,[],not_provided,,,a7366eeecefc7871,,valid,valid,valid,0.5064269511887759,0.218153125,0.798035,884,129
2013_10_30__b5cdffaddddb,2013-10-30,1,left_mid,17.320518493652344,-32.644989013671875,-1.1391032934188843,2013_10_30.jpg,2013_10_30.jpg,filename_only,,,,,[],not_provided,,,1786c9c8c0c04863,,valid,valid,valid,0.588339074182979,0.268990625,0.798035,885,53
2013_10_31__e31694f3d337,2013-10-31,1,right_light,-1.091788649559021,12.158679962158203,0.2922878861427307,2013_10_31.jpg,2013_10_31.jpg,filename_only,,,,,[],not_provided,,,b4d161e4d4d45c7b,,valid,valid,valid,0.6882298580189868,0.3119671875,0.798035,886,81
2013_11_01__0074c43a4795,2013-11-01,1,right_mid,16.55728530883789,28.28246307373047,14.239106178283691,2013_11_01.jpg,2013_11_01.jpg,filename_only,,,,,[],not_provided,,,2c241e2e2e3e1e8e,,valid,valid,valid,0.5987006076899382,0.286171875,0.798035,887,48
2013_11_08__da28f2de105a,2013-11-08,1,right_mid,16.368898391723633,31.957462310791016,0.18062882125377655,2013_11_08.jpg,2013_11_08.jpg,filename_only,,,,,[],not_provided,,,164679e9ecddf921,,valid,valid,valid,0.6027332045142682,0.2724171875,0.798035,888,49
2013_11_12__423417d8314f,2013-11-12,1,right_profile,28.768503189086914,66.49915313720703,1.7495572566986084,2013_11_12.jpg,2013_11_12.jpg,filename_only,,,,,[],not_provided,,,a4060b1f3e36368e,,valid,valid,valid,0.4788148645999608,0.1916859375,0.798035,889,130
2013_11_14__aaef6cdabf68,2013-11-14,1,left_profile,13.573391914367676,-69.1509017944336,-0.8224802613258362,2013_11_14.jpg,2013_11_14.jpg,filename_only,,,,,[],not_provided,,,880080d4c0c07031,,valid,valid,valid,0.48864431935926517,0.213196875,0.798035,890,131
2013_11_21__01cb10aa4118,2013-11-21,1,left_light,19.096952438354492,-12.948421478271484,0.3415955603122711,2013_11_21.jpg,2013_11_21.jpg,filename_only,,,,,[],not_provided,,,9d1e96fb8fcfce6c,,valid,valid,valid,0.6364781987734185,0.2900375,0.798035,891,118
2013_11_22__d64d6e76c3c1,2013-11-22,1,left_mid,15.213871955871582,-25.774906158447266,0.3431399464607239,2013_11_22.jpg,2013_11_22.jpg,filename_only,,,,,[],not_provided,,,1e91810949434327,,valid,valid,valid,0.6051975692402476,0.2775671875,0.798035,892,54
2013_11_28__5d90b71f3791,2013-11-28,1,left_profile,-31.466772079467773,-84.25892639160156,62.31047439575195,2013_11_28.jpg,2013_11_28.jpg,filename_only,,,,,[],not_provided,,,7667634349090307,,valid,valid,valid,0.4513708028788261,0.2095375,0.798035,893,132
2013_12_02__353aa2aeb8ff,2013-12-02,1,left_profile,7.80410099029541,-67.94630432128906,-8.867637634277344,2013_12_02.jpg,2013_12_02.jpg,filename_only,,,,,[],not_provided,,,cd998393a4c1c70d,,valid,valid,valid,0.48452771010109497,0.2144671875,0.798035,894,133
2013_12_02_2__580079d7fd82,2013-12-02,2,frontal,5.816952228546143,6.284277439117432,0.06839857995510101,2013_12_02 (2).jpg,2013_12_02 (2).jpg,filename_only,,,,,[],not_provided,,,dad2f4eaeaf2f439,,valid,valid,valid,0.6713993671063317,0.33865,0.798035,895,282
2013_12_03__51ab6537e008,2013-12-03,1,left_light,14.65406608581543,-12.701081275939941,-12.027180671691895,2013_12_03.jpg,2013_12_03.jpg,filename_only,,,,,[],not_provided,,,5e4d1c3c3cbdb9fb,,valid,valid,valid,0.65188047831079,0.3371734375,0.798035,896,119
2013_12_05__4f41b9e79982,2013-12-05,1,right_profile,0.039493218064308167,65.45769500732422,1.4407875537872314,2013_12_05.jpg,2013_12_05.jpg,filename_only,,,,,[],not_provided,,,e7332e761e3e3d1f,,valid,valid,valid,0.500938138844549,0.323140625,0.798035,897,131
2013_12_16__664246a30ad2,2013-12-16,1,frontal,14.709233283996582,9.164568901062012,0.3320695757865906,2013_12_16.jpg,2013_12_16.jpg,filename_only,,,,,[],not_provided,,,2c25c3d5d7061d5b,,valid,valid,valid,0.6516564451538828,0.294275,0.798035,898,283
2013_12_19__9a2c273a2b2c,2013-12-19,1,right_profile,-0.46578899025917053,59.60850524902344,-21.389074325561523,2013_12_19.jpg,2013_12_19.jpg,filename_only,,,,,[],not_provided,,,969a3b1e7e3c3c98,,valid,valid,valid,0.5104315438684925,0.266796875,0.798035,899,132
2013_12_24__0e8d73cfabce,2013-12-24,1,frontal,6.885200500488281,5.788383483886719,-0.2649005353450775,2013_12_24.jpg,2013_12_24.jpg,filename_only,,,,,[],not_provided,,,0c7673bbab9397cf,,valid,valid,valid,0.6816488840348371,0.27765,0.798035,900,284
2013_12_31__9def342458fe,2013-12-31,1,left_deep,17.879484176635742,-49.178443908691406,-1.4167085886001587,2013_12_31.jpg,2013_12_31.jpg,filename_only,,,,,[],not_provided,,,3e2c090d8dc56515,,valid,valid,valid,0.5371194936850654,0.2466484375,0.798035,901,31
2014_01_04__b299934314d0,2014-01-04,1,right_profile,-17.46729850769043,67.44265747070312,-13.29548454284668,2014_01_04.jpg,2014_01_04.jpg,filename_only,,,,,[],not_provided,,,c3f31c2e5e180932,,valid,valid,valid,0.49861379484163654,0.22888125,0.798035,902,133
2014_01_04_2__e455bc6bc82b,2014-01-04,2,right_profile,5.623785018920898,58.31624221801758,4.3429694175720215,2014_01_04 (2).jpg,2014_01_04 (2).jpg,filename_only,,,,,[],not_provided,,,4cc5c2c6ccce4879,,valid,valid,valid,0.5125598588591112,0.2919828125,0.798035,903,134
2014_01_07__9d3191137d25,2014-01-07,1,left_profile,2.326308488845825,-78.8757553100586,-4.560119152069092,2014_01_07.jpg,2014_01_07.jpg,filename_only,,,,,[],not_provided,,,0f1ac29084426709,,valid,valid,valid,0.47702259934470304,0.195234375,0.798035,904,134
2014_01_13__903631bbff55,2014-01-13,1,left_profile,12.190155982971191,-73.60865783691406,-2.8023602962493896,2014_01_13.jpg,2014_01_13.jpg,filename_only,,,,,[],not_provided,,,3a24409004002402,,valid,valid,valid,0.4815872749166877,0.2206625,0.798035,905,135
2014_01_16__f4727c233f5d,2014-01-16,1,right_light,18.05396842956543,12.647920608520508,0.07921674102544785,2014_01_16.jpg,2014_01_16.jpg,filename_only,,,,,[],not_provided,,,96963634142c3d98,,valid,valid,valid,0.6170153182671035,0.2790453125,0.798035,906,82
2014_01_17__b93a0c5ab22d,2014-01-17,1,frontal,17.055681228637695,3.8370652198791504,0.43785929679870605,2014_01_17.jpg,2014_01_17.jpg,filename_only,,,,,[],not_provided,,,964663c3e3c264b1,,valid,valid,valid,0.6567251953289087,0.2779484375,0.798035,907,285
2014_01_17_2__fe723839fb2b,2014-01-17,2,right_light,9.576763153076172,15.592901229858398,-0.05198894068598747,2014_01_17 (2).jpg,2014_01_17 (2).jpg,filename_only,,,,,[],not_provided,,,0783e36363436674,,valid,valid,valid,0.6565571704612283,0.2989578125,0.798035,908,83
2014_01_30__bc21115690f6,2014-01-30,1,left_profile,-4.596378803253174,-64.16108703613281,27.328296661376953,2014_01_30.jpg,2014_01_30.jpg,filename_only,,,,,[],not_provided,,,4d15840444506048,,valid,valid,valid,0.5083312330224873,0.2092453125,0.798035,909,136
2014_02_04__58ab22ba5ec0,2014-02-04,1,left_light,22.688262939453125,-22.46013641357422,-8.88277816772461,2014_02_04.jpg,2014_02_04.jpg,filename_only,,,,,[],not_provided,,,9e9e14351d1f1f0d,,valid,valid,valid,0.5976644543392422,0.2678390625,0.798035,910,120
2014_02_06__5c09c83e991d,2014-02-06,1,left_profile,14.622493743896484,-63.1234016418457,-12.709754943847656,2014_02_06.jpg,2014_02_06.jpg,filename_only,,,,,[],not_provided,,,1e335f81adc3c307,,valid,valid,valid,0.48626396706712594,0.2277015625,0.798035,911,137
2014_02_06_2__583b6a620963,2014-02-06,2,right_mid,21.798646926879883,32.0957145690918,1.43254816532135,2014_02_06 (2).jpg,2014_02_06 (2).jpg,filename_only,,,,,[],not_provided,,,1786e6c4dcdcc969,,valid,valid,valid,0.5785656277129015,0.274134375,0.798035,912,50
2014_02_07__ee3e8cc10a50,2014-02-07,1,left_light,16.306123733520508,-21.773963928222656,0.34282904863357544,2014_02_07.jpg,2014_02_07.jpg,filename_only,,,,,[],not_provided,,,252141d190c1c1cd,,valid,valid,valid,0.611414489344423,0.2940015625,0.798035,913,121
2014_02_15__ee0b854cbbaa,2014-02-15,1,left_deep,1.0263936519622803,-43.81206130981445,-5.388622760772705,2014_02_15.jpg,2014_02_15.jpg,filename_only,,,,,[],not_provided,,,93c1c484c480c1e1,,valid,valid,valid,0.5745330308885715,0.35219375,0.798035,914,32
2014_02_17__2dccee67276a,2014-02-17,1,right_mid,16.884952545166016,34.38151931762695,2.11238956451416,2014_02_17.jpg,2014_02_17.jpg,filename_only,,,,,[],not_provided,,,13091f2f2f3f1d0f,,valid,valid,valid,0.5824301996695511,0.3396734375,0.798035,915,51
2014_02_17_2__2638502aebc1,2014-02-17,2,right_profile,-7.029228687286377,64.95991516113281,-1.999390721321106,2014_02_17 (2).jpg,2014_02_17 (2).jpg,filename_only,,,,,[],not_provided,,,0e061e360f9d8de3,,valid,valid,valid,0.5024783667982862,0.2199140625,0.798035,916,135
2014_02_23__b8cdebbf61d7,2014-02-23,1,right_profile,5.929149627685547,75.31583404541016,7.701911926269531,2014_02_23.jpg,2014_02_23.jpg,filename_only,,,,,[],not_provided,,,6ff3eff7fa3c1d4d,,valid,valid,valid,0.4866560250917136,0.2516390625,0.798035,917,136
2014_03_05__69629d11d1ae,2014-03-05,1,frontal,15.654404640197754,8.881498336791992,0.20668834447860718,2014_03_05.jpg,2014_03_05.jpg,filename_only,,,,,[],not_provided,,,94606c68cacc6429,,valid,valid,valid,0.6433112100590888,0.313446875,0.798035,918,286
2014_03_07__45f690fed667,2014-03-07,1,right_profile,-39.88032531738281,59.3893928527832,-48.80027770996094,2014_03_07.jpg,2014_03_07.jpg,filename_only,,,,,[],not_provided,,,73f18927466e7879,,valid,valid,valid,0.5023103419306058,0.2957859375,0.798035,919,137
2014_03_08__a78518c90f36,2014-03-08,1,frontal,20.248743057250977,6.572493553161621,-14.304824829101562,2014_03_08.jpg,2014_03_08.jpg,filename_only,,,,,[],not_provided,,,9adb8fbb9b9f9f9b,,valid,valid,valid,0.607381892520093,0.28698194444444447,0.798035,920,287
2014_03_09__7ae0dc04ab96,2014-03-09,1,left_profile,0.4355272054672241,-58.39487075805664,-1.5391864776611328,2014_03_09.jpg,2014_03_09.jpg,filename_only,,,,,[],not_provided,,,47393f0385c16307,,valid,valid,valid,0.5138480495113277,0.2903640625,0.798035,921,138
2014_03_17__1cb415a73d28,2014-03-17,1,right_mid,10.31240177154541,27.24937629699707,-1.6049842834472656,2014_03_17.jpg,2014_03_17.jpg,filename_only,,,,,[],not_provided,,,0c3606262f3f1f9c,,valid,valid,valid,0.6065417681816909,0.2687109375,0.798035,922,52
2014_03_19__8c5389de4cb1,2014-03-19,1,left_profile,-71.8193359375,-82.23723602294922,82.63327026367188,2014_03_19.jpg,2014_03_19.jpg,filename_only,,,,,[],not_provided,,,9910a0c0c0c0c062,,valid,valid,valid,0.45414321319555295,0.187165625,0.798035,923,139
2014_03_24__ab860b40c041,2014-03-24,1,frontal,11.897618293762207,-3.0327420234680176,-0.1838894933462143,2014_03_24.jpg,2014_03_24.jpg,filename_only,,,,,[],not_provided,,,36f373ebebcfcf6f,,valid,valid,valid,0.6689630065249657,0.294671875,0.798035,924,288
2014_03_25__2b9ab79b0770,2014-03-25,1,right_light,9.214086532592773,17.27982521057129,-0.52400141954422,2014_03_25.jpg,2014_03_25.jpg,filename_only,,,,,[],not_provided,,,2c60e1d4d4dc4c69,,valid,valid,valid,0.6304853118261503,0.2872109375,0.798035,925,84
2014_03_25_2__49dc0abf589e,2014-03-25,2,right_profile,-53.35331726074219,77.98323059082031,-50.223182678222656,2014_03_25 (2).jpg,2014_03_25 (2).jpg,filename_only,,,,,[],not_provided,,,7c60dcdcdcfc7993,,valid,valid,valid,0.47172981601276986,0.1666921875,0.798035,926,138
2014_04_04__8448911e4b83,2014-04-04,1,frontal,15.57341480255127,6.337601661682129,-0.07225336879491806,2014_04_04.jpg,2014_04_04.jpg,filename_only,,,,,[],not_provided,,,a68747ebc307476f,,valid,valid,valid,0.6348259542412277,0.3070125,0.798035,927,289
2014_04_09__1385af386811,2014-04-09,1,frontal,15.904172897338867,-4.937321662902832,0.18957103788852692,2014_04_09.jpg,2014_04_09.jpg,filename_only,,,,,[],not_provided,,,1ede5674d4ce6e3d,,valid,valid,valid,0.6377383852810216,0.3015921875,0.798035,928,290
2014_04_17__d8d1638a1b7a,2014-04-17,1,right_light,10.964942932128906,10.542954444885254,0.07607165724039078,2014_04_17.jpg,2014_04_17.jpg,filename_only,,,,,[],not_provided,,,97c965cbc207066d,,valid,valid,valid,0.6517684617323364,0.3295359375,0.798035,929,85
2014_04_18__f057c5c9a04a,2014-04-18,1,left_profile,-0.5296884775161743,-67.59973907470703,15.51391315460205,2014_04_18.jpg,2014_04_18.jpg,filename_only,,,,,[],not_provided,,,4b10800012c0e031,,valid,valid,valid,0.49687753787560557,0.2441359375,0.798035,930,140
2014_04_20__bb0d19d4b32c,2014-04-20,1,right_profile,-14.742955207824707,65.8855209350586,-10.239006042480469,2014_04_20.jpg,2014_04_20.jpg,filename_only,,,,,[],not_provided,,,0d717e363e6e3e9e,,valid,valid,valid,0.5024503626536727,0.2781984375,0.798035,931,139
2014_04_24__42c31d93d7d0,2014-04-24,1,right_light,20.423786163330078,20.448280334472656,-0.013419292867183685,2014_04_24.jpg,2014_04_24.jpg,filename_only,,,,,[],not_provided,,,16be3f3f3f3f1f8e,,valid,valid,valid,0.5730208070794478,0.2890046875,0.798035,932,86
2014_05_07__e0f1d732cd70,2014-05-07,1,left_profile,-32.906158447265625,-73.26155853271484,29.247196197509766,2014_05_07.jpg,2014_05_07.jpg,filename_only,,,,,[],not_provided,,,c999a08084a5c3e3,,valid,valid,valid,0.4890923856730796,0.19908125,0.798035,933,141
2014_05_09__63650dd60e64,2014-05-09,1,left_light,22.40559959411621,-22.75302505493164,-0.3792056739330292,2014_05_09.jpg,2014_05_09.jpg,filename_only,,,,,[],not_provided,,,b4b1715840614307,,valid,valid,valid,0.5805539219804531,0.271834375,0.798035,934,122
2014_05_20__2d416ee83f1b,2014-05-20,1,frontal,5.915340900421143,3.028322458267212,0.051774751394987106,2014_05_20.jpg,2014_05_20.jpg,filename_only,,,,,[],not_provided,,,8e0f17172b0f0f6e,,valid,valid,valid,0.6844212943515641,0.3324171875,0.798035,935,291
2014_05_21__7d1f423f3e4e,2014-05-21,1,left_profile,2.6616971492767334,-81.6633529663086,18.2423038482666,2014_05_21.jpg,2014_05_21.jpg,filename_only,,,,,[],not_provided,,,326aeb86a3d3a30f,,valid,valid,valid,0.45699963594612003,0.1967,0.798035,936,142
2014_05_29__755bfee73a22,2014-05-29,1,right_mid,15.196982383728027,37.85247802734375,-0.32888245582580566,2014_05_29.jpg,2014_05_29.jpg,filename_only,,,,,[],not_provided,,,3462616464253d0d,,valid,valid,valid,0.575401159371587,0.331015625,0.798035,937,53
2014_05_29_2__4362d5829680,2014-05-29,2,right_profile,22.739181518554688,73.3899154663086,26.11244773864746,2014_05_29 (2).jpg,2014_05_29 (2).jpg,filename_only,,,,,[],not_provided,,,f1c1e5f4f0391307,,valid,valid,valid,0.48242739925508976,0.2057671875,0.798035,938,140
2014_05_31__adb8a307653f,2014-05-31,1,frontal,14.142029762268066,2.411076784133911,6.287508010864258,2014_05_31.jpg,2014_05_31.jpg,filename_only,,,,,[],not_provided,,,a6610f2b2307070c,,valid,valid,valid,0.667310761992775,0.3365,0.798035,939,292
2014_06_04__721c8903882e,2014-06-04,1,right_profile,-54.5189323425293,82.49771118164062,-51.19089889526367,2014_06_04.jpg,2014_06_04.jpg,filename_only,,,,,[],not_provided,,,7cccdcfcfcfc7833,,valid,valid,valid,0.46624100366854293,0.1724,0.798035,940,141
2014_06_09__1e98d04bfe67,2014-06-09,1,frontal,10.903240203857422,-4.5062761306762695,-0.10605885088443756,2014_06_09.jpg,2014_06_09.jpg,filename_only,,,,,[],not_provided,,,879a6ea9ab07070e,,valid,valid,valid,0.6552689798090118,0.382440625,0.796498,941,293
2014_06_10__aacb62d4e2b8,2014-06-10,1,left_profile,10.086413383483887,-56.237972259521484,-10.284097671508789,2014_06_10.jpg,2014_06_10.jpg,filename_only,,,,,[],not_provided,,,df7040c0c4c4e131,,valid,valid,valid,0.5265339270211992,0.2438609375,0.798035,942,143
2014_06_12__134e5ba1506e,2014-06-12,1,left_light,20.311538696289062,-17.508817672729492,0.3615346848964691,2014_06_12.jpg,2014_06_12.jpg,filename_only,,,,,[],not_provided,,,94b9f57ddc4c6971,,valid,valid,valid,0.6140748830826962,0.2487890625,0.798035,943,123
2014_06_24__aa2d872d9671,2014-06-24,1,frontal,13.152798652648926,-1.897882103919983,5.121852397918701,2014_06_24.jpg,2014_06_24.jpg,filename_only,,,,,[],not_provided,,,0e27072b0f070786,,valid,valid,valid,0.6654064801590636,0.3914125,0.788418,944,294
2014_06_24_3__b18f4933dd3b,2014-06-24,3,left_profile,10.167256355285645,-63.695281982421875,-12.765336990356445,2014_06_24 (3).jpg,2014_06_24 (3).jpg,filename_only,,,,,[],not_provided,,,4e1e330b0723278e,,valid,valid,valid,0.49329300736509,0.2104484375,0.798035,945,144
2014_06_26__60740efff6b0,2014-06-26,1,right_profile,-30.44614028930664,88.58247375488281,-52.17570114135742,2014_06_26.jpg,2014_06_26.jpg,filename_only,,,,,[],not_provided,,,d319382e36363746,,valid,valid,valid,0.4243468033268924,0.228534375,0.798035,946,142
2014_07_01__9bdec4cb86d5,2014-07-01,1,right_profile,-8.434270858764648,65.62562561035156,-23.82172966003418,2014_07_01.jpg,2014_07_01.jpg,filename_only,,,,,[],not_provided,,,24367b7ebc76363c,,valid,valid,valid,0.5013582010137501,0.272415625,0.798035,947,143
2014_07_12__4e31be56da49,2014-07-12,1,left_profile,28.872697830200195,-65.00243377685547,-15.341973304748535,2014_07_12.jpg,2014_07_12.jpg,filename_only,,,,,[],not_provided,,,3c2d0f0f07a78713,,valid,valid,valid,0.4809431795905794,0.2164703125,0.798035,948,145
2014_07_14__fe0225c281e3,2014-07-14,1,left_light,11.140923500061035,-12.227462768554688,0.15017428994178772,2014_07_14.jpg,2014_07_14.jpg,filename_only,,,,,[],not_provided,,,bebfbf3f3f1f9dc9,,valid,valid,valid,0.662802094710017,0.3277296875,0.798035,949,124
2014_07_17__cedd37087674,2014-07-17,1,left_light,17.53289222717285,-11.141517639160156,-0.13920629024505615,2014_07_17.jpg,2014_07_17.jpg,filename_only,,,,,[],not_provided,,,ac190c36070f0b4d,,valid,valid,valid,0.6211319275252737,0.325725,0.792142,950,125
2014_07_17_2__21a9ee2a5a0d,2014-07-17,2,left_profile,-3.7315673828125,-66.1002426147461,2.8371975421905518,2014_07_17 (2).jpg,2014_07_17 (2).jpg,filename_only,,,,,[],not_provided,,,9b2383938483c343,,valid,valid,valid,0.5009101346999356,0.263515625,0.798035,951,146
2014_07_24__f3cac2150546,2014-07-24,1,right_mid,18.93501853942871,37.95539474487305,1.0143041610717773,2014_07_24.jpg,2014_07_24.jpg,filename_only,,,,,[],not_provided,,,060b9fa7261c9c49,,valid,valid,valid,0.5626592735724887,0.291703125,0.798035,952,54
2014_07_29__fd801efcd785,2014-07-29,1,right_mid,18.34227752685547,36.7787971496582,13.948888778686523,2014_07_29.jpg,2014_07_29.jpg,filename_only,,,,,[],not_provided,,,261e1c2d2e3e1c8d,,valid,valid,valid,0.5766333417345767,0.3271625,0.798035,953,55
2014_08_09__5827723b3b21,2014-08-09,1,left_profile,26.07927894592285,-89.08653259277344,-27.227201461791992,2014_08_09.jpg,2014_08_09.jpg,filename_only,,,,,[],not_provided,,,8180c0c0c0d0e161,,valid,valid,valid,0.4429135512055784,0.1566578125,0.798035,954,147
2014_08_12__88096c430de2,2014-08-12,1,left_profile,-5.398173809051514,-76.88138580322266,2.5357682704925537,2014_08_12.jpg,2014_08_12.jpg,filename_only,,,,,[],not_provided,,,c998c0ca84c0e303,,valid,valid,valid,0.48455571424570837,0.201440625,0.798035,955,148
2014_08_13__18e075186c4c,2014-08-13,1,frontal,23.07035255432129,4.3107099533081055,0.16324599087238312,2014_08_13.jpg,2014_08_13.jpg,filename_only,,,,,[],not_provided,,,96c6cee1858dcd49,,valid,valid,valid,0.6219720518636759,0.2633984375,0.798035,956,295
2014_08_26__71ca9fc3f2de,2014-08-26,1,right_profile,8.11983871459961,59.67042922973633,-6.490467548370361,2014_08_26.jpg,2014_08_26.jpg,filename_only,,,,,[],not_provided,,,e3d9dddeda3a9bcf,,valid,valid,valid,0.514492144837436,0.2861140625,0.798035,957,144
2014_08_27__7ff9f2cf534e,2014-08-27,1,right_light,-5.649386405944824,19.432523727416992,0.23461933434009552,2014_08_27.jpg,2014_08_27.jpg,filename_only,,,,,[],not_provided,,,e9d9c46e56761e8e,,valid,valid,valid,0.6549049259290375,0.4045078125,0.798035,958,87
2014_08_29__e7702c8a861f,2014-08-29,1,right_deep,12.979259490966797,47.624813079833984,2.4640235900878906,2014_08_29.jpg,2014_08_29.jpg,filename_only,,,,,[],not_provided,,,f369e1e6c4cc6c38,,valid,valid,valid,0.5616791285110196,0.299990625,0.798031,959,19
2014_09_02__ff92a8814cae,2014-09-02,1,left_mid,11.382967948913574,-29.43856430053711,-13.690289497375488,2014_09_02.jpg,2014_09_02.jpg,filename_only,,,,,[],not_provided,,,cee064c1c0c6cf69,,valid,valid,valid,0.6171273348455572,0.2477546875,0.798035,960,55
2014_09_02_2__b6c911ee4371,2014-09-02,2,right_profile,-11.665164947509766,62.57769775390625,-8.739327430725098,2014_09_02 (2).jpg,2014_09_02 (2).jpg,filename_only,,,,,[],not_provided,,,cd673b26dcdcf979,,valid,valid,valid,0.5069030216472038,0.2938421875,0.798035,961,145
2014_09_10__62af44a233c2,2014-09-10,1,left_mid,17.785860061645508,-27.756227493286133,-0.041742485016584396,2014_09_10.jpg,2014_09_10.jpg,filename_only,,,,,[],not_provided,,,93b3a91110060677,,valid,valid,valid,0.5828222576941388,0.23768125,0.798035,962,56
2014_09_11__072569672c3b,2014-09-11,1,left_profile,16.223051071166992,-68.43121337890625,-5.335057735443115,2014_09_11.jpg,2014_09_11.jpg,filename_only,,,,,[],not_provided,,,4ed4818783230703,,valid,valid,valid,0.488840348371559,0.2139984375,0.798035,963,149
2014_09_12__62a92385cf02,2014-09-12,1,right_profile,-6.80193567276001,64.7409439086914,-26.113433837890625,2014_09_12.jpg,2014_09_12.jpg,filename_only,,,,,[],not_provided,,,a5163a265e76348c,,valid,valid,valid,0.5037665574505027,0.2450734375,0.798035,964,146
2014_09_24__f11f2ad0d14d,2014-09-24,1,frontal,27.171499252319336,9.094945907592773,1.9385420083999634,2014_09_24.jpg,2014_09_24.jpg,filename_only,,,,,[],not_provided,,,46868a2206968ecf,,valid,valid,valid,0.5715925957041642,0.281359375,0.797444,965,296
2014_09_29__59a06c11cdf3,2014-09-29,1,left_light,18.602794647216797,-21.276918411254883,1.0615495443344116,2014_09_29.jpg,2014_09_29.jpg,filename_only,,,,,[],not_provided,,,9e3e84d4d4c46131,,valid,valid,valid,0.607101851073959,0.2570765625,0.798035,966,126
2014_09_29_2__d4caf134125c,2014-09-29,2,frontal,10.301276206970215,0.5787105560302734,-0.18546950817108154,2014_09_29 (2).jpg,2014_09_29 (2).jpg,filename_only,,,,,[],not_provided,,,2671d1e8e8c4547b,,valid,valid,valid,0.6896580693942703,0.3381140625,0.798035,967,297
2014_10_09__1398b5c2fe29,2014-10-09,1,right_light,13.448009490966797,24.877180099487305,0.13121603429317474,2014_10_09.jpg,2014_10_09.jpg,filename_only,,,,,[],not_provided,,,c6d69e8f8f9d9fdb,,valid,valid,valid,0.5918956005488812,0.26466875,0.798035,968,88
2014_10_12__94e8dc1bba4e,2014-10-12,1,right_profile,-2.083209276199341,56.80403518676758,0.31231677532196045,2014_10_12.jpg,2014_10_12.jpg,filename_only,,,,,[],not_provided,,,07333c341c7c7c59,,valid,valid,valid,0.5210451146769722,0.2754015625,0.798035,969,147
2014_10_15__52200a0bb851,2014-10-15,1,frontal,12.415802955627441,7.968472003936768,-0.24613364040851593,2014_10_15.jpg,2014_10_15.jpg,filename_only,,,,,[],not_provided,,,1d9e363fdb1f4f4f,,valid,valid,valid,0.6477638690526197,0.3126109375,0.798035,970,298
2014_10_16__c45f4f28c695,2014-10-16,1,left_profile,-24.71759796142578,-75.89781188964844,23.629711151123047,2014_10_16.jpg,2014_10_16.jpg,filename_only,,,,,[],not_provided,,,ce1880888480e061,,valid,valid,valid,0.4785348231538268,0.232796875,0.798035,971,150
2014_10_24__bf21c008477f,2014-10-24,1,frontal,17.37532615661621,-8.179359436035156,0.10245198011398315,2014_10_24.jpg,2014_10_24.jpg,filename_only,,,,,[],not_provided,,,2c3c1d3c2c1c1c19,,valid,valid,valid,0.6500602089109189,0.2964828125,0.798035,972,299
2014_10_29__0a2562f6cf90,2014-10-29,1,right_profile,25.650985717773438,66.71466064453125,26.829946517944336,2014_10_29.jpg,2014_10_29.jpg,filename_only,,,,,[],not_provided,,,cefebefede7e1c79,,valid,valid,valid,0.4850317847041362,0.2788125,0.798035,973,148
2014_10_30__f5752617dbda,2014-10-30,1,left_profile,24.51272964477539,-63.29249954223633,-23.440237045288086,2014_10_30.jpg,2014_10_30.jpg,filename_only,,,,,[],not_provided,,,1f2392818d83c705,,valid,valid,valid,0.4897364809991879,0.2494578125,0.798035,974,151
2014_11_06__fbe946e3b205,2014-11-06,1,frontal,6.040853977203369,0.5866606831550598,-0.27424970269203186,2014_11_06.jpg,2014_11_06.jpg,filename_only,,,,,[],not_provided,,,161d3b7f7b5f7f7e,,valid,valid,valid,0.7057044442577501,0.2846171875,0.798035,975,300
2014_11_09__b7b2a4d93b89,2014-11-09,1,left_profile,15.122929573059082,-71.32035827636719,0.5371025800704956,2014_11_09.jpg,2014_11_09.jpg,filename_only,,,,,[],not_provided,,,db938d8792d31307,,valid,valid,valid,0.4817833039289815,0.230515625,0.798035,976,152
2014_11_10__5f75d423a259,2014-11-10,1,right_light,13.761103630065918,24.740753173828125,2.257627010345459,2014_11_10.jpg,2014_11_10.jpg,filename_only,,,,,[],not_provided,,,4662d3d30707c70e,,valid,valid,valid,0.6124786468397323,0.2898015625,0.798035,977,89
2014_11_15__0eacd7e2b47d,2014-11-15,1,right_profile,9.727533340454102,58.883140563964844,-8.452459335327148,2014_11_15.jpg,2014_11_15.jpg,filename_only,,,,,[],not_provided,,,038b85830f1b9bce,,valid,valid,valid,0.5057548517180542,0.2390796875,0.798035,978,149
2014_11_18__2afe9fcf49ba,2014-11-18,1,right_profile,22.09299087524414,56.06549835205078,-1.1530566215515137,2014_11_18.jpg,2014_11_18.jpg,filename_only,,,,,[],not_provided,,,6c67c7ea0c8e4c48,,valid,valid,valid,0.506566971911843,0.21186875,0.798035,979,150
2014_11_19__d5863fcc810a,2014-11-19,1,left_profile,11.129189491271973,-63.92683029174805,-11.71966552734375,2014_11_19.jpg,2014_11_19.jpg,filename_only,,,,,[],not_provided,,,cbd9c784c5636347,,valid,valid,valid,0.5038785740289563,0.2041203125,0.798035,980,153
2014_11_24__5f1cb4f3295b,2014-11-24,1,frontal,15.15412425994873,-2.7870607376098633,-10.71232795715332,2014_11_24.jpg,2014_11_24.jpg,filename_only,,,,,[],not_provided,,,93cfcfc7cb8fcfce,,valid,valid,valid,0.6715953961186255,0.2845796875,0.798035,981,301
2014_12_01__987a97d4414a,2014-12-01,1,left_mid,18.262630462646484,-28.86423110961914,-15.056954383850098,2014_12_01.jpg,2014_12_01.jpg,filename_only,,,,,[],not_provided,,,cb4323c3c3c7c64e,,valid,valid,valid,0.6025091713573609,0.2443,0.798035,982,57
2014_12_06__3d1f965ea311,2014-12-06,1,left_profile,-13.980956077575684,-69.81289672851562,25.469388961791992,2014_12_06.jpg,2014_12_06.jpg,filename_only,,,,,[],not_provided,,,9b33efc7c7c3c3b6,,valid,valid,valid,0.49472121874037356,0.263684375,0.798035,983,154
2014_12_08__21dd3596a676,2014-12-08,1,frontal,13.805290222167969,-5.046006679534912,-0.24784396588802338,2014_12_08.jpg,2014_12_08.jpg,filename_only,,,,,[],not_provided,,,b51694e9a896dd63,,valid,valid,valid,0.6711473298048111,0.3247703125,0.798035,984,302
2014_12_18__ee47d8754bcc,2014-12-18,1,left_profile,-53.08539962768555,-80.24874877929688,51.272132873535156,2014_12_18.jpg,2014_12_18.jpg,filename_only,,,,,[],not_provided,,,455cd4c4c4d46101,,valid,valid,valid,0.4618723571088521,0.181928125,0.798035,985,155
2014_12_18_2__7e6649f5700c,2014-12-18,2,right_profile,16.626169204711914,53.51822280883789,-1.0043938159942627,2014_12_18 (2).jpg,2014_12_18 (2).jpg,filename_only,,,,,[],not_provided,,,66363f3b7b3b3b9b,,valid,valid,valid,0.5142681116805288,0.2578234375,0.798035,986,151
2014_12_26__b6148fd7405b,2014-12-26,1,frontal,10.79516315460205,-2.6222646236419678,-0.3481248915195465,2014_12_26.jpg,2014_12_26.jpg,filename_only,,,,,[],not_provided,,,179694e8e8cc4c7b,,valid,valid,valid,0.6593295807779551,0.3016671875,0.798035,987,303
2014_12_31__a690c165034f,2014-12-31,1,frontal,13.402910232543945,2.0715885162353516,-0.3683629631996155,2014_12_31.jpg,2014_12_31.jpg,filename_only,,,,,[],not_provided,,,8c171f363f1f1e8e,,valid,valid,valid,0.64916407628329,0.2775375,0.798035,988,304
2015_01_11_2__1d5ac0612fe7,2015-01-11,2,left_profile,34.90705871582031,-57.397769927978516,-23.56252670288086,2015_01_11 (2).jpg,2015_01_11 (2).jpg,filename_only,,,,,[],not_provided,,,9e2303878783879c,,valid,valid,valid,0.4990338570108376,0.241603125,0.798035,989,156
2015_01_12__fc8ec037ad14,2015-01-12,1,left_deep,22.65575408935547,-44.9862060546875,-9.298262596130371,2015_01_12.jpg,2015_01_12.jpg,filename_only,,,,,[],not_provided,,,96a6870d8383070f,,valid,valid,valid,0.5456887619367666,0.2728234375,0.798035,990,33
2015_01_17__c4eb9df90d9f,2015-01-17,1,right_mid,-6.460446834564209,31.899967193603516,2.1673929691314697,2015_01_17.jpg,2015_01_17.jpg,filename_only,,,,,[],not_provided,,,4159ccdee6e65c79,,valid,valid,valid,0.6332017138536503,0.4107953125,0.798035,991,56
2015_01_18__7f5e933232bf,2015-01-18,1,frontal,5.8411760330200195,4.045168876647949,-0.3291965425014496,2015_01_18.jpg,2015_01_18.jpg,filename_only,,,,,[],not_provided,,,9796f061684c447b,,valid,valid,valid,0.6897700859727239,0.296065625,0.798035,992,305
2015_01_25__6ebd7002a7bd,2015-01-25,1,frontal,9.604850769042969,-8.605111122131348,0.09228641539812088,2015_01_25.jpg,2015_01_25.jpg,filename_only,,,,,[],not_provided,,,cb5934747c6e6c39,,valid,valid,valid,0.6547369010613571,0.27358125,0.798035,993,306
2015_01_26__4d9c82476a42,2015-01-26,1,right_profile,-27.8264102935791,90.60118103027344,-34.07788848876953,2015_01_26.jpg,2015_01_26.jpg,filename_only,,,,,[],not_provided,,,d80e133f3f379786,,valid,valid,valid,0.438712929513568,0.156021875,0.798035,994,152
2015_01_31__7dc1fdb130a3,2015-01-31,1,right_profile,-0.9594558477401733,63.350746154785156,3.902376174926758,2015_01_31.jpg,2015_01_31.jpg,filename_only,,,,,[],not_provided,,,1d2d1e6e1b1b1b1f,,valid,valid,valid,0.5041306113304769,0.2925234375,0.798035,995,153
2015_02_10__3ef2dccac0eb,2015-02-10,1,right_profile,8.76357364654541,80.51366424560547,-5.2174811363220215,2015_02_10.jpg,2015_02_10.jpg,filename_only,,,,,[],not_provided,,,66736c7e767434f1,,valid,valid,valid,0.466801086560811,0.2336796875,0.798035,996,154
2015_02_17__7db78d5b7b69,2015-02-17,1,left_light,7.589763164520264,-17.23833465576172,-3.009793996810913,2015_02_17.jpg,2015_02_17.jpg,filename_only,,,,,[],not_provided,,,9ece0f0f17060604,,valid,valid,valid,0.6635862107591923,0.3536,0.798035,997,127
2015_02_19__4dcabfc17217,2015-02-19,1,left_deep,21.076148986816406,-47.43518829345703,-18.306289672851562,2015_02_19.jpg,2015_02_19.jpg,filename_only,,,,,[],not_provided,,,9eb294084c4646d0,,valid,valid,valid,0.5377075807219468,0.2688578125,0.798035,998,34
2015_02_24__ccd28b844556,2015-02-24,1,left_profile,4.453479290008545,-68.56294250488281,11.825584411621094,2015_02_24.jpg,2015_02_24.jpg,filename_only,,,,,[],not_provided,,,58808090c4c0c070,,valid,valid,valid,0.49749362905710043,0.2446625,0.798035,999,157
2015_02_24_2__7057679dd131,2015-02-24,2,frontal,20.65096092224121,-6.816625118255615,0.47428736090660095,2015_02_24 (2).jpg,2015_02_24 (2).jpg,filename_only,,,,,[],not_provided,,,1d1686facbc7466f,,valid,valid,valid,0.6278809263771038,0.2787140625,0.798031,1000,307
2015_03_02__c340a77a30eb,2015-03-02,1,right_mid,-5.193904399871826,35.481204986572266,2.8630905151367188,2015_03_02.jpg,2015_03_02.jpg,filename_only,,,,,[],not_provided,,,86070f0f27261e4c,,valid,valid,valid,0.6107143857290879,0.3236140625,0.798035,1001,57
2015_03_04__736cbb0f9553,2015-03-04,1,left_profile,-2.5027074813842773,-64.49483489990234,1.1377849578857422,2015_03_04.jpg,2015_03_04.jpg,filename_only,,,,,[],not_provided,,,9d8387a70d86cb63,,valid,valid,valid,0.5094794029516369,0.2793328125,0.798035,1002,158
2015_03_05__27f17de7ade5,2015-03-05,1,left_light,8.565812110900879,-22.085124969482422,-0.6993006467819214,2015_03_05.jpg,2015_03_05.jpg,filename_only,,,,,[],not_provided,,,3dbd9dd79dddcd6b,,valid,valid,valid,0.633593771878238,0.31008125,0.798035,1003,128
2015_03_18__0534bd5f44e4,2015-03-18,1,left_profile,28.611835479736328,-54.693870544433594,-14.023968696594238,2015_03_18.jpg,2015_03_18.jpg,filename_only,,,,,[],not_provided,,,362e05070727278e,,valid,valid,valid,0.5060348931641883,0.257115625,0.798035,1004,159
2015_03_19__4bb73719a484,2015-03-19,1,frontal,15.622159957885742,1.9974874258041382,-0.2212495654821396,2015_03_19.jpg,2015_03_19.jpg,filename_only,,,,,[],not_provided,,,96f161e8c8444c7f,,valid,valid,valid,0.6676748158727491,0.2867609375,0.798035,1005,308
2015_03_25__6515f41b44ae,2015-03-25,1,right_profile,-12.3493013381958,73.95581817626953,-11.233842849731445,2015_03_25.jpg,2015_03_25.jpg,filename_only,,,,,[],not_provided,,,9d06361c1e3f1e0e,,valid,valid,valid,0.4849197681256826,0.1956921875,0.798035,1006,155
2015_03_27__ebfe97e55472,2015-03-27,1,frontal,16.527360916137695,-3.560612440109253,-11.503055572509766,2015_03_27.jpg,2015_03_27.jpg,filename_only,,,,,[],not_provided,,,939efeebbbbfabd3,,valid,valid,valid,0.6369822733764597,0.3149604166666667,0.798035,1007,309
2015_03_30__4857a53d805d,2015-03-30,1,right_profile,-4.17313814163208,58.73271179199219,-17.142362594604492,2015_03_30.jpg,2015_03_30.jpg,filename_only,,,,,[],not_provided,,,cd960b070f3f1b8e,,valid,valid,valid,0.5125598588591112,0.264878125,0.798035,1008,156
2015_04_16__b7c7774564eb,2015-04-16,1,right_light,7.756399154663086,20.89306640625,1.9636712074279785,2015_04_16.jpg,2015_04_16.jpg,filename_only,,,,,[],not_provided,,,93e965565646446f,,valid,valid,valid,0.6393066173793721,0.3169140625,0.798035,1009,90
2015_04_23__1c16b0b66b62,2015-04-23,1,right_profile,-56.52080154418945,77.79613494873047,-54.0516242980957,2015_04_23.jpg,2015_04_23.jpg,filename_only,,,,,[],not_provided,,,8c043c3c3e3e9c99,,valid,valid,valid,0.4708896916743678,0.2084453125,0.798035,1010,157
2015_04_27__f02060569435,2015-04-27,1,left_light,3.426715612411499,-21.431447982788086,16.44145393371582,2015_04_27.jpg,2015_04_27.jpg,filename_only,,,,,[],not_provided,,,cf168a93998382c6,,valid,valid,valid,0.6379904225825422,0.2902765625,0.798035,1011,129
2015_04_27_2__6256424a05f1,2015-04-27,2,left_mid,6.027352333068848,-31.872241973876953,-0.9072735905647278,2015_04_27 (2).jpg,2015_04_27 (2).jpg,filename_only,,,,,[],not_provided,,,1e84ccccd8c0c161,,valid,valid,valid,0.6143269203842169,0.334340625,0.798035,1012,58
2015_04_28__6a597a2fa638,2015-04-28,1,left_light,0.5947242975234985,-10.061767578125,0.18634280562400818,2015_04_28.jpg,2015_04_28.jpg,filename_only,,,,,[],not_provided,,,6363d111b501030e,,valid,valid,valid,0.6920104175417962,0.44095625,0.798033,1013,130
2015_04_29__72846c804768,2015-04-29,1,left_profile,2.4460978507995605,-60.929805755615234,-3.3860225677490234,2015_04_29.jpg,2015_04_29.jpg,filename_only,,,,,[],not_provided,,,4f18c2d284c1e161,,valid,valid,valid,0.5049987398134924,0.237978125,0.798035,1014,160
2015_04_30__957c19bdee5c,2015-04-30,1,right_deep,18.356761932373047,46.9911994934082,-5.087801933288574,2015_04_30.jpg,2015_04_30.jpg,filename_only,,,,,[],not_provided,,,c3cbe7c6cefcd8d8,,valid,valid,valid,0.5412921112324625,0.2972015625,0.798035,1015,20
2015_05_06__814f5fa55555,2015-05-06,1,right_profile,17.923063278198242,59.30952072143555,0.008505078963935375,2015_05_06.jpg,2015_05_06.jpg,filename_only,,,,,[],not_provided,,,c6674bc7cf3b1953,,valid,valid,valid,0.5002100310846005,0.2513578125,0.798035,1016,158
2015_05_07__68654542460a,2015-05-07,1,left_profile,-8.082937240600586,-68.03107452392578,20.522459030151367,2015_05_07.jpg,2015_05_07.jpg,filename_only,,,,,[],not_provided,,,9818b4ccc6d07071,,valid,valid,valid,0.49665350471869835,0.2300828125,0.798035,1017,161
2015_05_08__b0974d0ad17d,2015-05-08,1,left_light,12.976001739501953,-12.321749687194824,-0.24138613045215607,2015_05_08.jpg,2015_05_08.jpg,filename_only,,,,,[],not_provided,,,969c1f3f35071f4e,,valid,valid,valid,0.6579573776918984,0.3166546875,0.798035,1018,131
2015_05_09__6d404de0bc03,2015-05-09,1,frontal,18.289487838745117,-1.6917555332183838,-11.253755569458008,2015_05_09.jpg,2015_05_09.jpg,filename_only,,,,,[],not_provided,,,938326271337269c,,valid,valid,valid,0.6428351396006609,0.299171875,0.798035,1019,310
2015_05_10__c4a7361d3b7d,2015-05-10,1,left_mid,11.819398880004883,-33.472965240478516,-1.3652931451797485,2015_05_10.jpg,2015_05_10.jpg,filename_only,,,,,[],not_provided,,,3d2868d8d8c5c921,,valid,valid,valid,0.6051695650956341,0.2844125,0.798035,1020,59
2015_05_20__9c758b6bce42,2015-05-20,1,left_profile,34.96493148803711,-62.63640213012695,-21.12217140197754,2015_05_20.jpg,2015_05_20.jpg,filename_only,,,,,[],not_provided,,,5c94848484809081,,valid,valid,valid,0.4840236354980537,0.201671875,0.798035,1021,162
2015_05_28__af1268453ea0,2015-05-28,1,frontal,16.929203033447266,-3.9374184608459473,0.32516202330589294,2015_05_28.jpg,2015_05_28.jpg,filename_only,,,,,[],not_provided,,,96d061f1f0c3e1b9,,valid,valid,valid,0.6542048223137025,0.292178125,0.798035,1022,311
2015_05_28_2__5ce8d42bae2a,2015-05-28,2,right_profile,-0.3194466531276703,59.209110260009766,-13.193404197692871,2015_05_28 (2).jpg,2015_05_28 (2).jpg,filename_only,,,,,[],not_provided,,,6f9d7e565e3e9993,,valid,valid,valid,0.5109916267607606,0.2741515625,0.798035,1023,159
2015_06_12__1ab600552161,2015-06-12,1,left_mid,13.183834075927734,-28.045913696289062,-0.9653629660606384,2015_06_12.jpg,2015_06_12.jpg,filename_only,,,,,[],not_provided,,,9cb94c6c4c446c71,,valid,valid,valid,0.5999047859083144,0.2502078125,0.798035,1024,60
2015_06_12_2__c07f6407cc4c,2015-06-12,2,right_profile,-32.0880241394043,80.11566162109375,-30.882549285888672,2015_06_12 (2).jpg,2015_06_12 (2).jpg,filename_only,,,,,[],not_provided,,,6ce7dfaededa7879,,valid,valid,valid,0.472849981797306,0.2430421875,0.798035,1025,160
2015_06_17__53ebe7dbbd9a,2015-06-17,1,frontal,8.200359344482422,-5.518317222595215,-0.0938686728477478,2015_06_17.jpg,2015_06_17.jpg,filename_only,,,,,[],not_provided,,,96961e1c2c0c0c01,,valid,valid,valid,0.6953709148954045,0.294040625,0.798035,1026,312
2015_06_18__c4d2a8bd8d33,2015-06-18,1,right_light,17.433441162109375,14.973413467407227,0.3350440263748169,2015_06_18.jpg,2015_06_18.jpg,filename_only,,,,,[],not_provided,,,c6627c70d6dc6d29,,valid,valid,valid,0.6250805119157635,0.27791875,0.798035,1027,91
2015_06_22__f4078331b661,2015-06-22,1,left_profile,-12.087679862976074,-77.68256378173828,10.514735221862793,2015_06_22.jpg,2015_06_22.jpg,filename_only,,,,,[],not_provided,,,1e3f838b97532786,,valid,valid,valid,0.4766865496093422,0.19325625,0.798035,1028,163
2015_06_23__30007251a1e3,2015-06-23,1,left_light,15.943610191345215,-10.264812469482422,0.02058960497379303,2015_06_23.jpg,2015_06_23.jpg,filename_only,,,,,[],not_provided,,,1f169677bb97d70d,,valid,valid,valid,0.6551569632305582,0.2806703125,0.798035,1029,132
2015_06_29__708b45ef44a3,2015-06-29,1,left_profile,23.51256561279297,-68.858642578125,-0.6179711222648621,2015_06_29.jpg,2015_06_29.jpg,filename_only,,,,,[],not_provided,,,3f677b2f3713139e,,valid,valid,valid,0.4836875857626929,0.20808125,0.798035,1030,164
2015_07_08__00ae5073cec9,2015-07-08,1,left_profile,25.256208419799805,-66.53101348876953,-25.284099578857422,2015_07_08.jpg,2015_07_08.jpg,filename_only,,,,,[],not_provided,,,cf5b63c1d7c3e727,,valid,valid,valid,0.48013105939679074,0.217790625,0.798035,1031,165
2015_07_09__8da1b3a4f78c,2015-07-09,1,left_mid,6.098406791687012,-38.802520751953125,-1.5321080684661865,2015_07_09.jpg,2015_07_09.jpg,filename_only,,,,,[],not_provided,,,91e1c9a998c0c163,,valid,valid,valid,0.5899073062813296,0.270371875,0.798035,1032,61
2015_07_14__ac2ad93e767f,2015-07-14,1,frontal,8.901078224182129,1.7275310754776,-0.5724601745605469,2015_07_14.jpg,2015_07_14.jpg,filename_only,,,,,[],not_provided,,,038207032b038707,,valid,valid,valid,0.6991514744182139,0.3615875,0.798035,1033,313
2015_07_24__a5efb816caca,2015-07-24,1,left_profile,9.431593894958496,-75.2673568725586,-10.017386436462402,2015_07_24.jpg,2015_07_24.jpg,filename_only,,,,,[],not_provided,,,cebbeb83a4a12101,,valid,valid,valid,0.48010305525217734,0.2054265625,0.798035,1034,166
2015_07_24_2__e3bba8210aa6,2015-07-24,2,frontal,17.508813858032227,-3.5721240043640137,0.05543264001607895,2015_07_24 (2).jpg,2015_07_24 (2).jpg,filename_only,,,,,[],not_provided,,,3c3e97ebcb9fdfcf,,valid,valid,valid,0.6357220868688566,0.2862828125,0.798035,1035,314
2015_07_26__fa7c0fc2f556,2015-07-26,1,right_mid,8.16574764251709,39.71579360961914,3.462592124938965,2015_07_26.jpg,2015_07_26.jpg,filename_only,,,,,[],not_provided,,,87e1cdeccc4c4c4d,,valid,valid,valid,0.5731608278025148,0.25278125,0.798035,1036,58
2015_08_05__d9d0c76a1da7,2015-08-05,1,frontal,22.873212814331055,0.6826397776603699,0.030410775914788246,2015_08_05.jpg,2015_08_05.jpg,filename_only,,,,,[],not_provided,,,560686ebcfcfcf6f,,valid,valid,valid,0.6011089641266908,0.2550140625,0.798035,1037,315
2015_08_10__a976e102b521,2015-08-10,1,right_profile,4.781895637512207,66.23873138427734,3.071448802947998,2015_08_10.jpg,2015_08_10.jpg,filename_only,,,,,[],not_provided,,,06131e270f1d8b4b,,valid,valid,valid,0.500518076675348,0.266540625,0.798035,1038,161
2015_08_18__e1b2ad87e207,2015-08-18,1,left_light,10.20617389678955,-19.043676376342773,-0.042225293815135956,2015_08_18.jpg,2015_08_18.jpg,filename_only,,,,,[],not_provided,,,78783c34bc9cdd39,,valid,valid,valid,0.6280489512447842,0.32293125,0.798035,1039,133
2015_08_20_2__f4516390944c,2015-08-20,2,left_light,11.233282089233398,-17.603839874267578,-5.682246208190918,2015_08_20 (2).jpg,2015_08_20 (2).jpg,filename_only,,,,,[],not_provided,,,1ab22a33110b0224,,valid,valid,valid,0.6489960514156096,0.3047765625,0.798035,1040,134
2015_08_25__2337c6a62928,2015-08-25,1,right_profile,23.42066192626953,69.36809539794922,23.77329444885254,2015_08_25.jpg,2015_08_25.jpg,filename_only,,,,,[],not_provided,,,b7bb377f3f7a5f7f,,valid,valid,valid,0.48116721274748664,0.292515625,0.798035,1041,162
2015_08_29__7bebef10b539,2015-08-29,1,left_profile,-12.140771865844727,-52.03253936767578,6.3625593185424805,2015_08_29.jpg,2015_08_29.jpg,filename_only,,,,,[],not_provided,,,4f4fc79787c7c565,,valid,valid,valid,0.5321907642331065,0.2984453125,0.798035,1042,167
2015_09_02__263015b9a09b,2015-09-02,1,left_profile,4.719865322113037,-64.5489273071289,18.994314193725586,2015_09_02.jpg,2015_09_02.jpg,filename_only,,,,,[],not_provided,,,18528086d1d183c5,,valid,valid,valid,0.5012461844352964,0.228359375,0.798035,1043,168
2015_09_03__19f3b4d63fd0,2015-09-03,1,frontal,10.421588897705078,2.624253511428833,0.13751475512981415,2015_09_03.jpg,2015_09_03.jpg,filename_only,,,,,[],not_provided,,,2587470b2307070f,,valid,valid,valid,0.6712313422386513,0.31691875,0.798035,1044,316
2015_09_04_1__c04aaf81c2a6,2015-09-04,1,right_profile,-7.531613349914551,68.16642761230469,-16.88785171508789,2015_09_04(1).jpg,2015_09_04(1).jpg,filename_only,,,,,[],not_provided,,,259619363e3e9fce,,valid,valid,valid,0.4941051275588787,0.2012922932330827,0.798035,1045,163
2015_09_04_2__a54146edec3c,2015-09-04,2,frontal,12.253347396850586,-3.501120090484619,-1.0169929265975952,2015_09_04(2).jpg,2015_09_04(2).jpg,filename_only,,,,,[],not_provided,,,96d46161e1e5e110,,valid,valid,valid,0.6766641462936515,0.168265625,0.798035,1046,317
2015_09_04_3__b43ef79658c6,2015-09-04,3,right_light,18.553754806518555,17.782930374145508,0.726618766784668,2015_09_04(3).jpg,2015_09_04(3).jpg,filename_only,,,,,[],not_provided,,,13c2c5d1d2868684,,valid,valid,valid,0.6094261950768713,0.3964348370927318,0.798035,1047,92
2015_09_04_4__3b593ea051c0,2015-09-04,4,right_deep,-2.4537875652313232,40.19181823730469,-4.310030937194824,2015_09_04(4).jpg,2015_09_04(4).jpg,filename_only,,,,,[],not_provided,,,259a9c8d9ede4f7e,,valid,valid,valid,0.5916995715365874,0.2310515625,0.798035,1048,21
2015_09_12_1__e4c3482b207b,2015-09-12,1,right_light,-11.01359748840332,18.30572509765625,-0.4988352656364441,2015_09_12(1).jpg,2015_09_12(1).jpg,filename_only,,,,,[],not_provided,,,60f9e0ecf4f47833,,valid,valid,valid,0.6575653196673108,0.33114635678391957,0.798035,1049,93
2015_09_12_2__afc8f5af4792,2015-09-12,2,right_light,3.1743080615997314,23.879425048828125,1.5552138090133667,2015_09_12(2).jpg,2015_09_12(2).jpg,filename_only,,,,,[],not_provided,,,b830f074727a1c2c,,valid,valid,valid,0.6439273012405836,0.2494625,0.798035,1050,94
2015_09_16__33d00b593e14,2015-09-16,1,right_profile,11.027946472167969,55.82838439941406,1.7515052556991577,2015_09_16.jpg,2015_09_16.jpg,filename_only,,,,,[],not_provided,,,a59e3e3e1e3c9889,,valid,valid,valid,0.5198689406032093,0.271159375,0.798035,1051,164
2015_09_17_2__c13786860b43,2015-09-17,2,frontal,22.861591339111328,-3.976175546646118,2.201096534729004,2015_09_17(2).jpg,2015_09_17(2).jpg,filename_only,,,,,[],not_provided,,,949c9ebe0f1f0f2f,,valid,valid,valid,0.6215799938390881,0.20786497493734335,0.798035,1052,318
2015_09_18_2__824149676301,2015-09-18,2,frontal,16.933971405029297,-7.595400333404541,-1.4262182712554932,2015_09_18(2).jpg,2015_09_18(2).jpg,filename_only,,,,,[],not_provided,,,b664266229a39323,,valid,valid,valid,0.6493881094401972,0.3971820175438596,0.798035,1053,319
2015_09_23_2__1c1a65f0b32e,2015-09-23,2,left_light,14.589614868164062,-23.507461547851562,-0.9954884648323059,2015_09_23(2).jpg,2015_09_23(2).jpg,filename_only,,,,,[],not_provided,,,2746120a83838383,,valid,valid,valid,0.6070738469293455,0.39869189698492463,0.798035,1054,135
2015_09_24__a165d138ae30,2015-09-24,1,left_light,21.004539489746094,-16.186819076538086,-0.29022079706192017,2015_09_24.jpg,2015_09_24.jpg,filename_only,,,,,[],not_provided,,,8736b2f2d3d36136,,valid,valid,valid,0.5867148337954017,0.2771234375,0.798035,1055,136
2015_09_24_2__ff4840d4759e,2015-09-24,2,right_light,19.6761474609375,10.860583305358887,-1.0749634504318237,2015_09_24(2).jpg,2015_09_24(2).jpg,filename_only,,,,,[],not_provided,,,9b830bc9d0908282,,valid,valid,valid,0.6015010221512784,0.49795069095477384,0.798035,1056,95
2015_09_25__9724225e8270,2015-09-25,1,left_light,17.559236526489258,-18.146970748901367,0.0274251289665699,2015_09_25.jpg,2015_09_25.jpg,filename_only,,,,,[],not_provided,,,3d2c8cd5c4c64c69,,valid,valid,valid,0.6033212915511496,0.2479875,0.798035,1057,137
2015_09_28_1__119fdb313940,2015-09-28,1,right_light,10.747424125671387,21.938718795776367,4.222230434417725,2015_09_28(1).jpg,2015_09_28(1).jpg,filename_only,,,,,[],not_provided,,,9696686c747c7c39,,valid,valid,valid,0.6337898008905318,0.23754375,0.798035,1058,96
2015_09_28__80ce1113024c,2015-09-28,1,left_deep,28.583982467651367,-41.13317108154297,-11.3803071975708,2015_09_28.jpg,2015_09_28.jpg,filename_only,,,,,[],not_provided,,,3c2663cbc3c7c75b,,valid,valid,valid,0.5580105855666638,0.238128125,0.798035,1059,35
2015_09_28_2__9cd4f0b68d0e,2015-09-28,2,left_profile,-3.8942859172821045,-81.05342102050781,23.68633460998535,2015_09_28(2).jpg,2015_09_28(2).jpg,filename_only,,,,,[],not_provided,,,11a999942421a3a2,,valid,valid,valid,0.4659329580777955,0.1137828125,0.798035,1060,169
2015_09_28_3__60a56b77441c,2015-09-28,3,frontal,26.640274047851562,-4.5787858963012695,-4.14177942276001,2015_09_28(3).jpg,2015_09_28(3).jpg,filename_only,,,,,[],not_provided,,,36baccecec9c9ebc,,valid,valid,valid,0.5741969811532107,0.3520618718592965,0.798035,1061,320
2015_09_30__c234d34e0406,2015-09-30,1,frontal,5.404420375823975,5.926296710968018,-17.288925170898438,2015_09_30.jpg,2015_09_30.jpg,filename_only,,,,,[],not_provided,,,cbc7120c121e0c08,,valid,valid,valid,0.6918423926741157,0.3590234375,0.798035,1062,321
2015_09_30_3__bc58a52ffbe9,2015-09-30,3,left_light,18.68582534790039,-11.4941987991333,-2.2230069637298584,2015_09_30(3).jpg,2015_09_30(3).jpg,filename_only,,,,,[],not_provided,,,b62e1f06b4868e96,,valid,valid,valid,0.6307373491276709,0.3944755025125628,0.798035,1063,138
2015_10_01__fcdd2ccf9f0b,2015-10-01,1,frontal,8.48684024810791,-1.0738544464111328,0.0054129245691001415,2015_10_01.jpg,2015_10_01.jpg,filename_only,,,,,[],not_provided,,,24206160702c89c1,,valid,valid,valid,0.6913383180710745,0.2885640625,0.798035,1064,322
2015_10_01_2__5555a0e671a2,2015-10-01,2,left_profile,29.783960342407227,-60.71662139892578,-14.927678108215332,2015_10_01 (2).jpg,2015_10_01 (2).jpg,filename_only,,,,,[],not_provided,,,96a6078ba1e06032,,valid,valid,valid,0.48766417429779607,0.1989265625,0.798035,1065,170
2015_10_07__f953d410e715,2015-10-07,1,right_profile,-29.225391387939453,79.65400695800781,-27.294471740722656,2015_10_07.jpg,2015_10_07.jpg,filename_only,,,,,[],not_provided,,,41213138343c984b,,valid,valid,valid,0.4767705620431824,0.2056171875,0.798035,1066,165
2015_10_11__804cce11234d,2015-10-11,1,left_profile,13.905062675476074,-64.05862426757812,-10.274789810180664,2015_10_11.jpg,2015_10_11.jpg,filename_only,,,,,[],not_provided,,,1fb287030703070f,,valid,valid,valid,0.490996667506791,0.2211375,0.798035,1067,171
2015_10_14__472914623a27,2015-10-14,1,left_light,8.024435997009277,-19.025068283081055,0.3610333204269409,2015_10_14.jpg,2015_10_14.jpg,filename_only,,,,,[],not_provided,,,953f3f3f379f1969,,valid,valid,valid,0.649584138452491,0.3400125,0.798035,1068,139
2015_10_16__2ac6c2ea1838,2015-10-16,1,right_light,3.3232808113098145,22.270116806030273,0.1061602383852005,2015_10_16.jpg,2015_10_16.jpg,filename_only,,,,,[],not_provided,,,ec74c8e8d6d6cc7b,,valid,valid,valid,0.6442913551205578,0.3354671875,0.798035,1069,97
2015_10_21__d310cb3a16c3,2015-10-21,1,right_mid,8.0933198928833,28.763254165649414,0.31258144974708557,2015_10_21.jpg,2015_10_21.jpg,filename_only,,,,,[],not_provided,,,4c960327263d0f4d,,valid,valid,valid,0.5867428379400151,0.275984375,0.798035,1070,59
2015_10_29__cac8afb1668c,2015-10-29,1,right_profile,25.863210678100586,74.50120544433594,7.941766262054443,2015_10_29.jpg,2015_10_29.jpg,filename_only,,,,,[],not_provided,,,971e0b1e36343489,,valid,valid,valid,0.4769385869108628,0.22231875,0.798035,1071,166
2015_11_12__c9802764dd27,2015-11-12,1,left_profile,8.803518295288086,-70.80286407470703,-8.79690933227539,2015_11_12.jpg,2015_11_12.jpg,filename_only,,,,,[],not_provided,,,4f9383d187c30717,,valid,valid,valid,0.4908006384944972,0.2329078125,0.798035,1072,172
2015_11_12_2__eb8625830f69,2015-11-12,2,right_profile,-8.107779502868652,57.48048400878906,-8.477344512939453,2015_11_12 (2).jpg,2015_11_12 (2).jpg,filename_only,,,,,[],not_provided,,,8d343c361e3c3d19,,valid,valid,valid,0.5228653840768434,0.289165625,0.798035,1073,167
2015_11_13__8480d07a8f4b,2015-11-13,1,left_light,15.155970573425293,-17.5745792388916,0.2526642084121704,2015_11_13.jpg,2015_11_13.jpg,filename_only,,,,,[],not_provided,,,bc9e863717070e0e,,valid,valid,valid,0.6113024727659694,0.2950703125,0.798035,1074,140
2015_11_15__3414b40b6434,2015-11-15,1,right_profile,-3.5879881381988525,70.67474365234375,-2.7717323303222656,2015_11_15.jpg,2015_11_15.jpg,filename_only,,,,,[],not_provided,,,073b1e161a1b195f,,valid,valid,valid,0.4923408664482343,0.2893921875,0.798035,1075,168
2015_11_16__ff68b7240002,2015-11-16,1,right_mid,6.2855448722839355,34.141563415527344,1.4942127466201782,2015_11_16.jpg,2015_11_16.jpg,filename_only,,,,,[],not_provided,,,66c8dcececdced79,,valid,valid,valid,0.5976924584838557,0.3644578125,0.798035,1076,60
2015_11_25__be2955344fae,2015-11-25,1,frontal,9.344038009643555,-3.0271010398864746,-0.056506793946027756,2015_11_25.jpg,2015_11_25.jpg,filename_only,,,,,[],not_provided,,,36b81938381c1d89,,valid,valid,valid,0.6852334145453527,0.28555,0.798035,1077,323
2015_11_30__9ba137e2bafc,2015-11-30,1,left_profile,21.19194221496582,-66.16680908203125,-8.149249076843262,2015_11_30.jpg,2015_11_30.jpg,filename_only,,,,,[],not_provided,,,366e5b8fa7a70606,,valid,valid,valid,0.48430367694418774,0.2455546875,0.798035,1078,173
2015_12_08__93c1805b05d0,2015-12-08,1,left_profile,14.468995094299316,-70.58329772949219,-15.189497947692871,2015_12_08.jpg,2015_12_08.jpg,filename_only,,,,,[],not_provided,,,4b10e88c8d89c901,,valid,valid,valid,0.48225937438740935,0.1831078125,0.798035,1079,174
2015_12_10_2__6c60c0ae64b1,2015-12-10,2,left_profile,8.513787269592285,-54.936527252197266,-17.151256561279297,2015_12_10 (2).jpg,2015_12_10 (2).jpg,filename_only,,,,,[],not_provided,,,96e0c086cc4c4206,,valid,valid,valid,0.5181886919264052,0.28885,0.798035,1080,175
2015_12_15__fc641363a12f,2015-12-15,1,frontal,6.790744781494141,-0.5009087324142456,0.2325166016817093,2015_12_15.jpg,2015_12_15.jpg,filename_only,,,,,[],not_provided,,,8d9694d1a88c4d6b,,valid,valid,valid,0.6871937046682909,0.3077140625,0.798035,1081,324
2015_12_17__6d49018af593,2015-12-17,1,right_profile,-35.917694091796875,71.64476776123047,-50.616580963134766,2015_12_17.jpg,2015_12_17.jpg,filename_only,,,,,[],not_provided,,,87b63b3f373f379f,,valid,valid,valid,0.48455571424570837,0.230140625,0.798035,1082,169
2015_12_21__601b76ffa4df,2015-12-21,1,left_mid,7.747405529022217,-25.676721572875977,-2.105956554412842,2015_12_21.jpg,2015_12_21.jpg,filename_only,,,,,[],not_provided,,,3d271b373717160d,,valid,valid,valid,0.6434232266375424,0.309,0.798035,1083,62
2015_12_23__23a47b6fece4,2015-12-23,1,frontal,16.37936782836914,7.665067672729492,-0.04552715644240379,2015_12_23.jpg,2015_12_23.jpg,filename_only,,,,,[],not_provided,,,d666d5f0dc9cdc69,,valid,valid,valid,0.6458875913635218,0.2989265625,0.798035,1084,325
2015_12_31__fc117a01fc50,2015-12-31,1,frontal,4.382513046264648,-8.869332313537598,-4.384305000305176,2015_12_31.jpg,2015_12_31.jpg,filename_only,,,,,[],not_provided,,,96861713030f078e,,valid,valid,valid,0.6922344506987034,0.3304234375,0.798035,1085,326
2016_01_05__2fbd6997353d,2016-01-05,1,right_light,17.397510528564453,22.268156051635742,-1.2035185098648071,2016_01_05.jpg,2016_01_05.jpg,filename_only,,,,,[],not_provided,,,9eaf2f653f3f1f3f,,valid,valid,valid,0.593127782911871,0.3293484375,0.798035,1086,98
2016_01_13__aa2cd4fa7619,2016-01-13,1,right_profile,-7.064399719238281,70.90213012695312,-3.857492446899414,2016_01_13.jpg,2016_01_13.jpg,filename_only,,,,,[],not_provided,,,5d441c765a5a2c3d,,valid,valid,valid,0.49264891203898176,0.2511125,0.798035,1087,170
2016_01_14__5fe911273a6f,2016-01-14,1,right_light,27.977069854736328,22.110214233398438,6.618090629577637,2016_01_14.jpg,2016_01_14.jpg,filename_only,,,,,[],not_provided,,,c69697e6cec46c21,,valid,valid,valid,0.5766333417345767,0.2725015625,0.798035,1088,99
2016_01_25__33817fb0ad51,2016-01-25,1,right_profile,-21.96068572998047,68.13188171386719,-33.85176467895508,2016_01_25.jpg,2016_01_25.jpg,filename_only,,,,,[],not_provided,,,26b33d3c1e3e1b86,,valid,valid,valid,0.495309305777255,0.2525609375,0.798035,1089,171
2016_01_29__bd665210f1f4,2016-01-29,1,left_light,18.17040252685547,-24.839778900146484,0.15903668105602264,2016_01_29.jpg,2016_01_29.jpg,filename_only,,,,,[],not_provided,,,96868b4b43434327,,valid,valid,valid,0.5980845165084433,0.2754109375,0.798035,1090,141
2016_02_03__a29ad027bed3,2016-02-03,1,right_light,11.6414155960083,16.97893524169922,9.642172813415527,2016_02_03.jpg,2016_02_03.jpg,filename_only,,,,,[],not_provided,,,243901f576de4479,,valid,valid,valid,0.6553809963874654,0.28015,0.798035,1091,100
2016_02_03_2__894c098d9ae6,2016-02-03,2,left_deep,22.597625732421875,-46.98633575439453,-6.525556564331055,2016_02_03 (2).jpg,2016_02_03 (2).jpg,filename_only,,,,,[],not_provided,,,4b938dc5c1e367f7,,valid,valid,valid,0.5339830294883643,0.2426515625,0.798035,1092,36
2016_02_05__9b273b090b86,2016-02-05,1,frontal,15.25523853302002,-6.490462779998779,0.013476762920618057,2016_02_05.jpg,2016_02_05.jpg,filename_only,,,,,[],not_provided,,,2d1c94a9ac8c8d49,,valid,valid,valid,0.6419950152622588,0.302515625,0.798035,1093,327
2016_02_10__e88de4f6af8c,2016-02-10,1,frontal,13.156987190246582,-5.479396343231201,-0.22806544601917267,2016_02_10.jpg,2016_02_10.jpg,filename_only,,,,,[],not_provided,,,372262e3a3c3466f,,valid,valid,valid,0.6444873841328517,0.2955125,0.798035,1094,328
2016_02_12__605e316c2147,2016-02-12,1,right_profile,1.800484538078308,56.63006591796875,-6.64506196975708,2016_02_12.jpg,2016_02_12.jpg,filename_only,,,,,[],not_provided,,,06929ab6de3a9a98,,valid,valid,valid,0.5148561987174102,0.260321875,0.798035,1095,172
2016_02_16__ae0739fa25d1,2016-02-16,1,left_deep,21.020427703857422,-40.93603515625,-8.810945510864258,2016_02_16.jpg,2016_02_16.jpg,filename_only,,,,,[],not_provided,,,37070b2f0727070f,,valid,valid,valid,0.5461368282505811,0.2936515625,0.796239,1096,37
2016_02_18__5471804c491c,2016-02-18,1,left_mid,17.578157424926758,-29.482284545898438,-0.9052844047546387,2016_02_18.jpg,2016_02_18.jpg,filename_only,,,,,[],not_provided,,,256f271b13070e0f,,valid,valid,valid,0.5789856898821025,0.2890203125,0.798035,1097,63
2016_02_25__e8cacfc42a12,2016-02-25,1,right_profile,-69.94720458984375,76.19783782958984,-70.26629638671875,2016_02_25.jpg,2016_02_25.jpg,filename_only,,,,,[],not_provided,,,4f26387e3e361898,,valid,valid,valid,0.46750119017614605,0.2303296875,0.798035,1098,173
2016_03_01__2803a90cbc94,2016-03-01,1,right_light,3.350081443786621,21.551401138305664,0.6902404427528381,2016_03_01.jpg,2016_03_01.jpg,filename_only,,,,,[],not_provided,,,2e6466176727070d,,valid,valid,valid,0.6533366938306869,0.3094359375,0.798035,1099,101
2016_03_01_2__fb2dace4cfd2,2016-03-01,2,frontal,23.254989624023438,-1.1154472827911377,-0.30012574791908264,2016_03_01 (2).jpg,2016_03_01 (2).jpg,filename_only,,,,,[],not_provided,,,8d0686a3cf874d6f,,valid,valid,valid,0.6020891091881598,0.2643046875,0.798035,1100,329
2016_03_02__dfa62f2ef7d8,2016-03-02,1,left_mid,20.349990844726562,-25.398595809936523,1.664743423461914,2016_03_02.jpg,2016_03_02.jpg,filename_only,,,,,[],not_provided,,,0d15119184c44963,,valid,valid,valid,0.58735892912151,0.2818515625,0.798035,1101,64
2016_03_10__92957ed1ae46,2016-03-10,1,left_profile,-0.22484031319618225,-68.45240783691406,11.795211791992188,2016_03_10.jpg,2016_03_10.jpg,filename_only,,,,,[],not_provided,,,4c91a39385c3e777,,valid,valid,valid,0.4952252933434148,0.2299125,0.798035,1102,176
2016_03_29__d2d9740a3d54,2016-03-29,1,left_profile,-6.460630416870117,-66.34973907470703,1.981713056564331,2016_03_29.jpg,2016_03_29.jpg,filename_only,,,,,[],not_provided,,,1e3f038307270e8c,,valid,valid,valid,0.5051947688257862,0.223440625,0.798035,1103,177
2016_03_30__bf50a125d645,2016-03-30,1,right_light,20.7351016998291,12.022753715515137,-0.09032230824232101,2016_03_30.jpg,2016_03_30.jpg,filename_only,,,,,[],not_provided,,,179796625e1c0c6d,,valid,valid,valid,0.5917835839704276,0.27258125,0.798035,1104,102
2016_04_07__b13f6952339c,2016-04-07,1,left_light,10.12649917602539,-23.06199836730957,-9.626945495605469,2016_04_07.jpg,2016_04_07.jpg,filename_only,,,,,[],not_provided,,,4b4307031b07070e,,valid,valid,valid,0.6259766445433924,0.2950453125,0.798035,1105,142
2016_04_11__55879be5a7ca,2016-04-11,1,left_light,21.768518447875977,-14.473323822021484,-0.06867669522762299,2016_04_11.jpg,2016_04_11.jpg,filename_only,,,,,[],not_provided,,,9f169494c4c64c69,,valid,valid,valid,0.5812540255957882,0.2925890625,0.798035,1106,143
2016_04_14__64d30f22e9b9,2016-04-14,1,left_profile,-40.738311767578125,-88.06242370605469,38.58132553100586,2016_04_14.jpg,2016_04_14.jpg,filename_only,,,,,[],not_provided,,,cdd8c1c9c2c3e307,,valid,valid,valid,0.422302500770114,0.211796875,0.798035,1107,178
2016_04_14_2__dd1cc2856b48,2016-04-14,2,right_profile,7.872119426727295,70.24933624267578,-4.793232440948486,2016_04_14 (2).jpg,2016_04_14 (2).jpg,filename_only,,,,,[],not_provided,,,c905335b9f353277,,valid,valid,valid,0.4859839256209919,0.19223125,0.798035,1108,174
2016_04_28__bce31a6d9663,2016-04-28,1,left_deep,13.469466209411621,-49.38042068481445,-4.634467601776123,2016_04_28.jpg,2016_04_28.jpg,filename_only,,,,,[],not_provided,,,73c2dfcfcdc3e771,,valid,valid,valid,0.539667870844885,0.2609671875,0.798035,1109,38
2016_04_29__fa47430fa417,2016-04-29,1,left_light,15.343522071838379,-16.990093231201172,18.848308563232422,2016_04_29.jpg,2016_04_29.jpg,filename_only,,,,,[],not_provided,,,99892130d24244c0,,valid,valid,valid,0.6085300624492425,0.279928125,0.798035,1110,144
2016_04_30__b05c1a0dcc54,2016-04-30,1,left_mid,13.87340259552002,-31.063077926635742,-0.7478640675544739,2016_04_30.jpg,2016_04_30.jpg,filename_only,,,,,[],not_provided,,,34e8f0d49a86464e,,valid,valid,valid,0.5949480523117422,0.2871015625,0.798035,1111,65
2016_04_30_2__1dc010c663e0,2016-04-30,2,right_profile,-10.066568374633789,77.97725677490234,-6.9952392578125,2016_04_30 (2).jpg,2016_04_30 (2).jpg,filename_only,,,,,[],not_provided,,,4dc59cacd4d8587b,,valid,valid,valid,0.4758744294155535,0.220375,0.798035,1112,175
2016_05_12__5e068e864180,2016-05-12,1,left_profile,-16.10641098022461,-76.04635620117188,13.3158540725708,2016_05_12.jpg,2016_05_12.jpg,filename_only,,,,,[],not_provided,,,6762c382a4e47d0d,,valid,valid,valid,0.4871881038393682,0.273784375,0.798035,1113,179
2016_05_18__9fae94519c93,2016-05-18,1,frontal,21.129823684692383,8.220134735107422,0.24227426946163177,2016_05_18.jpg,2016_05_18.jpg,filename_only,,,,,[],not_provided,,,1696d870dc9cdd69,,valid,valid,valid,0.6057576521325156,0.2839578125,0.798035,1114,330
2016_05_20__e59e626814fe,2016-05-20,1,frontal,3.740125894546509,-6.876153945922852,-0.3646031618118286,2016_05_20.jpg,2016_05_20.jpg,filename_only,,,,,[],not_provided,,,b3c9c194a8a8cd73,,valid,valid,valid,0.6768321711613319,0.3598609375,0.798035,1115,331
2016_05_27__09ab6446a0c4,2016-05-27,1,right_profile,-11.354785919189453,82.48503112792969,-12.31874942779541,2016_05_27.jpg,2016_05_27.jpg,filename_only,,,,,[],not_provided,,,0d071b1f1f331386,,valid,valid,valid,0.46761320675459966,0.2064109375,0.798035,1116,176
2016_05_28__9db71a6e00a5,2016-05-28,1,left_profile,-12.354188919067383,-70.07169342041016,8.542020797729492,2016_05_28.jpg,2016_05_28.jpg,filename_only,,,,,[],not_provided,,,676460c2c3c5e325,,valid,valid,valid,0.49656949228485814,0.19801875,0.798035,1117,180
2016_06_01__531040ed311a,2016-06-01,1,frontal,15.960549354553223,-9.261480331420898,0.03967443108558655,2016_06_01.jpg,2016_06_01.jpg,filename_only,,,,,[],not_provided,,,74549293978f8f0d,,valid,valid,valid,0.6323895936598617,0.31004375,0.798035,1118,332
2016_06_07__4ae9adda5be2,2016-06-07,1,left_light,4.819840908050537,-10.937896728515625,-0.14888392388820648,2016_06_07.jpg,2016_06_07.jpg,filename_only,,,,,[],not_provided,,,3c1c383c2c341c8c,,valid,valid,valid,0.7055364193900697,0.4142828125,0.798035,1119,145
2016_06_12__46f28c7f4d94,2016-06-12,1,right_profile,-19.944181442260742,72.25749969482422,-15.340069770812988,2016_06_12.jpg,2016_06_12.jpg,filename_only,,,,,[],not_provided,,,0c61deae5e5a787d,,valid,valid,valid,0.4909686633621776,0.2598671875,0.798035,1120,177
2016_06_16__3ecef0d22f45,2016-06-16,1,left_profile,21.228790283203125,-60.07120895385742,-19.242387771606445,2016_06_16.jpg,2016_06_16.jpg,filename_only,,,,,[],not_provided,,,c5c1d3c381c3e387,,valid,valid,valid,0.49852978240779633,0.2596921875,0.798035,1121,181
2016_06_17__28d32da51eb2,2016-06-17,1,left_deep,12.538032531738281,-44.95383834838867,-2.0988245010375977,2016_06_17.jpg,2016_06_17.jpg,filename_only,,,,,[],not_provided,,,362f0b0b0d03078f,,valid,valid,valid,0.5677280237475146,0.2852140625,0.798035,1122,39
2016_06_20__d6668a96ff62,2016-06-20,1,right_profile,-38.82417297363281,76.75140380859375,-37.20634460449219,2016_06_20.jpg,2016_06_20.jpg,filename_only,,,,,[],not_provided,,,6663357c3cba9b0d,,valid,valid,valid,0.4795429723599093,0.249384375,0.798035,1123,178
2016_06_22__f7e8893f5b5b,2016-06-22,1,left_profile,-17.546974182128906,-79.3805160522461,27.7929630279541,2016_06_22.jpg,2016_06_22.jpg,filename_only,,,,,[],not_provided,,,993063c1d2c34306,,valid,valid,valid,0.47136576213279563,0.21639375,0.798035,1124,182
2016_06_24__f8b117e973ef,2016-06-24,1,frontal,7.514193058013916,6.033867359161377,0.18387113511562347,2016_06_24.jpg,2016_06_24.jpg,filename_only,,,,,[],not_provided,,,2425e7c2d5c5c561,,valid,valid,valid,0.691646363661822,0.31014375,0.798035,1125,333
2016_07_01__6f597a3aef7e,2016-07-01,1,frontal,19.774328231811523,-8.229682922363281,-0.09685655683279037,2016_07_01.jpg,2016_07_01.jpg,filename_only,,,,,[],not_provided,,,35e9d1f08cc45c6b,,valid,valid,valid,0.6237083088297068,0.3259265625,0.798035,1126,334
2016_07_14__a47afaf984a0,2016-07-14,1,right_profile,7.139575481414795,55.739933013916016,7.3898773193359375,2016_07_14.jpg,2016_07_14.jpg,filename_only,,,,,[],not_provided,,,063e3e3e0c2c1c09,,valid,valid,valid,0.5214371727015599,0.3093921875,0.798035,1127,179
2016_07_19__ef64da3b5efb,2016-07-19,1,left_mid,13.104568481445312,-28.526111602783203,-1.6726187467575073,2016_07_19.jpg,2016_07_19.jpg,filename_only,,,,,[],not_provided,,,3e3e9b1b1b030f0f,,valid,valid,valid,0.6149150074210983,0.2961984375,0.798035,1128,66
2016_07_19_2__f4f55f16a5cd,2016-07-19,2,left_profile,6.265124320983887,-61.09674835205078,9.827539443969727,2016_07_19 (2).jpg,2016_07_19 (2).jpg,filename_only,,,,,[],not_provided,,,d8343cccc4f47030,,valid,valid,valid,0.4983897616847293,0.210084375,0.798035,1129,183
2016_07_21__e01f819447ce,2016-07-21,1,left_profile,-12.515517234802246,-79.5591049194336,17.85760498046875,2016_07_21.jpg,2016_07_21.jpg,filename_only,,,,,[],not_provided,,,1f3b070307131387,,valid,valid,valid,0.46727715701923883,0.2350015625,0.798035,1130,184
2016_07_30__de34fd016157,2016-07-30,1,right_deep,-1.9835312366485596,41.917232513427734,1.647295355796814,2016_07_30.jpg,2016_07_30.jpg,filename_only,,,,,[],not_provided,,,b34b577b4d073f9e,,valid,valid,valid,0.5778935282421799,0.4026734375,0.798035,1131,22
2016_07_30_2__c52f787db5b0,2016-07-30,2,right_profile,-45.069732666015625,66.9159164428711,-42.48906707763672,2016_07_30 (2).jpg,2016_07_30 (2).jpg,filename_only,,,,,[],not_provided,,,9d05351cdc9c185a,,valid,valid,valid,0.4929009493405024,0.219078125,0.798035,1132,180
2016_07_31__96d7fe0869ef,2016-07-31,1,left_mid,19.142202377319336,-38.240638732910156,-1.4412199258804321,2016_07_31.jpg,2016_07_31.jpg,filename_only,,,,,[],not_provided,,,37a5870bcac2c4d1,,valid,valid,valid,0.5505614830994987,0.2469640625,0.798035,1133,67
2016_08_09__f1878edc7734,2016-08-09,1,frontal,24.4126033782959,-3.04148006439209,0.15359355509281158,2016_08_09.jpg,2016_08_09.jpg,filename_only,,,,,[],not_provided,,,161e8eaa0f97971f,,valid,valid,valid,0.6045534739141393,0.2939453125,0.798035,1134,335
2016_08_09_2__a191f5c26f43,2016-08-09,2,right_profile,13.18380069732666,65.39725494384766,13.66621208190918,2016_08_09 (2).jpg,2016_08_09 (2).jpg,filename_only,,,,,[],not_provided,,,46c0c65e4a4c6c39,,valid,valid,valid,0.4961774342602705,0.282234375,0.798035,1135,181
2016_08_19__2b26e80e6f07,2016-08-19,1,left_light,22.82686996459961,-20.067018508911133,-8.298081398010254,2016_08_19.jpg,2016_08_19.jpg,filename_only,,,,,[],not_provided,,,989c9cb9898dc972,,valid,valid,valid,0.6025931837912011,0.2506765625,0.798035,1136,146
2016_08_25__c892b8479394,2016-08-25,1,left_profile,20.18608856201172,-90.05513000488281,-17.03410530090332,2016_08_25.jpg,2016_08_25.jpg,filename_only,,,,,[],not_provided,,,cf3a26c0d0d0f165,,valid,valid,valid,0.4345963202553978,0.1577015625,0.798035,1137,185
2016_08_26__32e053ba63fb,2016-08-26,1,left_light,22.167156219482422,-20.527847290039062,0.23394730687141418,2016_08_26.jpg,2016_08_26.jpg,filename_only,,,,,[],not_provided,,,9c1616921743062f,,valid,valid,valid,0.6009129351143969,0.2499359375,0.798035,1138,147
2016_08_31__414b6673f9b8,2016-08-31,1,left_light,7.14205265045166,-15.938215255737305,-0.2661473751068115,2016_08_31.jpg,2016_08_31.jpg,filename_only,,,,,[],not_provided,,,362e1889b1949585,,valid,valid,valid,0.6535887311322076,0.3230796875,0.798035,1139,148
2016_09_01__e6d7d8d2f9bc,2016-09-01,1,left_mid,15.720004081726074,-31.110424041748047,-1.41255521774292,2016_09_01.jpg,2016_09_01.jpg,filename_only,,,,,[],not_provided,,,3323c1cbc3c3c347,,valid,valid,valid,0.5831583074294996,0.3239234375,0.798035,1140,68
2016_09_01_2__c4d238422e8a,2016-09-01,2,right_profile,-26.185426712036133,69.5272445678711,-24.995752334594727,2016_09_01 (2).jpg,2016_09_01 (2).jpg,filename_only,,,,,[],not_provided,,,0d23130f1f1b1b9e,,valid,valid,valid,0.49374107367890446,0.2495515625,0.798035,1141,182
2016_09_03__fac637a3f6b1,2016-09-03,1,left_profile,18.54532241821289,-58.684913635253906,-1.8789362907409668,2016_09_03.jpg,2016_09_03.jpg,filename_only,,,,,[],not_provided,,,99346cc486c3871e,,valid,valid,valid,0.5052787812596264,0.2456140625,0.798035,1142,186
2016_09_10__2edf8910999c,2016-09-10,1,left_light,16.336103439331055,-17.360963821411133,-0.08886182308197021,2016_09_10.jpg,2016_09_10.jpg,filename_only,,,,,[],not_provided,,,6c4c9e1e160f0e4d,,valid,valid,valid,0.6006889019574897,0.2637796875,0.798035,1143,149
2016_09_10_2__b2cb1ae92a18,2016-09-10,2,right_mid,6.21585750579834,29.039752960205078,-3.2518973350524902,2016_09_10 (2).jpg,2016_09_10 (2).jpg,filename_only,,,,,[],not_provided,,,e1dd64d4e46c687b,,valid,valid,valid,0.6055336189756084,0.24784375,0.798035,1144,61
2016_09_15__1dbca4559339,2016-09-15,1,left_light,15.678595542907715,-10.464797019958496,0.253229558467865,2016_09_15.jpg,2016_09_15.jpg,filename_only,,,,,[],not_provided,,,3d3d1e3e2e1e1e0c,,valid,valid,valid,0.6383264723179031,0.2850046875,0.798035,1145,150
2016_09_20__8424e780b488,2016-09-20,1,left_light,20.104448318481445,-17.411090850830078,0.04684058204293251,2016_09_20.jpg,2016_09_20.jpg,filename_only,,,,,[],not_provided,,,2d2c24b3a307d549,,valid,valid,valid,0.5994007113052732,0.2584125,0.798035,1146,151
2016_09_22__11ed56cd1c23,2016-09-22,1,right_profile,-0.9288851618766785,66.14657592773438,-8.474081993103027,2016_09_22.jpg,2016_09_22.jpg,filename_only,,,,,[],not_provided,,,06330b471f3f3b9f,,valid,valid,valid,0.49768965806939425,0.2948140625,0.798035,1147,183
2016_10_03__005bb1119d05,2016-10-03,1,right_light,-1.1344287395477295,16.59459686279297,-0.5470537543296814,2016_10_03.jpg,2016_10_03.jpg,filename_only,,,,,[],not_provided,,,c4c2c2d2d3d1e061,,valid,valid,valid,0.6571732616427232,0.4258453125,0.798035,1148,103
2016_10_03_2__abe542462f41,2016-10-03,2,right_profile,1.5941321849822998,67.5771484375,4.863879680633545,2016_10_03 (2).jpg,2016_10_03 (2).jpg,filename_only,,,,,[],not_provided,,,89ddc5ccd8c8783b,,valid,valid,valid,0.4970175585986726,0.257771875,0.798035,1149,184
2016_10_09__470239f0c820,2016-10-09,1,frontal,6.043268203735352,7.273894309997559,-0.29898062348365784,2016_10_09.jpg,2016_10_09.jpg,filename_only,,,,,[],not_provided,,,928584042a4e444d,,valid,valid,valid,0.6779803410904814,0.3152890625,0.798035,1150,336
2016_10_11__f96ae1d6d89c,2016-10-11,1,left_light,14.672992706298828,-13.593965530395508,0.8079248070716858,2016_10_11.jpg,2016_10_11.jpg,filename_only,,,,,[],not_provided,,,368dc5d4d446446f,,valid,valid,valid,0.6369262650872329,0.3173796875,0.798035,1151,152
2016_10_14__1b3761b7c92c,2016-10-14,1,left_profile,0.5617601275444031,-69.80525970458984,-3.046125650405884,2016_10_14.jpg,2016_10_14.jpg,filename_only,,,,,[],not_provided,,,4d199a83a5a3270d,,valid,valid,valid,0.4929289534851158,0.2354015625,0.798035,1152,187
2016_10_20__8b1c933ed4d1,2016-10-20,1,right_profile,-1.761178731918335,64.07669067382812,0.332892507314682,2016_10_20.jpg,2016_10_20.jpg,filename_only,,,,,[],not_provided,,,47d1cccece4c6c7b,,valid,valid,valid,0.5056708392842141,0.298871875,0.798035,1153,185
2016_11_01__1da9772af782,2016-11-01,1,left_light,9.688474655151367,-15.360715866088867,-0.16476571559906006,2016_11_01.jpg,2016_11_01.jpg,filename_only,,,,,[],not_provided,,,24cdd79787868ba3,,valid,valid,valid,0.64653168668963,0.3063625,0.798035,1154,153
2016_11_03__2fb670c15f88,2016-11-03,1,frontal,10.664444923400879,-6.979865550994873,0.10145455598831177,2016_11_03.jpg,2016_11_03.jpg,filename_only,,,,,[],not_provided,,,1e16a4e8a88cd161,,valid,valid,valid,0.6686549609342183,0.3593609375,0.798035,1155,337
2016_11_04__0f87cd99189c,2016-11-04,1,right_profile,-0.08066410571336746,70.68517303466797,-12.149872779846191,2016_11_04.jpg,2016_11_04.jpg,filename_only,,,,,[],not_provided,,,63b9291e1e3b1b46,,valid,valid,valid,0.48623596292251253,0.233140625,0.798035,1156,186
2016_11_12__0c1219aa2c5b,2016-11-12,1,right_profile,6.777344703674316,61.79251480102539,-10.728513717651367,2016_11_12.jpg,2016_11_12.jpg,filename_only,,,,,[],not_provided,,,961b3f165e3c3018,,valid,valid,valid,0.5052227729703996,0.2851578125,0.798035,1157,187
2016_11_22__c6a85f01909f,2016-11-22,1,frontal,14.544678688049316,-0.9227879643440247,-0.23239322006702423,2016_11_22.jpg,2016_11_22.jpg,filename_only,,,,,[],not_provided,,,16168ce8e88cdd69,,valid,valid,valid,0.652440561203058,0.318953125,0.798035,1158,338
2016_11_22_2__03c47640bb22,2016-11-22,2,left_profile,2.109164237976074,-65.66636657714844,-3.3073904514312744,2016_11_22 (2).jpg,2016_11_22 (2).jpg,filename_only,,,,,[],not_provided,,,99c1d1918383c346,,valid,valid,valid,0.4952252933434148,0.2841359375,0.798035,1159,188
2016_11_30__61e52df6742a,2016-11-30,1,frontal,16.378711700439453,-5.952317237854004,0.20076806843280792,2016_11_30.jpg,2016_11_30.jpg,filename_only,,,,,[],not_provided,,,240416070f8f8f4d,,valid,valid,valid,0.645971603797362,0.2878984375,0.798035,1160,339
2016_12_05__8b43a90b9b0f,2016-12-05,1,left_profile,2.3598337173461914,-60.00124740600586,1.740759253501892,2016_12_05.jpg,2016_12_05.jpg,filename_only,,,,,[],not_provided,,,9b334f1b0f0f0e0d,,valid,valid,valid,0.515472289898905,0.252053125,0.798035,1161,189
2016_12_06__c5bda64727ff,2016-12-06,1,right_light,13.499089241027832,10.70329475402832,-0.061661023646593094,2016_12_06.jpg,2016_12_06.jpg,filename_only,,,,,[],not_provided,,,2c9489f4949c0c12,,valid,valid,valid,0.6482959478002744,0.2566734375,0.798035,1162,104
2016_12_06_2__dec9a8fd8709,2016-12-06,2,right_profile,-10.071396827697754,64.63031005859375,-25.621816635131836,2016_12_06 (2).jpg,2016_12_06 (2).jpg,filename_only,,,,,[],not_provided,,,b6eb49064c38b0b1,,valid,valid,valid,0.5067069926349099,0.2823796875,0.798035,1163,188
2016_12_08__f191b2f3c9bb,2016-12-08,1,right_light,8.071343421936035,20.532289505004883,-0.25965240597724915,2016_12_08.jpg,2016_12_08.jpg,filename_only,,,,,[],not_provided,,,56726c74f4f5bd09,,valid,valid,valid,0.6535887311322076,0.32486875,0.798035,1164,105
2016_12_16__2e8d1b6d5870,2016-12-16,1,right_mid,6.011238098144531,30.847414016723633,-6.071067810058594,2016_12_16.jpg,2016_12_16.jpg,filename_only,,,,,[],not_provided,,,83c7031307078fcf,,valid,valid,valid,0.6170713265563303,0.317584375,0.798035,1165,62
2016_12_19__3213665dffab,2016-12-19,1,frontal,16.232524871826172,6.287745952606201,14.132598876953125,2016_12_19.jpg,2016_12_19.jpg,filename_only,,,,,[],not_provided,,,2c0c07130707968e,,valid,valid,valid,0.6452995043266403,0.3030453125,0.798035,1166,340
2016_12_23__7048b8c262c6,2016-12-23,1,left_profile,-58.65970230102539,-84.71287536621094,71.93107604980469,2016_12_23.jpg,2016_12_23.jpg,filename_only,,,,,[],not_provided,,,020203030303068e,,valid,valid,valid,0.4376487720182587,0.193409375,0.798035,1167,190
2016_12_27__01ef459ebdf6,2016-12-27,1,right_profile,12.875638961791992,76.11540222167969,12.736625671386719,2016_12_27.jpg,2016_12_27.jpg,filename_only,,,,,[],not_provided,,,5d3e3e361e3a1879,,valid,valid,valid,0.4765745330308886,0.2533625,0.798035,1168,189
2016_12_31__04c24bd3702c,2016-12-31,1,frontal,12.432489395141602,-4.519272327423096,-0.2111845314502716,2016_12_31.jpg,2016_12_31.jpg,filename_only,,,,,[],not_provided,,,b68c17172b0f0f0e,,valid,valid,valid,0.6646783723991151,0.3356942222222222,0.798035,1169,341
2017_01_17__7811f419f231,2017-01-17,1,right_mid,-7.914383888244629,31.702444076538086,-4.114288806915283,2017_01_17.jpg,2017_01_17.jpg,filename_only,,,,,[],not_provided,,,16206c6c6c747c68,,valid,valid,valid,0.6350499873981349,0.30831320283215324,0.798035,1170,63
2017_02_02__7a70bf75ceed,2017-02-02,1,left_mid,12.918193817138672,-27.335098266601562,-1.1877214908599854,2017_02_02.jpg,2017_02_02.jpg,filename_only,,,,,[],not_provided,,,93aba3d9dbc34f6f,,valid,valid,valid,0.6116385225013302,0.3178546875,0.798035,1171,69
2017_02_02_2__15dfa8bd1ffe,2017-02-02,2,right_light,4.6805620193481445,15.164615631103516,0.21670684218406677,2017_02_02 (2).jpg,2017_02_02 (2).jpg,filename_only,,,,,[],not_provided,,,09cd2787d2cf677f,,valid,valid,valid,0.6745078271584194,0.3650359375,0.798035,1172,106
2017_02_08__e737b26eb05f,2017-02-08,1,frontal,17.071975708007812,-3.0260400772094727,0.05890621617436409,2017_02_08.jpg,2017_02_08.jpg,filename_only,,,,,[],not_provided,,,d66065f0c246466d,,valid,valid,valid,0.6456355540620011,0.310365625,0.798035,1173,342
2017_02_10__c2d9459018e5,2017-02-10,1,left_mid,7.400016784667969,-36.312042236328125,-2.4891223907470703,2017_02_10.jpg,2017_02_10.jpg,filename_only,,,,,[],not_provided,,,97efc7cbcbcb4f36,,valid,valid,valid,0.6212439441037273,0.3471015625,0.798035,1174,70
2017_02_15__5b270c8c7be3,2017-02-15,1,right_profile,14.3480224609375,65.23104095458984,-1.4921627044677734,2017_02_15.jpg,2017_02_15.jpg,filename_only,,,,,[],not_provided,,,86962f0f1f1b9b8f,,valid,valid,valid,0.4952532974880282,0.228275,0.798035,1175,190
2017_02_16__895852d64299,2017-02-16,1,left_profile,34.53562545776367,-68.20210266113281,-25.863361358642578,2017_02_16.jpg,2017_02_16.jpg,filename_only,,,,,[],not_provided,,,9fb3c79787432714,,valid,valid,valid,0.4743342014618164,0.2099421875,0.798035,1176,191
2017_02_28__86ccca52014e,2017-02-28,1,right_light,17.69642448425293,19.01558494567871,0.00548987090587616,2017_02_28.jpg,2017_02_28.jpg,filename_only,,,,,[],not_provided,,,d696bed6d49e8ece,,valid,valid,valid,0.5973844128931082,0.2839984375,0.798035,1177,107
2017_03_01__b2d68eb48c10,2017-03-01,1,left_mid,13.471437454223633,-29.08188819885254,-0.46272778511047363,2017_03_01.jpg,2017_03_01.jpg,filename_only,,,,,[],not_provided,,,86860a99d8c3ca61,,valid,valid,valid,0.6158951524825674,0.28545,0.798035,1178,71
2017_03_08__a9b1e67cf4dd,2017-03-08,1,left_profile,0.8496165871620178,-65.8899154663086,-2.2549121379852295,2017_03_08.jpg,2017_03_08.jpg,filename_only,,,,,[],not_provided,,,1d7864c4c4c5e521,,valid,valid,valid,0.49483323531882717,0.21345,0.798035,1179,192
2017_03_08_2__f07e51f0b09a,2017-03-08,2,right_light,13.092216491699219,13.393707275390625,-0.07288964092731476,2017_03_08 (2).jpg,2017_03_08 (2).jpg,filename_only,,,,,[],not_provided,,,61615154542c0c09,,valid,valid,valid,0.6292251253185471,0.3455984375,0.798035,1180,108
2017_03_10__0e4541f3eac4,2017-03-10,1,right_profile,19.057559967041016,68.0521011352539,4.012756824493408,2017_03_10.jpg,2017_03_10.jpg,filename_only,,,,,[],not_provided,,,0c26130c34743606,,valid,valid,valid,0.49040858046990954,0.2493625,0.798035,1181,191
2017_03_15__399454de6048,2017-03-15,1,left_mid,12.14249038696289,-39.789127349853516,-1.5323352813720703,2017_03_15.jpg,2017_03_15.jpg,filename_only,,,,,[],not_provided,,,3e2e170f0f030706,,valid,valid,valid,0.5838024027556078,0.3227109375,0.798035,1182,72
2017_03_21__991d32b5aa4c,2017-03-21,1,left_profile,-19.081518173217773,-68.30332946777344,32.923423767089844,2017_03_21.jpg,2017_03_21.jpg,filename_only,,,,,[],not_provided,,,39312c8c84c4e071,,valid,valid,valid,0.49670951300792515,0.2315734375,0.798035,1183,193
2017_03_24__5d1258eb4a78,2017-03-24,1,right_profile,-59.9052848815918,70.2593002319336,-79.36427307128906,2017_03_24.jpg,2017_03_24.jpg,filename_only,,,,,[],not_provided,,,76f3c9df9f3b3753,,valid,valid,valid,0.4721218740373575,0.22673125,0.798035,1184,192
2017_04_05__e459c7f43a3c,2017-04-05,1,left_profile,-0.7405781745910645,-65.48249816894531,-0.05270877853035927,2017_04_05.jpg,2017_04_05.jpg,filename_only,,,,,[],not_provided,,,1ec787030f03070e,,valid,valid,valid,0.5054188019826934,0.3035671875,0.798035,1185,194
2017_04_11__e2c038ffa97f,2017-04-11,1,left_profile,0.0754752904176712,-61.72580337524414,-2.4114809036254883,2017_04_11.jpg,2017_04_11.jpg,filename_only,,,,,[],not_provided,,,1933c0848480424f,,valid,valid,valid,0.5092553697947296,0.2575015625,0.798035,1186,195
2017_04_11_2__56e75a7fe45b,2017-04-11,2,right_light,16.059545516967773,13.438922882080078,0.01375813502818346,2017_04_11 (2).jpg,2017_04_11 (2).jpg,filename_only,,,,,[],not_provided,,,173b3f373f3f3d0d,,valid,valid,valid,0.6133467753227477,0.338675,0.798035,1187,109
2017_04_12__5f543c66cd27,2017-04-12,1,right_mid,19.926589965820312,33.38594055175781,0.12880049645900726,2017_04_12.jpg,2017_04_12.jpg,filename_only,,,,,[],not_provided,,,d36b2d2e261e8d59,,valid,valid,valid,0.5727127614887003,0.304828125,0.798035,1188,64
2017_04_13__bc4ec826f85b,2017-04-13,1,right_profile,3.139686346054077,53.1529541015625,-4.800603866577148,2017_04_13.jpg,2017_04_13.jpg,filename_only,,,,,[],not_provided,,,533b272a2e3e1c29,,valid,valid,valid,0.5453527122014058,0.2989375,0.798035,1189,193
2017_04_14__d59d2e5d67e6,2017-04-14,1,frontal,10.793608665466309,-9.958168983459473,0.0009900572476908565,2017_04_14.jpg,2017_04_14.jpg,filename_only,,,,,[],not_provided,,,968e1a9e35078f8f,,valid,valid,valid,0.6513764037077487,0.32276875,0.798035,1190,343
2017_04_19__cd49232176da,2017-04-19,1,frontal,20.58971405029297,-7.392558574676514,-0.18635603785514832,2017_04_19.jpg,2017_04_19.jpg,filename_only,,,,,[],not_provided,,,9d0e16ab8b97cd6d,,valid,valid,valid,0.6270688061833152,0.271528125,0.798035,1191,344
2017_04_25__311022adde77,2017-04-25,1,right_profile,-51.4156494140625,74.54106140136719,-66.69645690917969,2017_04_25.jpg,2017_04_25.jpg,filename_only,,,,,[],not_provided,,,8f961b9f9f373757,,valid,valid,valid,0.47408216416029575,0.23685625,0.798035,1192,194
2017_05_02__0aedf0e91158,2017-05-02,1,left_profile,14.933550834655762,-58.0533332824707,-13.717779159545898,2017_05_02.jpg,2017_05_02.jpg,filename_only,,,,,[],not_provided,,,9f0f0f0507278f46,,valid,valid,valid,0.5119157635330028,0.2812328125,0.798035,1193,196
2017_05_04__e3fb1a17e90c,2017-05-04,1,right_profile,-19.618982315063477,55.77589797973633,-14.539621353149414,2017_05_04.jpg,2017_05_04.jpg,filename_only,,,,,[],not_provided,,,44f1ccb6cc4c3c1f,,valid,valid,valid,0.5308745694362765,0.32435,0.798035,1194,195
2017_05_15__7b7cce06ebc3,2017-05-15,1,frontal,7.793298244476318,2.283226490020752,0.4056963622570038,2017_05_15.jpg,2017_05_15.jpg,filename_only,,,,,[],not_provided,,,9b97170f2b0f0f4f,,valid,valid,valid,0.6886219160435745,0.3661671875,0.798035,1195,345
2017_05_24__a6b7ff4dadd6,2017-05-24,1,left_mid,14.362746238708496,-27.25151824951172,0.3897964060306549,2017_05_24.jpg,2017_05_24.jpg,filename_only,,,,,[],not_provided,,,b6a363cbcbc36776,,valid,valid,valid,0.5895432524013554,0.2899328125,0.798035,1196,73
2017_05_24_2__d9116073e15d,2017-05-24,2,right_profile,-17.5756893157959,84.1159896850586,-27.901973724365234,2017_05_24 (2).jpg,2017_05_24 (2).jpg,filename_only,,,,,[],not_provided,,,8ca30b1fb73797c6,,valid,valid,valid,0.4597160379736201,0.204653125,0.798035,1197,196
2017_05_25__7bf53d1e4549,2017-05-25,1,left_profile,9.719289779663086,-60.453311920166016,4.745708465576172,2017_05_25.jpg,2017_05_25.jpg,filename_only,,,,,[],not_provided,,,9e244494c4c1e171,,valid,valid,valid,0.507547116973312,0.2531453125,0.798035,1198,197
2017_05_29__140de2282b71,2017-05-29,1,frontal,17.795373916625977,0.4452839195728302,-0.4570438861846924,2017_05_29.jpg,2017_05_29.jpg,filename_only,,,,,[],not_provided,,,767a5c6e9e9e9fcd,,valid,valid,valid,0.641798986249965,0.29270625,0.798035,1199,346
2017_05_30__129e328969ab,2017-05-30,1,left_light,18.899948120117188,-21.257442474365234,-7.740121841430664,2017_05_30.jpg,2017_05_30.jpg,filename_only,,,,,[],not_provided,,,8bd7ead8c6c3c6ec,,valid,valid,valid,0.6076339298216136,0.2908625,0.798035,1200,154
2017_06_02__907818164ccc,2017-06-02,1,right_deep,24.886606216430664,41.93548583984375,3.362619638442993,2017_06_02.jpg,2017_06_02.jpg,filename_only,,,,,[],not_provided,,,c61b3dafbf3f1b5c,,valid,valid,valid,0.5405920076171273,0.2548734375,0.798035,1201,23
2017_06_05__fa057915023b,2017-06-05,1,right_profile,6.001178741455078,57.935367584228516,2.031583786010742,2017_06_05.jpg,2017_06_05.jpg,filename_only,,,,,[],not_provided,,,44161f171f3b1b8e,,valid,valid,valid,0.5181046794925649,0.272775,0.798035,1202,197
2017_06_09__8708affb7ef7,2017-06-09,1,left_profile,-8.989380836486816,-66.68040466308594,8.24449348449707,2017_06_09.jpg,2017_06_09.jpg,filename_only,,,,,[],not_provided,,,1d3103818723271e,,valid,valid,valid,0.49659749642947154,0.2770296875,0.798035,1203,198
2017_06_12__49ca4744acf1,2017-06-12,1,right_profile,-14.5555419921875,83.99131774902344,-38.37276840209961,2017_06_12.jpg,2017_06_12.jpg,filename_only,,,,,[],not_provided,,,3673c9dd7435a74f,,valid,valid,valid,0.46968551345599147,0.1737703125,0.798035,1204,198
2017_06_15__224173497616,2017-06-15,1,right_profile,-49.72439956665039,76.20719909667969,-50.00900650024414,2017_06_15.jpg,2017_06_15.jpg,filename_only,,,,,[],not_provided,,,0e331b6f17391b9f,,valid,valid,valid,0.47310201909882665,0.2533421875,0.798035,1205,199
2017_06_16__44a2349a9437,2017-06-16,1,frontal,18.682785034179688,6.517606258392334,10.299012184143066,2017_06_16.jpg,2017_06_16.jpg,filename_only,,,,,[],not_provided,,,1d96ce6a6e4e4635,,valid,valid,valid,0.6369262650872329,0.27890625,0.798035,1206,347
2017_06_20__7f4a8f008b05,2017-06-20,1,frontal,17.441320419311523,-6.591239929199219,-0.33996346592903137,2017_06_20.jpg,2017_06_20.jpg,filename_only,,,,,[],not_provided,,,b6b661a33b131061,,valid,valid,valid,0.6410428743454031,0.2879515625,0.798035,1207,348
2017_06_21__6fc386e6c3ea,2017-06-21,1,left_profile,30.829532623291016,-63.79402542114258,-23.063615798950195,2017_06_21.jpg,2017_06_21.jpg,filename_only,,,,,[],not_provided,,,332305070327379e,,valid,valid,valid,0.4892044022515332,0.2822109375,0.795242,1208,199
2017_07_04__db35acb91aec,2017-07-04,1,left_profile,20.682472229003906,-64.64950561523438,-8.967153549194336,2017_07_04.jpg,2017_07_04.jpg,filename_only,,,,,[],not_provided,,,9e93a28686139290,,valid,valid,valid,0.48940043126382704,0.2169546875,0.798035,1209,200
2017_07_07__7a4d51f07eb4,2017-07-07,1,left_deep,10.349946975708008,-48.778839111328125,-1.025866985321045,2017_07_07.jpg,2017_07_07.jpg,filename_only,,,,,[],not_provided,,,1e364f878f83a707,,valid,valid,valid,0.5525497773670504,0.27701875,0.798035,1210,40
2017_07_08__f8f4fbe3e70c,2017-07-08,1,left_profile,8.112713813781738,-54.33647918701172,6.2184224128723145,2017_07_08.jpg,2017_07_08.jpg,filename_only,,,,,[],not_provided,,,9834229286000200,,valid,valid,valid,0.5326668346915343,0.2664546875,0.798035,1211,201
2017_07_08_2__b30fe3b7524a,2017-07-08,2,frontal,3.521461248397827,-3.7030491828918457,-1.5028131008148193,2017_07_08 (2).jpg,2017_07_08 (2).jpg,filename_only,,,,,[],not_provided,,,9a9767538b4b472e,,valid,valid,valid,0.6899381108404044,0.29736185606589977,0.798035,1212,349
2017_07_09__bd2b5b892420,2017-07-09,1,right_profile,10.111312866210938,68.3104248046875,-1.282051682472229,2017_07_09.jpg,2017_07_09.jpg,filename_only,,,,,[],not_provided,,,03190b161f3b138e,,valid,valid,valid,0.4902685597468425,0.2479203125,0.798035,1213,200
2017_07_21__8439d2a8dd08,2017-07-21,1,left_deep,17.756729125976562,-46.714744567871094,-0.31090250611305237,2017_07_21.jpg,2017_07_21.jpg,filename_only,,,,,[],not_provided,,,596d070d2523231f,,valid,valid,valid,0.5384916967711221,0.2752421875,0.798035,1214,41
2017_07_21_2__d0161c15a4d1,2017-07-21,2,right_deep,16.349489212036133,43.463722229003906,0.4424668848514557,2017_07_21 (2).jpg,2017_07_21 (2).jpg,filename_only,,,,,[],not_provided,,,96832f2f2f2f1b1b,,valid,valid,valid,0.5711165252457364,0.29164375,0.798035,1215,24
2017_07_27__11d9bd426dda,2017-07-27,1,left_light,11.526750564575195,-14.329303741455078,0.08194412291049957,2017_07_27.jpg,2017_07_27.jpg,filename_only,,,,,[],not_provided,,,3c381e3e370f1f4c,,valid,valid,valid,0.6514884202862024,0.3450359375,0.798035,1216,155
2017_08_05_1__b0a40c46aabf,2017-08-05,1,left_light,21.719186782836914,-10.530842781066895,-3.7062325477600098,2017_08_05(1).jpg,2017_08_05(1).jpg,filename_only,,,,,[],not_provided,,,4d1f969613870f2d,,valid,valid,valid,0.622056064297516,0.20204375,0.798035,1217,156
2017_08_16_1__aba653a35645,2017-08-16,1,right_mid,2.7166576385498047,30.668596267700195,-0.827682614326477,2017_08_16(1).jpg,2017_08_16(1).jpg,filename_only,,,,,[],not_provided,,,3329242856e67474,,valid,valid,valid,0.6058136604217425,0.3750345477386935,0.798035,1218,65
2017_08_16_2__42e2209646eb,2017-08-16,2,left_light,11.034849166870117,-11.149928092956543,-1.881091594696045,2017_08_16(2).jpg,2017_08_16(2).jpg,filename_only,,,,,[],not_provided,,,36e3d184a8a8b0f1,,valid,valid,valid,0.6524685653476715,0.3857941729323308,0.798035,1219,157
2017_08_17_1__92011666f6ab,2017-08-17,1,right_mid,12.457721710205078,30.465862274169922,3.7156291007995605,2017_08_17(1).jpg,2017_08_17(1).jpg,filename_only,,,,,[],not_provided,,,184c6496b2d9c8b9,,valid,valid,valid,0.6108264023075415,0.353078125,0.760662,1220,66
2017_08_17_2__31e8976e39b4,2017-08-17,2,frontal,13.609511375427246,1.82634699344635,-1.0988355875015259,2017_08_17(2).jpg,2017_08_17(2).jpg,filename_only,,,,,[],not_provided,,,2c24a169e1f97973,,valid,valid,valid,0.6675627992942955,0.1887640625,0.798035,1221,350
2017_08_20_2__70170adf8620,2017-08-20,2,frontal,13.687239646911621,-6.498291969299316,0.7392282485961914,2017_08_20(2).jpg,2017_08_20(2).jpg,filename_only,,,,,[],not_provided,,,71716969f9cd6971,,valid,valid,valid,0.66397826878378,0.1773375,0.798035,1222,351
2017_08_20_3__9a8e5f4b2665,2017-08-20,3,frontal,16.9033203125,-0.9748657941818237,1.003589391708374,2017_08_20(3).jpg,2017_08_20(3).jpg,filename_only,,,,,[],not_provided,,,6161696969cc6d71,,valid,valid,valid,0.6575373155226973,0.1872984375,0.798035,1223,352
2017_08_20_4__4b3b35cc8205,2017-08-20,4,right_mid,-0.11365370452404022,25.389925003051758,-0.09701098501682281,2017_08_20(4).jpg,2017_08_20(4).jpg,filename_only,,,,,[],not_provided,,,2003030687878dc1,,valid,valid,valid,0.6495001260186508,0.2339046875,0.798035,1224,67
2017_08_20_5__e671bcd0944a,2017-08-20,5,left_mid,16.3643741607666,-27.380573272705078,-0.36918461322784424,2017_08_20(5).jpg,2017_08_20(5).jpg,filename_only,,,,,[],not_provided,,,f3cb0b5b5b1b1b13,,valid,valid,valid,0.603629337141897,0.28284617794486216,0.798035,1225,74
2017_09_04__32fcd41ce79b,2017-09-04,1,frontal,13.773370742797852,-6.850212574005127,0.6526030898094177,2017_09_04.jpg,2017_09_04.jpg,filename_only,,,,,[],not_provided,,,0c0d078e0a0e0e0f,,valid,valid,valid,0.6468677364249908,0.3265875,0.798035,1226,353
2017_09_05__335bf83f9a21,2017-09-05,1,frontal,20.967836380004883,-4.318424224853516,0.09561923146247864,2017_09_05.jpg,2017_09_05.jpg,filename_only,,,,,[],not_provided,,,b0e144d0c6c6c66d,,valid,valid,valid,0.6150270239995519,0.3231171875,0.798035,1227,354
2017_09_06__6f23fa29b058,2017-09-06,1,left_deep,-9.680268287658691,-41.28907012939453,6.174435138702393,2017_09_06.jpg,2017_09_06.jpg,filename_only,,,,,[],not_provided,,,77c3890c8c898131,,valid,valid,valid,0.6012209807051444,0.3993984375,0.798035,1228,42
2017_09_22__002220e09223,2017-09-22,1,right_profile,-14.500296592712402,58.99260711669922,-13.977230072021484,2017_09_22.jpg,2017_09_22.jpg,filename_only,,,,,[],not_provided,,,354349060f0d0b4f,,valid,valid,valid,0.5168724971295752,0.2798359375,0.798035,1229,201
2017_09_23__c5e5216b5ba7,2017-09-23,1,left_profile,20.354202270507812,-69.60157775878906,-2.334899425506592,2017_09_23.jpg,2017_09_23.jpg,filename_only,,,,,[],not_provided,,,93b32947111393ce,,valid,valid,valid,0.48326752359349184,0.2351953125,0.798035,1230,202
2017_10_02__e9e3e8c1814b,2017-10-02,1,left_mid,16.594112396240234,-28.33955192565918,-0.8252530694007874,2017_10_02.jpg,2017_10_02.jpg,filename_only,,,,,[],not_provided,,,15b7e3cbcbc34f46,,valid,valid,valid,0.5908874513427987,0.278784375,0.798035,1231,75
2017_10_04__47e5e1478b36,2017-10-04,1,left_profile,22.20833969116211,-51.57132339477539,-2.7854721546173096,2017_10_04.jpg,2017_10_04.jpg,filename_only,,,,,[],not_provided,,,9f3667070b23068e,,valid,valid,valid,0.5265059228765857,0.2091359375,0.798035,1232,203
2017_10_05__b80e5e838c9a,2017-10-05,1,right_mid,9.613524436950684,28.766170501708984,1.893082857131958,2017_10_05.jpg,2017_10_05.jpg,filename_only,,,,,[],not_provided,,,939b2f37371f9f4e,,valid,valid,valid,0.6225041306113305,0.3158875,0.798035,1233,68
2017_10_06__453cb01b5d8f,2017-10-06,1,right_deep,-14.21264934539795,41.91026306152344,-44.567359924316406,2017_10_06.jpg,2017_10_06.jpg,filename_only,,,,,[],not_provided,,,11991f9fdf7b369c,,valid,valid,valid,0.5913635218012265,0.3664015625,0.798035,1234,25
2017_10_11__58f68c1ce7ae,2017-10-11,1,left_profile,-47.18806838989258,-78.04402160644531,56.77363586425781,2017_10_11.jpg,2017_10_11.jpg,filename_only,,,,,[],not_provided,,,4c98f0c0c0c10306,,valid,valid,valid,0.4687333725391358,0.21580625,0.798035,1235,204
2017_10_12__41684eb8e2d1,2017-10-12,1,left_light,17.376218795776367,-10.876811027526855,-0.3050023019313812,2017_10_12.jpg,2017_10_12.jpg,filename_only,,,,,[],not_provided,,,3f3f2f2f2f1f1f1f,,valid,valid,valid,0.6379624184379288,0.36660625,0.792393,1236,158
2017_10_17__60f4ec743b44,2017-10-17,1,right_profile,7.378383159637451,65.40592956542969,-5.798172473907471,2017_10_17.jpg,2017_10_17.jpg,filename_only,,,,,[],not_provided,,,b71c7c1f5b3b1b87,,valid,valid,valid,0.49987398134923966,0.2594625,0.798035,1237,202
2017_10_21__0c203671eb57,2017-10-21,1,left_light,12.842360496520996,-14.74642562866211,0.3272016942501068,2017_10_21.jpg,2017_10_21.jpg,filename_only,,,,,[],not_provided,,,b3652737311b160e,,valid,valid,valid,0.6344619003612535,0.2992328125,0.798035,1238,159
2017_11_02__58d6a1e485f7,2017-11-02,1,left_mid,20.230173110961914,-26.51234245300293,-13.526415824890137,2017_11_02.jpg,2017_11_02.jpg,filename_only,,,,,[],not_provided,,,178b8bdbc787878d,,valid,valid,valid,0.6032092749726959,0.2745078125,0.798035,1239,76
2017_11_03__addba83f7dc4,2017-11-03,1,left_profile,-17.477821350097656,-73.46818542480469,29.40341567993164,2017_11_03.jpg,2017_11_03.jpg,filename_only,,,,,[],not_provided,,,8e372f0b8701068e,,valid,valid,valid,0.48416365622112073,0.2299140625,0.798035,1240,205
2017_11_03_2__3d325989cc47,2017-11-03,2,right_profile,-22.602323532104492,71.205322265625,-19.808374404907227,2017_11_03 (2).jpg,2017_11_03 (2).jpg,filename_only,,,,,[],not_provided,,,0e263c3e1e1e1c09,,valid,valid,valid,0.49054860119297655,0.2616109375,0.798035,1241,203
2017_11_09__19265bc1ed7e,2017-11-09,1,left_light,10.462444305419922,-23.608495712280273,-0.9411225318908691,2017_11_09.jpg,2017_11_09.jpg,filename_only,,,,,[],not_provided,,,270f0b171787064d,,valid,valid,valid,0.6216640062729284,0.3597375,0.798035,1242,160
2017_11_09_2__79553d51c463,2017-11-09,2,right_light,16.31440544128418,10.016697883605957,-10.221360206604004,2017_11_09 (2).jpg,2017_11_09 (2).jpg,filename_only,,,,,[],not_provided,,,0f931f13131b2f1f,,valid,valid,valid,0.6045814780587527,0.3782984375,0.791434,1243,110
2017_11_11__c6d9281aa02b,2017-11-11,1,left_profile,33.98457336425781,-78.6358642578125,-25.889209747314453,2017_11_11.jpg,2017_11_11.jpg,filename_only,,,,,[],not_provided,,,3c3e0f071713271f,,valid,valid,valid,0.45837183903217676,0.203221875,0.798035,1244,206
2017_11_15__137b9137de0e,2017-11-15,1,right_profile,-16.946733474731445,63.50245666503906,-12.124577522277832,2017_11_15.jpg,2017_11_15.jpg,filename_only,,,,,[],not_provided,,,47c2920c4c5a080e,,valid,valid,valid,0.50942339466241,0.2974578125,0.798035,1245,204
2017_11_28__e11864d62cae,2017-11-28,1,frontal,19.762367248535156,2.357221841812134,0.03028537705540657,2017_11_28.jpg,2017_11_28.jpg,filename_only,,,,,[],not_provided,,,96960f2b0b0f078f,,valid,valid,valid,0.6272088269063821,0.3164890625,0.798035,1246,355
2017_12_05__732637f1af47,2017-12-05,1,right_profile,-7.132594585418701,67.90953063964844,-3.6397171020507812,2017_12_05.jpg,2017_12_05.jpg,filename_only,,,,,[],not_provided,,,6ff3ddb6dfdf6c79,,valid,valid,valid,0.495169285054188,0.24856875,0.798035,1247,205
2017_12_08__3d8b41a4aded,2017-12-08,1,left_mid,12.740602493286133,-35.34486770629883,-1.4384657144546509,2017_12_08.jpg,2017_12_08.jpg,filename_only,,,,,[],not_provided,,,336b331b1b43476f,,valid,valid,valid,0.5929037497549637,0.3207375,0.798035,1248,77
2017_12_11__91aa0c96b7bd,2017-12-11,1,frontal,8.550283432006836,0.7225520014762878,-1.0546576976776123,2017_12_11.jpg,2017_12_11.jpg,filename_only,,,,,[],not_provided,,,3305150f2b0f0f8f,,valid,valid,valid,0.6834131451454816,0.3471515625,0.798035,1249,356
2017_12_14__44150e33b62a,2017-12-14,1,left_profile,-5.447099685668945,-84.28653717041016,10.627650260925293,2017_12_14.jpg,2017_12_14.jpg,filename_only,,,,,[],not_provided,,,9b3301010303230e,,valid,valid,valid,0.45842784732140357,0.240515625,0.798035,1250,207
2017_12_15__b84a21cf5dc3,2017-12-15,1,right_light,6.985540866851807,18.546754837036133,0.20759569108486176,2017_12_15.jpg,2017_12_15.jpg,filename_only,,,,,[],not_provided,,,13272b13133f1f0e,,valid,valid,valid,0.6623540283962026,0.36938125,0.798035,1251,111
2017_12_26__b9ace7499dcf,2017-12-26,1,left_light,13.649359703063965,-11.822198867797852,0.38139379024505615,2017_12_26.jpg,2017_12_26.jpg,filename_only,,,,,[],not_provided,,,353faa3e3b9d978e,,valid,valid,valid,0.6512083788400683,0.33230625,0.798035,1252,161
2017_12_26_2__b749aecc4749,2017-12-26,2,right_profile,14.41844654083252,62.28004455566406,14.153326988220215,2017_12_26 (2).jpg,2017_12_26 (2).jpg,filename_only,,,,,[],not_provided,,,a0fc8ccc4c2b291f,,valid,valid,valid,0.4962614466941107,0.273303125,0.798035,1253,206
2018_01_01__084107c79f6b,2018-01-01,1,right_profile,-30.650131225585938,74.22032928466797,-29.662860870361328,2018_01_01.jpg,2018_01_01.jpg,filename_only,,,,,[],not_provided,,,67e1dc9ede5a587b,,valid,valid,valid,0.48245540339970316,0.233859375,0.798035,1254,207
2018_01_10__1e4dabeaa99e,2018-01-10,1,right_profile,5.386713981628418,61.789546966552734,6.845411777496338,2018_01_10.jpg,2018_01_10.jpg,filename_only,,,,,[],not_provided,,,85d5ddd4ccdc7873,,valid,valid,valid,0.5028704248228738,0.2321984375,0.798035,1255,208
2018_01_17__b534a5c4a44d,2018-01-17,1,left_profile,-22.323814392089844,-81.22193908691406,23.34815788269043,2018_01_17.jpg,2018_01_17.jpg,filename_only,,,,,[],not_provided,,,0d18000103211309,,valid,valid,valid,0.47534235066789887,0.198128125,0.798035,1256,208
2018_01_24__413f426f9b53,2018-01-24,1,left_profile,-3.832671642303467,-61.992828369140625,2.075831890106201,2018_01_24.jpg,2018_01_24.jpg,filename_only,,,,,[],not_provided,,,983183822423262f,,valid,valid,valid,0.5062309221764821,0.2692875,0.798035,1257,209
2018_01_25__11c1db324e03,2018-01-25,1,right_light,22.04312515258789,20.450008392333984,0.6474637985229492,2018_01_25.jpg,2018_01_25.jpg,filename_only,,,,,[],not_provided,,,46939270f4d46cf9,,valid,valid,valid,0.5948080315886751,0.2725984375,0.798035,1258,112
2018_01_31__503c639e7a58,2018-01-31,1,left_mid,21.55619239807129,-26.918310165405273,0.7027444839477539,2018_01_31.jpg,2018_01_31.jpg,filename_only,,,,,[],not_provided,,,9584031b03030f0e,,valid,valid,valid,0.5740569604301436,0.2820609375,0.798035,1259,78
2018_02_01__eb1aaff31157,2018-02-01,1,left_light,6.42261266708374,-22.373546600341797,-1.0555427074432373,2018_02_01.jpg,2018_02_01.jpg,filename_only,,,,,[],not_provided,,,b0e978d4d4c4c461,,valid,valid,valid,0.6347139376627741,0.2992,0.798035,1260,162
2018_02_01_2__da28c2c9e22e,2018-02-01,2,left_profile,-35.47268295288086,-75.07322692871094,49.214447021484375,2018_02_01 (2).jpg,2018_02_01 (2).jpg,filename_only,,,,,[],not_provided,,,1834e4c2d4c0f0b0,,valid,valid,valid,0.4711417289758884,0.198503125,0.798035,1261,210
2018_02_08__17d0478c7ef3,2018-02-08,1,right_profile,-8.008761405944824,73.9723129272461,-7.091297626495361,2018_02_08.jpg,2018_02_08.jpg,filename_only,,,,,[],not_provided,,,cee29ebe9afad878,,valid,valid,valid,0.48326752359349184,0.2621671875,0.798035,1262,209
2018_02_15__2eb0f8919758,2018-02-15,1,left_profile,34.58512496948242,-61.49570083618164,-17.537357330322266,2018_02_15.jpg,2018_02_15.jpg,filename_only,,,,,[],not_provided,,,3c362c0486478699,,valid,valid,valid,0.4846397266795486,0.1993578125,0.798035,1263,211
2018_02_19__a8254754b37b,2018-02-19,1,right_mid,17.2186279296875,32.02320861816406,0.19511522352695465,2018_02_19.jpg,2018_02_19.jpg,filename_only,,,,,[],not_provided,,,766264e4c49ccd09,,valid,valid,valid,0.5941639362625668,0.299975,0.798035,1264,69
2018_03_01__ebb49322c29a,2018-03-01,1,right_light,0.6823490858078003,15.766242980957031,0.17511312663555145,2018_03_01.jpg,2018_03_01.jpg,filename_only,,,,,[],not_provided,,,3679615272f26f7f,,valid,valid,valid,0.6447114172897589,0.3323203125,0.798035,1265,113
2018_03_02__55585cd87fc1,2018-03-02,1,right_light,6.45673131942749,23.71416664123535,-3.900195837020874,2018_03_02.jpg,2018_03_02.jpg,filename_only,,,,,[],not_provided,,,969f6e6e3dbe9ecf,,valid,valid,valid,0.6235682881066398,0.33670006071645414,0.798035,1266,114
2018_03_07__84482e57967d,2018-03-07,1,left_profile,28.90996551513672,-73.66326141357422,-16.80769920349121,2018_03_07.jpg,2018_03_07.jpg,filename_only,,,,,[],not_provided,,,5e920383c3c387cf,,valid,valid,valid,0.47607045842784734,0.1976546875,0.798035,1267,212
2018_03_10__d5b8b2b013c5,2018-03-10,1,right_light,14.555680274963379,18.743234634399414,-7.838217258453369,2018_03_10.jpg,2018_03_10.jpg,filename_only,,,,,[],not_provided,,,922e2c2d3d3d1d3d,,valid,valid,valid,0.6021451174773866,0.3259046875,0.798035,1268,115
2018_03_12__493172a3c65e,2018-03-12,1,right_deep,7.012542247772217,45.74323654174805,-0.14094692468643188,2018_03_12.jpg,2018_03_12.jpg,filename_only,,,,,[],not_provided,,,c6f2f1f44c7c787b,,valid,valid,valid,0.5660477750707105,0.270021875,0.798035,1269,26
2018_03_15__b78997332b4e,2018-03-15,1,left_profile,-0.47405779361724854,-57.46937942504883,13.495805740356445,2018_03_15.jpg,2018_03_15.jpg,filename_only,,,,,[],not_provided,,,9a33632361232386,,valid,valid,valid,0.5255257778151167,0.270721875,0.798035,1270,213
2018_03_20__2b55fa0622df,2018-03-20,1,left_light,4.098085880279541,-24.80796241760254,-1.078201413154602,2018_03_20.jpg,2018_03_20.jpg,filename_only,,,,,[],not_provided,,,39207c939999870d,,valid,valid,valid,0.6294771626200678,0.3297453125,0.798035,1271,163
2018_03_20_2__c9cf08eb6c24,2018-03-20,2,right_profile,-88.2286605834961,82.82445526123047,-86.3641128540039,2018_03_20 (2).jpg,2018_03_20 (2).jpg,filename_only,,,,,[],not_provided,,,0d47361c36361357,,valid,valid,valid,0.4497465624912487,0.1815484375,0.798035,1272,210
2018_04_02__4c5c04c16582,2018-04-02,1,right_profile,13.56063461303711,68.42965698242188,-10.208136558532715,2018_04_02.jpg,2018_04_02.jpg,filename_only,,,,,[],not_provided,,,961e2b1f3f3736ce,,valid,valid,valid,0.49242487888207453,0.2361703125,0.798035,1273,211
2018_04_04__4640b0d36354,2018-04-04,1,left_profile,1.065913200378418,-58.75535202026367,3.3552494049072266,2018_04_04.jpg,2018_04_04.jpg,filename_only,,,,,[],not_provided,,,bdb322838783278f,,valid,valid,valid,0.5064269511887759,0.2753703125,0.798035,1274,214
2018_04_06__f6874cedd349,2018-04-06,1,left_light,9.515427589416504,-17.803955078125,0.3689902722835541,2018_04_06.jpg,2018_04_06.jpg,filename_only,,,,,[],not_provided,,,f179f191b1834723,,valid,valid,valid,0.641939006973032,0.3280703125,0.798035,1275,164
2018_04_25__f23dfad77b57,2018-04-25,1,left_profile,14.344356536865234,-55.75608825683594,-14.960488319396973,2018_04_25.jpg,2018_04_25.jpg,filename_only,,,,,[],not_provided,,,ce9b63838dc3c70d,,valid,valid,valid,0.5237055084152454,0.25450625,0.798035,1276,215
2018_04_26__63b4dedfd744,2018-04-26,1,right_profile,2.119405508041382,70.43281555175781,-6.937772274017334,2018_04_26.jpg,2018_04_26.jpg,filename_only,,,,,[],not_provided,,,c6838b0e1e1e1292,,valid,valid,valid,0.4880562323223837,0.22403125,0.798035,1277,212
2018_04_27__e40ca7bfb4fe,2018-04-27,1,left_mid,18.74300193786621,-34.78313446044922,-12.551727294921875,2018_04_27.jpg,2018_04_27.jpg,filename_only,,,,,[],not_provided,,,90e1c4c88084c160,,valid,valid,valid,0.5946680108656082,0.29158125,0.798035,1278,79
2018_04_28__9e84f114123b,2018-04-28,1,right_light,22.47926139831543,15.162762641906738,-0.1533772200345993,2018_04_28.jpg,2018_04_28.jpg,filename_only,,,,,[],not_provided,,,84861604160e8fcd,,valid,valid,valid,0.5992326864375928,0.255521875,0.798035,1279,116
2018_05_03__b0b3e650f999,2018-05-03,1,frontal,17.214651107788086,-5.921198844909668,0.9076645374298096,2018_05_03.jpg,2018_05_03.jpg,filename_only,,,,,[],not_provided,,,b6d22123238317ce,,valid,valid,valid,0.6412949116469238,0.2944853295908074,0.798035,1280,357
2018_05_24__0485dd1e6330,2018-05-24,1,frontal,2.8933217525482178,-0.8022300004959106,-0.10326551645994186,2018_05_24.jpg,2018_05_24.jpg,filename_only,,,,,[],not_provided,,,969737372b23164d,,valid,valid,valid,0.728639838696127,0.29841875,0.798035,1281,358
2018_05_24_2__2c4c770aa457,2018-05-24,2,right_profile,8.314347267150879,66.1722183227539,-13.040421485900879,2018_05_24 (2).jpg,2018_05_24 (2).jpg,filename_only,,,,,[],not_provided,,,d24b2f0f0f1b9a46,,valid,valid,valid,0.5006300932538016,0.2583296875,0.798035,1282,213
2018_05_30__ef088adaf6a7,2018-05-30,1,left_light,1.6323186159133911,-16.592512130737305,-0.0773712545633316,2018_05_30.jpg,2018_05_30.jpg,filename_only,,,,,[],not_provided,,,1d2510021410060d,,valid,valid,valid,0.6831611078439609,0.3387375,0.798035,1283,165
2018_05_30_2__b2ee7435198e,2018-05-30,2,left_profile,19.54822540283203,-80.60427856445312,-20.26753044128418,2018_05_30 (2).jpg,2018_05_30 (2).jpg,filename_only,,,,,[],not_provided,,,1e3f07070713078f,,valid,valid,valid,0.46248844829034697,0.1856703125,0.798035,1284,216
2018_05_31__bee50dcf5f3c,2018-05-31,1,right_profile,15.43557071685791,55.59291076660156,-9.832673072814941,2018_05_31.jpg,2018_05_31.jpg,filename_only,,,,,[],not_provided,,,d20b2f0f0f3f168e,,valid,valid,valid,0.5187767789632866,0.26358125,0.798035,1285,214
2018_06_05_2__8ea8727fc0b6,2018-06-05,2,right_deep,-6.383306503295898,40.91594696044922,-11.460844039916992,2018_06_05(2).jpg,2018_06_05(2).jpg,filename_only,,,,,[],not_provided,,,606361636565e3e1,,valid,valid,valid,0.5921756419950153,0.3456265625,0.757326,1286,27
2018_06_05_4__952212a71182,2018-06-05,4,right_light,7.321552753448486,13.78339672088623,-9.277596473693848,2018_06_05(4).jpg,2018_06_05(4).jpg,filename_only,,,,,[],not_provided,,,990d232707131f1f,,valid,valid,valid,0.664118289506847,0.5754642409033877,0.798035,1287,117
2018_06_05_5__6e50bc06a09c,2018-06-05,5,frontal,8.991458892822266,-3.8414416313171387,0.31925252079963684,2018_06_05(5).jpg,2018_06_05(5).jpg,filename_only,,,,,[],not_provided,,,b69f9f97ab8f9d8d,,valid,valid,valid,0.6763841048475174,0.31891583229036297,0.798035,1288,359
2018_06_08__f7d6e36a0e6f,2018-06-08,1,left_light,8.301834106445312,-11.743391036987305,-0.12580226361751556,2018_06_08.jpg,2018_06_08.jpg,filename_only,,,,,[],not_provided,,,92b171f0d0506071,,valid,valid,valid,0.6551569632305582,0.3083796875,0.798035,1289,166
2018_06_10__aa7dc1657d36,2018-06-10,1,left_mid,17.503311157226562,-34.54093933105469,0.008088330738246441,2018_06_10.jpg,2018_06_10.jpg,filename_only,,,,,[],not_provided,,,3c69c8cacec7cd41,,valid,valid,valid,0.5911674927889328,0.2713796875,0.798035,1290,80
2018_06_12__28c2efbd7919,2018-06-12,1,right_profile,-10.23743724822998,68.15242767333984,-7.962709426879883,2018_06_12.jpg,2018_06_12.jpg,filename_only,,,,,[],not_provided,,,07332f3f5f4b797f,,valid,valid,valid,0.49981797306001285,0.308596875,0.798035,1291,215
2018_06_20__acb98a8ca839,2018-06-20,1,right_profile,-104.12306213378906,79.5509033203125,-126.02862548828125,2018_06_20.jpg,2018_06_20.jpg,filename_only,,,,,[],not_provided,,,7ce6d3bcb4ece876,,valid,valid,valid,0.42084628525021706,0.183896875,0.798035,1292,216
2018_06_23__fd4f0815c108,2018-06-23,1,right_light,3.4104533195495605,16.29096031188965,-0.17082899808883667,2018_06_23.jpg,2018_06_23.jpg,filename_only,,,,,[],not_provided,,,24b139293c3d1973,,valid,valid,valid,0.6546528886275169,0.286571875,0.798035,1293,118
2018_06_27__f64adace72c0,2018-06-27,1,left_profile,20.56585121154785,-71.40086364746094,0.00795332808047533,2018_06_27.jpg,2018_06_27.jpg,filename_only,,,,,[],not_provided,,,4986030611d34231,,valid,valid,valid,0.47049763364978014,0.1976234375,0.798035,1294,217
2018_07_06__aef122688948,2018-07-06,1,right_profile,-9.463273048400879,55.809566497802734,-19.688657760620117,2018_07_06.jpg,2018_07_06.jpg,filename_only,,,,,[],not_provided,,,6693191f1b3f9b8e,,valid,valid,valid,0.5404239827494469,0.231,0.798035,1295,217
2018_07_15__f152e67b5386,2018-07-15,1,frontal,6.33370304107666,2.039435386657715,0.0917784720659256,2018_07_15.jpg,2018_07_15.jpg,filename_only,,,,,[],not_provided,,,958383ab2b031646,,valid,valid,valid,0.6919824133971828,0.318640625,0.798035,1296,360
2018_07_16_1__2432acc288cd,2018-07-16,1,left_profile,2.084853172302246,-72.21112060546875,5.933487415313721,2018_07_16(1).jpg,2018_07_16(1).jpg,filename_only,,,,,[],not_provided,,,5c9c9f2727a7bf99,,valid,valid,valid,0.4879722198885435,0.099496875,0.798035,1297,218
2018_07_16_3__f69421a5ce02,2018-07-16,3,left_deep,5.328855037689209,-42.462364196777344,0.5614619255065918,2018_07_16(3).jpg,2018_07_16(3).jpg,filename_only,,,,,[],not_provided,,,949c24860e060696,,valid,valid,valid,0.5878910078691646,0.161240625,0.798035,1298,43
2018_07_16_4__92d33e1e3d42,2018-07-16,4,frontal,6.72321891784668,1.4748539924621582,-1.9095757007598877,2018_07_16(4).jpg,2018_07_16(4).jpg,filename_only,,,,,[],not_provided,,,4d54464a064e4f4b,,valid,valid,valid,0.7209667030720547,0.1247546875,0.798035,1299,361
2018_07_16_6__e72344acd7a1,2018-07-16,6,left_deep,12.800305366516113,-41.9318962097168,-4.94675350189209,2018_07_16(6).jpg,2018_07_16(6).jpg,filename_only,,,,,[],not_provided,,,670e93838787c6cc,,valid,valid,valid,0.5718726371502982,0.1593171875,0.798035,1300,44
2018_07_16_7__0eff486faa68,2018-07-16,7,left_profile,28.611228942871094,-56.60474395751953,-20.800512313842773,2018_07_16(7).jpg,2018_07_16(7).jpg,filename_only,,,,,[],not_provided,,,b83c2fcfcf878eb6,,valid,valid,valid,0.5070710465148842,0.16083072590738423,0.798035,1301,219
2018_07_19__a5eb551a4184,2018-07-19,1,frontal,3.997831106185913,6.683014869689941,-4.202477931976318,2018_07_19.jpg,2018_07_19.jpg,filename_only,,,,,[],not_provided,,,96929637233b1e8e,,valid,valid,valid,0.705340390377776,0.3086421875,0.798035,1302,362
2018_07_20__c951944b1a41,2018-07-20,1,left_light,22.3859920501709,-19.01519012451172,-0.005605130456387997,2018_07_20.jpg,2018_07_20.jpg,filename_only,,,,,[],not_provided,,,b723031143404327,,valid,valid,valid,0.5785656277129015,0.298571875,0.798035,1303,167
2018_07_26__a8530695db2c,2018-07-26,1,left_profile,-0.011691682040691376,-59.625606536865234,1.5381747484207153,2018_07_26.jpg,2018_07_26.jpg,filename_only,,,,,[],not_provided,,,bc30cc838d834e0c,,valid,valid,valid,0.5143241199697556,0.252571875,0.798035,1304,220
2018_07_29__ed15e03f26c6,2018-07-29,1,right_profile,-49.60985565185547,83.98773193359375,-65.7113037109375,2018_07_29.jpg,2018_07_29.jpg,filename_only,,,,,[],not_provided,,,23992f1ebe3eb471,,valid,valid,valid,0.4538631717494189,0.199296875,0.798035,1305,218
2018_07_30__4d985f29925c,2018-07-30,1,right_light,2.9703989028930664,10.313014030456543,6.459123611450195,2018_07_30.jpg,2018_07_30.jpg,filename_only,,,,,[],not_provided,,,8202230b2b0387c7,,valid,valid,valid,0.6914783387941416,0.4145109375,0.798035,1306,119
2018_08_03__2f2ac5c27bc3,2018-08-03,1,right_deep,10.036446571350098,48.433204650878906,-1.8329206705093384,2018_08_03.jpg,2018_08_03.jpg,filename_only,,,,,[],not_provided,,,361d1d1d3d3d1b47,,valid,valid,valid,0.5522137276316895,0.3055578125,0.798035,1307,28
2018_08_03_2__467d78345ec7,2018-08-03,2,frontal,8.572004318237305,0.15880659222602844,0.05726611614227295,2018_08_03 (2).jpg,2018_08_03 (2).jpg,filename_only,,,,,[],not_provided,,,f061f1e8e8d0f071,,valid,valid,valid,0.6911422890587807,0.3458109375,0.798035,1308,363
2018_08_04__6d71e44e8d1a,2018-08-04,1,left_profile,8.147971153259277,-59.49089050292969,-10.510960578918457,2018_08_04.jpg,2018_08_04.jpg,filename_only,,,,,[],not_provided,,,1ea3c7e7e7e3e3e1,,valid,valid,valid,0.5105435604469462,0.2752375,0.798035,1309,221
2018_08_08__4f09b0cdd3e6,2018-08-08,1,left_deep,15.461491584777832,-49.418094635009766,-0.5740231275558472,2018_08_08.jpg,2018_08_08.jpg,filename_only,,,,,[],not_provided,,,5b33439381c1e3a6,,valid,valid,valid,0.53493517040522,0.2770078125,0.798035,1310,45
2018_08_15_2__b0e1a24ff891,2018-08-15,2,left_light,24.052465438842773,-15.431535720825195,-6.251523971557617,2018_08_15 (2).jpg,2018_08_15 (2).jpg,filename_only,,,,,[],not_provided,,,9838b8b89898c8e9,,valid,valid,valid,0.5944719818533143,0.254425,0.798035,1311,168
2018_08_18__f54f83475abb,2018-08-18,1,left_profile,-3.185549020767212,-71.9419174194336,14.86991024017334,2018_08_18.jpg,2018_08_18.jpg,filename_only,,,,,[],not_provided,,,7c7e5f1f0fa62e89,,valid,valid,valid,0.48839228205774454,0.207753125,0.798035,1312,222
2018_08_20__299a7a89aa04,2018-08-20,1,right_profile,-31.114200592041016,63.51673126220703,-32.331905364990234,2018_08_20.jpg,2018_08_20.jpg,filename_only,,,,,[],not_provided,,,3128b8ba3d693b7f,,valid,valid,valid,0.5032624828474614,0.298346875,0.798035,1313,219
2018_08_24__fdd9ba7efae3,2018-08-24,1,left_mid,1.238141417503357,-37.11701583862305,-0.9919771552085876,2018_08_24.jpg,2018_08_24.jpg,filename_only,,,,,[],not_provided,,,18a0ccc4c8c0c060,,valid,valid,valid,0.606345739169397,0.31910625,0.798035,1314,81
2018_08_24_2__ad632ad30819,2018-08-24,2,right_profile,-4.342657089233398,67.8037338256836,-22.923051834106445,2018_08_24 (2).jpg,2018_08_24 (2).jpg,filename_only,,,,,[],not_provided,,,72cb6dd6da1a92f3,,valid,valid,valid,0.4992298860231314,0.2680375,0.798035,1315,220
2018_08_26__251929bbbaaa,2018-08-26,1,right_profile,-49.52838134765625,78.50957489013672,-48.413021087646484,2018_08_26.jpg,2018_08_26.jpg,filename_only,,,,,[],not_provided,,,58c0fc7e7e5e7839,,valid,valid,valid,0.4734100646895741,0.263721875,0.798035,1316,221
2018_09_01__20a9c35818a2,2018-09-01,1,left_deep,20.02964210510254,-48.83186721801758,-10.838578224182129,2018_09_01.jpg,2018_09_01.jpg,filename_only,,,,,[],not_provided,,,3620210c094b4604,,valid,valid,valid,0.5398358957125654,0.2519671875,0.798035,1317,46
2018_09_08__e4890fea2bcd,2018-09-08,1,frontal,6.218290328979492,-0.890745222568512,-0.2479308396577835,2018_09_08.jpg,2018_09_08.jpg,filename_only,,,,,[],not_provided,,,905970ece8cc6d29,,valid,valid,valid,0.7214147693858691,0.3474359375,0.798035,1318,364
2018_09_13__284a7b426328,2018-09-13,1,left_deep,11.459470748901367,-42.477745056152344,-2.3959221839904785,2018_09_13.jpg,2018_09_13.jpg,filename_only,,,,,[],not_provided,,,0682c5c5c1d2c061,,valid,valid,valid,0.5739169397070767,0.2888,0.798035,1319,47
2018_09_17__da73c2aeb0bc,2018-09-17,1,left_profile,-5.373544692993164,-69.07366943359375,4.316452980041504,2018_09_17.jpg,2018_09_17.jpg,filename_only,,,,,[],not_provided,,,9b73838387a72505,,valid,valid,valid,0.5016102383152706,0.2730125,0.798035,1320,223
2018_09_18__c3a4c869821c,2018-09-18,1,frontal,7.486127853393555,5.718095779418945,-0.3166896104812622,2018_09_18.jpg,2018_09_18.jpg,filename_only,,,,,[],not_provided,,,787c74dcf8dcdd29,,valid,valid,valid,0.6787924612842701,0.36999375,0.798035,1321,365
2018_09_19__5cbd9cfa38ef,2018-09-19,1,right_profile,-31.22381591796875,87.53478240966797,-25.592931747436523,2018_09_19.jpg,2018_09_19.jpg,filename_only,,,,,[],not_provided,,,4c86b3bdb9b39bca,,valid,valid,valid,0.4473942143437229,0.1879265625,0.798035,1322,222
2018_09_30__b9e08ca38cc4,2018-09-30,1,right_light,13.26376724243164,18.30402183532715,-0.25278881192207336,2018_09_30.jpg,2018_09_30.jpg,filename_only,,,,,[],not_provided,,,999d3c3c3e3e9e0e,,valid,valid,valid,0.6192836539807891,0.3126828125,0.798035,1323,120
2018_10_03__7ede8a070bc9,2018-10-03,1,left_light,14.60996150970459,-19.832042694091797,0.16921333968639374,2018_10_03.jpg,2018_10_03.jpg,filename_only,,,,,[],not_provided,,,3d2e8f1f170f0c0c,,valid,valid,valid,0.6082220168584951,0.30785625,0.798035,1324,169
2018_10_05__eb6b609c800e,2018-10-05,1,right_mid,6.026828765869141,30.63290786743164,0.15689754486083984,2018_10_05.jpg,2018_10_05.jpg,filename_only,,,,,[],not_provided,,,66564c2dac3d1d0d,,valid,valid,valid,0.6041054076003248,0.33165625,0.798035,1325,70
2018_10_09__d8e22547b274,2018-10-09,1,right_profile,17.781877517700195,53.71482467651367,6.123020172119141,2018_10_09.jpg,2018_10_09.jpg,filename_only,,,,,[],not_provided,,,361fdede2c7cf8b1,,valid,valid,valid,0.5233974628244981,0.302171875,0.798035,1326,223
2018_10_19__a8b0c9c1ed12,2018-10-19,1,left_profile,1.2425756454467773,-77.19691467285156,16.72232437133789,2018_10_19.jpg,2018_10_19.jpg,filename_only,,,,,[],not_provided,,,3179c88c8481e161,,valid,valid,valid,0.47069366266207396,0.196896875,0.798035,1327,224
2018_10_24__cf26821266bc,2018-10-24,1,right_profile,-11.834654808044434,66.43418884277344,-21.640169143676758,2018_10_24.jpg,2018_10_24.jpg,filename_only,,,,,[],not_provided,,,eeb68916da3a18d8,,valid,valid,valid,0.49452518972807974,0.2757171875,0.798035,1328,224
2018_10_24_2__68a3322bccf4,2018-10-24,2,frontal,14.898391723632812,-3.148057460784912,0.23000703752040863,2018_10_24 (2).jpg,2018_10_24 (2).jpg,filename_only,,,,,[],not_provided,,,960606032b074549,,valid,valid,valid,0.667870844885043,0.308246875,0.798035,1329,366
2018_10_31__c9d57db5286c,2018-10-31,1,left_mid,15.740378379821777,-34.290313720703125,-1.3651999235153198,2018_10_31.jpg,2018_10_31.jpg,filename_only,,,,,[],not_provided,,,3dad8b0b0f07060f,,valid,valid,valid,0.589655268979809,0.2813625,0.798035,1330,82
2018_11_02__e816806e5e92,2018-11-02,1,frontal,16.913278579711914,6.982104301452637,-0.55716472864151,2018_11_02.jpg,2018_11_02.jpg,filename_only,,,,,[],not_provided,,,4a444cd2cedf4f2f,,valid,valid,valid,0.6409308577669495,0.356278125,0.793176,1331,367
2018_11_10__77c7658ed771,2018-11-10,1,left_profile,-3.7520132064819336,-67.11358642578125,0.34365347027778625,2018_11_10.jpg,2018_11_10.jpg,filename_only,,,,,[],not_provided,,,9e3b234b0727874f,,valid,valid,valid,0.49348903637738384,0.22878125,0.798035,1332,225
2018_11_11__0703207a6c71,2018-11-11,1,right_light,10.676847457885742,19.12819480895996,-10.860312461853027,2018_11_11.jpg,2018_11_11.jpg,filename_only,,,,,[],not_provided,,,d2c393c6a6068ede,,valid,valid,valid,0.6218320311406088,0.3175578125,0.798035,1333,121
2018_11_19__6f3ce97b05c8,2018-11-19,1,right_profile,-22.969968795776367,72.37923431396484,-36.50481033325195,2018_11_19.jpg,2018_11_19.jpg,filename_only,,,,,[],not_provided,,,0333593f3f773797,,valid,valid,valid,0.48839228205774454,0.2805578125,0.798035,1334,225
2018_11_21__52e767c56fb3,2018-11-21,1,frontal,21.77039337158203,2.1361379623413086,-0.0009162058122456074,2018_11_21.jpg,2018_11_21.jpg,filename_only,,,,,[],not_provided,,,569e9f2b0f0f8e8e,,valid,valid,valid,0.6300092413677224,0.3032875,0.798035,1335,368
2018_11_28__2ad610d522f0,2018-11-28,1,right_light,-2.7503864765167236,13.629948616027832,-0.21286198496818542,2018_11_28.jpg,2018_11_28.jpg,filename_only,,,,,[],not_provided,,,b2d9e5aed6d39f0f,,valid,valid,valid,0.6934946372063066,0.376703125,0.798035,1336,122
2018_12_01__397489003900,2018-12-01,1,left_profile,-1.466872215270996,-79.32766723632812,-1.306602120399475,2018_12_01.jpg,2018_12_01.jpg,filename_only,,,,,[],not_provided,,,8d392e838703270d,,valid,valid,valid,0.47405416001568235,0.198828125,0.798035,1337,226
2018_12_01_2__cba2a2fc321a,2018-12-01,2,frontal,12.720972061157227,-8.239295959472656,0.06961563229560852,2018_12_01 (2).jpg,2018_12_01 (2).jpg,filename_only,,,,,[],not_provided,,,97a39393a1c3c346,,valid,valid,valid,0.6595536139348623,0.318978125,0.798035,1338,369
2018_12_03__e3c7f01d0474,2018-12-03,1,right_light,24.762914657592773,24.036537170410156,1.9985922574996948,2018_12_03.jpg,2018_12_03.jpg,filename_only,,,,,[],not_provided,,,4686d6c0d4cccd69,,valid,valid,valid,0.589935310425943,0.2667203125,0.798035,1339,123
2018_12_07__f531a5cd5bf2,2018-12-07,1,left_mid,-5.540738582611084,-33.86180114746094,-1.9681448936462402,2018_12_07.jpg,2018_12_07.jpg,filename_only,,,,,[],not_provided,,,787074dcd8dcd101,,valid,valid,valid,0.6137948416365622,0.3316,0.798035,1340,83
2018_12_12__a7aed2b778d7,2018-12-12,1,right_profile,-15.221063613891602,77.87834167480469,-24.13458251953125,2018_12_12.jpg,2018_12_12.jpg,filename_only,,,,,[],not_provided,,,2633393f3f373386,,valid,valid,valid,0.47940295163684227,0.2490203125,0.798035,1341,226
2018_12_19__babeee10d143,2018-12-19,1,right_deep,12.046669006347656,47.874351501464844,1.6583679914474487,2018_12_19.jpg,2018_12_19.jpg,filename_only,,,,,[],not_provided,,,26122b4f4f2b1f8e,,valid,valid,valid,0.5499453919180038,0.3054859375,0.798035,1342,29
2018_12_20__29f381c597d9,2018-12-20,1,left_profile,33.57770538330078,-72.5714111328125,-34.40929412841797,2018_12_20.jpg,2018_12_20.jpg,filename_only,,,,,[],not_provided,,,4f91c1818183c344,,valid,valid,valid,0.46111624520429023,0.227803125,0.798035,1343,227
2018_12_27__55dfde800fbc,2018-12-27,1,frontal,8.360503196716309,8.060728073120117,-0.15368030965328217,2018_12_27.jpg,2018_12_27.jpg,filename_only,,,,,[],not_provided,,,24494154d4044d63,,valid,valid,valid,0.6802206726595537,0.358196875,0.798035,1344,370
2019_01_06__d6695924d99e,2019-01-06,1,left_mid,8.33954906463623,-31.33728790283203,-2.204221248626709,2019_01_06.jpg,2019_01_06.jpg,filename_only,,,,,[],not_provided,,,2f4af7068a03476e,,valid,valid,valid,0.6278809263771038,0.208534375,0.798035,1345,84
2019_01_06_2__f7d00acf49ba,2019-01-06,2,right_mid,12.505890846252441,32.58750534057617,2.35943865776062,2019_01_06 (2).jpg,2019_01_06 (2).jpg,filename_only,,,,,[],not_provided,,,4676382c341c0c21,,valid,valid,valid,0.5978044750623093,0.192103125,0.798035,1346,71
2019_01_07__70294c44fe4e,2019-01-07,1,right_profile,-15.704835891723633,74.43549346923828,-13.591775894165039,2019_01_07.jpg,2019_01_07.jpg,filename_only,,,,,[],not_provided,,,8da5393c3e3e99d9,,valid,valid,valid,0.4836315774734661,0.2361640625,0.798035,1347,227
2019_01_22__3c823eb9f730,2019-01-22,1,left_light,13.305830955505371,-15.112890243530273,0.07884439080953598,2019_01_22.jpg,2019_01_22.jpg,filename_only,,,,,[],not_provided,,,4ed9d1f9f9696953,,valid,valid,valid,0.6292811336077739,0.1656015625,0.798035,1348,170
2019_01_23__cee9a62968ba,2019-01-23,1,frontal,17.418407440185547,-3.8002264499664307,-0.09909109771251678,2019_01_23.jpg,2019_01_23.jpg,filename_only,,,,,[],not_provided,,,169696c0ccc4c461,,valid,valid,valid,0.6572012657873365,0.3187125,0.798035,1349,371
2019_01_27__10488ae6d593,2019-01-27,1,left_profile,0.09830157458782196,-78.03105163574219,-1.3801333904266357,2019_01_27.jpg,2019_01_27.jpg,filename_only,,,,,[],not_provided,,,dcf1c19382c24461,,valid,valid,valid,0.47621047915091436,0.192025,0.798035,1350,228
2019_02_07__04972ede2b8f,2019-02-07,1,left_light,13.677099227905273,-14.465052604675293,0.6242979168891907,2019_02_07.jpg,2019_02_07.jpg,filename_only,,,,,[],not_provided,,,1693931313034346,,valid,valid,valid,0.6441233302528774,0.274496875,0.798035,1351,171
2019_02_12__1d566cf6c72d,2019-02-12,1,left_light,4.2054948806762695,-22.838743209838867,-1.5830929279327393,2019_02_12.jpg,2019_02_12.jpg,filename_only,,,,,[],not_provided,,,99f169c8d0c45073,,valid,valid,valid,0.6389145593547845,0.3009046875,0.798035,1352,172
2019_02_14__38e1822e3170,2019-02-14,1,left_profile,-20.169857025146484,-79.17538452148438,31.389034271240234,2019_02_14.jpg,2019_02_14.jpg,filename_only,,,,,[],not_provided,,,5f3be7c1c1f1f3f7,,valid,valid,valid,0.4699095466128987,0.176134375,0.798035,1353,229
2019_02_15__daa7d067a3bc,2019-02-15,1,left_light,8.540063858032227,-16.869131088256836,-0.027465149760246277,2019_02_15.jpg,2019_02_15.jpg,filename_only,,,,,[],not_provided,,,16746c7454544c79,,valid,valid,valid,0.6370662858102999,0.2903765625,0.798035,1354,173
2019_02_15_2__4e86e7225d61,2019-02-15,2,right_profile,-47.33892059326172,72.2601318359375,-45.18549728393555,2019_02_15 (2).jpg,2019_02_15 (2).jpg,filename_only,,,,,[],not_provided,,,4c06b38e5fdb9949,,valid,valid,valid,0.47702259934470304,0.2328625,0.798035,1355,228
2019_02_20__d90c92b569d9,2019-02-20,1,right_profile,-84.35497283935547,78.65670776367188,-84.54932403564453,2019_02_20.jpg,2019_02_20.jpg,filename_only,,,,,[],not_provided,,,5c4e333c3e3c1c9b,,valid,valid,valid,0.45114676972191886,0.1816484375,0.798035,1356,229
2019_02_22__718e79c4ce53,2019-02-22,1,frontal,5.422806262969971,-5.221911430358887,0.1516963541507721,2019_02_22.jpg,2019_02_22.jpg,filename_only,,,,,[],not_provided,,,9d94941696960c29,,valid,valid,valid,0.6946148029908427,0.15825,0.798035,1357,372
2019_02_27__7184c88f277f,2019-02-27,1,frontal,7.965559959411621,-1.083356499671936,0.006200904492288828,2019_02_27.jpg,2019_02_27.jpg,filename_only,,,,,[],not_provided,,,94949481e8cdcd29,,valid,valid,valid,0.692066425831023,0.2371140625,0.798035,1358,373
2019_02_28__0b0c9cf08a8d,2019-02-28,1,left_profile,3.499488115310669,-53.346473693847656,-1.2161961793899536,2019_02_28.jpg,2019_02_28.jpg,filename_only,,,,,[],not_provided,,,9f1347d785c7c765,,valid,valid,valid,0.5380156263126943,0.2727171875,0.798035,1359,230
2019_03_03__89312f089d3c,2019-03-03,1,frontal,22.685300827026367,-3.888542652130127,0.19100281596183777,2019_03_03.jpg,2019_03_03.jpg,filename_only,,,,,[],not_provided,,,96966869f8dc4d29,,valid,valid,valid,0.625808619675712,0.2116953125,0.798035,1360,374
2019_03_03_2__b922379535d0,2019-03-03,2,right_deep,10.37980842590332,44.48664474487305,0.7391656041145325,2019_03_03 (2).jpg,2019_03_03 (2).jpg,filename_only,,,,,[],not_provided,,,47931f2f0f1f8e4c,,valid,valid,valid,0.5749250889131592,0.250309375,0.798035,1361,30
2019_03_18__087cb670c636,2019-03-18,1,left_profile,-26.343259811401367,-84.0362777709961,49.08793258666992,2019_03_18.jpg,2019_03_18.jpg,filename_only,,,,,[],not_provided,,,26c7cfd7e0e86372,,valid,valid,valid,0.454703296087821,0.1398625,0.798035,1362,231
2019_03_18_2__9b631744b287,2019-03-18,2,frontal,1.095791220664978,-2.6501686573028564,-0.2669091522693634,2019_03_18 (2).jpg,2019_03_18 (2).jpg,filename_only,,,,,[],not_provided,,,25b5d4b6aa6a464d,,valid,valid,valid,0.7214427735304825,0.3070890625,0.798035,1363,375
2019_03_18_3__f4313635d037,2019-03-18,3,right_deep,12.958077430725098,40.94429016113281,2.7572977542877197,2019_03_18 (3).jpg,2019_03_18 (3).jpg,filename_only,,,,,[],not_provided,,,8d1fdfeccc5c2c79,,valid,valid,valid,0.5828502618387521,0.3104453125,0.798035,1364,31
2019_03_19__73e004a0f7f4,2019-03-19,1,frontal,10.643479347229004,0.3395645320415497,-0.15132689476013184,2019_03_19.jpg,2019_03_19.jpg,filename_only,,,,,[],not_provided,,,9f9e9cb8b89dcde9,,valid,valid,valid,0.6958749894984457,0.2852171875,0.798035,1365,376
2019_03_26__7a2cb0ee35e7,2019-03-26,1,frontal,10.081319808959961,-2.9791781902313232,0.06450334191322327,2019_03_26.jpg,2019_03_26.jpg,filename_only,,,,,[],not_provided,,,9cd47ab8780c1a17,,valid,valid,valid,0.672323503878574,0.2036421875,0.798035,1366,377
2019_03_28__274d39ba2359,2019-03-28,1,right_profile,-15.385900497436523,72.4292221069336,-35.6425895690918,2019_03_28.jpg,2019_03_28.jpg,filename_only,,,,,[],not_provided,,,b9bca662ec783030,,valid,valid,valid,0.48937242711921364,0.2039375,0.798035,1367,230
2019_04_10__d431793f2c70,2019-04-10,1,frontal,4.968228340148926,-7.7405266761779785,-0.13833491504192352,2019_04_10.jpg,2019_04_10.jpg,filename_only,,,,,[],not_provided,,,153f0f1f1e0f0f09,,valid,valid,valid,0.7112772690358173,0.29356875,0.798035,1368,378
2019_04_12__7d289033961e,2019-04-12,1,left_light,4.511214733123779,-12.454095840454102,0.2662244439125061,2019_04_12.jpg,2019_04_12.jpg,filename_only,,,,,[],not_provided,,,eedafc7e6ac8c3e7,,valid,valid,valid,0.6824049959393991,0.2970984375,0.798035,1369,174
2019_04_17__f6fb6c820f2c,2019-04-17,1,frontal,16.57387924194336,0.9553688168525696,0.03575678542256355,2019_04_17.jpg,2019_04_17.jpg,filename_only,,,,,[],not_provided,,,579699391c1c291a,,valid,valid,valid,0.6581254025595789,0.2043234375,0.798035,1370,379
2019_04_17_2__3e61ad6a985e,2019-04-17,2,right_profile,17.401775360107422,52.44209289550781,11.308066368103027,2019_04_17 (2).jpg,2019_04_17 (2).jpg,filename_only,,,,,[],not_provided,,,3165c3cdc5434b6f,,valid,valid,valid,0.53493517040522,0.2521328125,0.798035,1371,231
2019_04_18__ce47c7bd9df5,2019-04-18,1,left_profile,-58.12726974487305,-74.45774841308594,57.334476470947266,2019_04_18.jpg,2019_04_18.jpg,filename_only,,,,,[],not_provided,,,9bb8f4848484e162,,valid,valid,valid,0.4690414181298832,0.191546875,0.798035,1372,232
2019_04_23__af2ef92dce94,2019-04-23,1,right_light,19.268720626831055,10.742329597473145,-0.3738112151622772,2019_04_23.jpg,2019_04_23.jpg,filename_only,,,,,[],not_provided,,,4687ced092cdc5e9,,valid,valid,valid,0.6116105183567168,0.3178515625,0.798035,1373,124
2019_04_24__cde66f7541cb,2019-04-24,1,left_light,19.193126678466797,-24.713621139526367,-0.9030505418777466,2019_04_24.jpg,2019_04_24.jpg,filename_only,,,,,[],not_provided,,,91a1e048c0424460,,valid,valid,valid,0.5993727071606598,0.25484375,0.798035,1374,175
2019_04_24_2__87f5716de81f,2019-04-24,2,right_profile,-31.178882598876953,66.8387680053711,-40.596866607666016,2019_04_24 (2).jpg,2019_04_24 (2).jpg,filename_only,,,,,[],not_provided,,,e4b69a0e1e1e1e18,,valid,valid,valid,0.492872945195889,0.254375,0.798035,1375,232
2019_04_25__9d8ac2348eb7,2019-04-25,1,left_profile,11.358160018920898,-59.04645538330078,-13.526456832885742,2019_04_25.jpg,2019_04_25.jpg,filename_only,,,,,[],not_provided,,,9c30190c0949d745,,valid,valid,valid,0.518944803830967,0.2432984375,0.798035,1376,233
2019_05_10__4c4702fb15fa,2019-05-10,1,left_profile,-11.09807300567627,-93.46239471435547,33.67649841308594,2019_05_10.jpg,2019_05_10.jpg,filename_only,,,,,[],not_provided,,,68c0e0c8c0d0c6dd,,valid,valid,valid,0.4283233918619956,0.121684375,0.798035,1377,234
2019_05_13__d9cc426359e6,2019-05-13,1,left_light,11.733028411865234,-20.80671501159668,6.918677806854248,2019_05_13.jpg,2019_05_13.jpg,filename_only,,,,,[],not_provided,,,ce8726061303870e,,valid,valid,valid,0.607101851073959,0.231646875,0.798035,1378,176
2019_05_13_2__93a3a5512fbe,2019-05-13,2,left_light,17.34442138671875,-20.24505043029785,-0.07062757015228271,2019_05_13 (2).jpg,2019_05_13 (2).jpg,filename_only,,,,,[],not_provided,,,9797131b0b030706,,valid,valid,valid,0.6084460500154023,0.21303125,0.798035,1379,177
2019_05_14__2e3623ae8ffd,2019-05-14,1,left_profile,10.251068115234375,-69.49317169189453,-11.687912940979004,2019_05_14.jpg,2019_05_14.jpg,filename_only,,,,,[],not_provided,,,bcfcc6868686c561,,valid,valid,valid,0.4881122406116105,0.279484375,0.798035,1380,235
2019_05_20__a4546d228c24,2019-05-20,1,right_profile,-4.5260419845581055,81.55319213867188,-1.0971933603286743,2019_05_20.jpg,2019_05_20.jpg,filename_only,,,,,[],not_provided,,,0d45351cb434505b,,valid,valid,valid,0.4708896916743678,0.236734375,0.798035,1381,233
2019_05_30__9b97dc9e164a,2019-05-30,1,right_mid,3.5613901615142822,29.033185958862305,1.2714952230453491,2019_05_30.jpg,2019_05_30.jpg,filename_only,,,,,[],not_provided,,,922e2f2f273f1f0f,,valid,valid,valid,0.6216640062729284,0.3716109375,0.798035,1382,72
2019_06_13__71900ef454a5,2019-06-13,1,left_light,1.8043314218521118,-17.08094024658203,-0.2115052342414856,2019_06_13.jpg,2019_06_13.jpg,filename_only,,,,,[],not_provided,,,c8d87474c45c6725,,valid,valid,valid,0.6644543392422079,0.265234375,0.798035,1383,178
2019_06_19__92a46c4147ab,2019-06-19,1,left_light,21.2310848236084,-13.04765796661377,-9.535799026489258,2019_06_19.jpg,2019_06_19.jpg,filename_only,,,,,[],not_provided,,,23e3cbeb636366be,,valid,valid,valid,0.617183343134784,0.19555,0.798035,1384,179
2019_06_20__21fc0f922768,2019-06-20,1,frontal,2.667271852493286,8.498211860656738,0.269250750541687,2019_06_20.jpg,2019_06_20.jpg,filename_only,,,,,[],not_provided,,,96f3e5e4c6c44c6b,,valid,valid,valid,0.6832451202778012,0.3278125,0.798035,1385,380
2019_06_22__6672a108bd2f,2019-06-22,1,left_profile,-3.4654488563537598,-71.06681060791016,2.098848581314087,2019_06_22.jpg,2019_06_22.jpg,filename_only,,,,,[],not_provided,,,0918340484a4e121,,valid,valid,valid,0.48732812456243524,0.194253125,0.798035,1386,236
2019_06_22_2__b1fa7a1c9832,2019-06-22,2,right_profile,7.160521507263184,67.81385803222656,7.908590316772461,2019_06_22 (2).jpg,2019_06_22 (2).jpg,filename_only,,,,,[],not_provided,,,196df73d5c1d193b,,valid,valid,valid,0.49368506538967766,0.176390625,0.798035,1387,234
2019_06_26__f22a1b886c1e,2019-06-26,1,frontal,13.827855110168457,-3.6172213554382324,0.1292485147714615,2019_06_26.jpg,2019_06_26.jpg,filename_only,,,,,[],not_provided,,,5ddedc597c6d69f3,,valid,valid,valid,0.6746478478814865,0.19178125,0.798035,1388,381
2019_06_30__8f8bbd4a9a02,2019-06-30,1,left_profile,11.823310852050781,-54.85009002685547,3.621159553527832,2019_06_30.jpg,2019_06_30.jpg,filename_only,,,,,[],not_provided,,,4c98bccecc042430,,valid,valid,valid,0.5180206670587247,0.192953125,0.798035,1389,237
2019_07_04__5a9d9b640e23,2019-07-04,1,left_deep,9.562787055969238,-49.8526611328125,-3.4483482837677,2019_07_04.jpg,2019_07_04.jpg,filename_only,,,,,[],not_provided,,,4edcdc6464606468,,valid,valid,valid,0.5559942871544988,0.154009375,0.798035,1390,48
2019_07_07__8e3aae67f473,2019-07-07,1,right_light,5.260307788848877,18.690593719482422,-0.11570798605680466,2019_07_07.jpg,2019_07_07.jpg,filename_only,,,,,[],not_provided,,,c32323a323028624,,valid,valid,valid,0.6429191520345011,0.3084265625,0.798035,1391,125
2019_07_09__b33f16d26224,2019-07-09,1,frontal,1.6842433214187622,4.4776291847229,0.05340215191245079,2019_07_09.jpg,2019_07_09.jpg,filename_only,,,,,[],not_provided,,,96f161d4e04c6923,,valid,valid,valid,0.712229409952673,0.26154613466334165,0.798035,1392,382
2019_07_19__102aea624fec,2019-07-19,1,left_deep,23.29356575012207,-45.755897521972656,-16.675662994384766,2019_07_19.jpg,2019_07_19.jpg,filename_only,,,,,[],not_provided,,,4a1b9b85852387cc,,valid,valid,valid,0.5450446666106584,0.2265703125,0.798035,1393,49
2019_07_19_2__8b653dcc7d5a,2019-07-19,2,frontal,3.710559368133545,9.874055862426758,0.0478237010538578,2019_07_19 (2).jpg,2019_07_19 (2).jpg,filename_only,,,,,[],not_provided,,,17b33313ab735b4f,,valid,valid,valid,0.6918423926741157,0.320759375,0.798035,1394,383
2019_07_28__a82fa1aea61e,2019-07-28,1,frontal,9.622734069824219,3.6684632301330566,0.12456289678812027,2019_07_28.jpg,2019_07_28.jpg,filename_only,,,,,[],not_provided,,,76f9f9f9fb536367,,valid,valid,valid,0.6599176678148366,0.3088920099875156,0.798035,1395,384
2019_08_10_2__f1a91ee19ea7,2019-08-10,2,left_deep,17.87454605102539,-48.66364669799805,-11.985197067260742,2019_08_10 (2).jpg,2019_08_10 (2).jpg,filename_only,,,,,[],not_provided,,,ecccc8ccece0e060,,valid,valid,valid,0.5431683889215604,0.154890625,0.798035,1396,50
2019_08_19__920b7a6ebf72,2019-08-19,1,right_light,9.553996086120605,10.049501419067383,-0.21024015545845032,2019_08_19.jpg,2019_08_19.jpg,filename_only,,,,,[],not_provided,,,d6dbf3dbf3afd64c,,valid,valid,valid,0.6661905962082388,0.34358125,0.798035,1397,126
2019_08_20__df14c5039037,2019-08-20,1,frontal,18.01988983154297,1.7209395170211792,0.10193032026290894,2019_08_20.jpg,2019_08_20.jpg,filename_only,,,,,[],not_provided,,,849e963a28144d29,,valid,valid,valid,0.6494721218740374,0.24509375,0.798035,1398,385
2019_08_21__08bb993cce38,2019-08-21,1,left_profile,-16.939308166503906,-69.69185638427734,13.935778617858887,2019_08_21.jpg,2019_08_21.jpg,filename_only,,,,,[],not_provided,,,c99973cbc6f6232c,,valid,valid,valid,0.49477722702960036,0.235934375,0.798035,1399,238
2019_08_23__1a5dcc1d2f5b,2019-08-23,1,frontal,9.703742980957031,-6.175906181335449,0.49716708064079285,2019_08_23.jpg,2019_08_23.jpg,filename_only,,,,,[],not_provided,,,515b0a4b9b8b4766,,valid,valid,valid,0.6729395950600688,0.18785625,0.798035,1400,386
2019_08_23_2__d9f7051ee412,2019-08-23,2,right_profile,-39.94023132324219,76.14910125732422,-38.4170036315918,2019_08_23 (2).jpg,2019_08_23 (2).jpg,filename_only,,,,,[],not_provided,,,e0c8c8c8c8c8e4f4,,valid,valid,valid,0.4757064045478731,0.2674484375,0.798035,1401,235
2019_08_31__f05cacf7b0d3,2019-08-31,1,frontal,10.024806022644043,-9.05083179473877,0.15693126618862152,2019_08_31.jpg,2019_08_31.jpg,filename_only,,,,,[],not_provided,,,da54686a5646663d,,valid,valid,valid,0.6710913215155843,0.3262890625,0.798035,1402,387
2019_09_02__8248eef506db,2019-09-02,1,left_deep,2.800245523452759,-44.54195785522461,11.89255428314209,2019_09_02.jpg,2019_09_02.jpg,filename_only,,,,,[],not_provided,,,2838ccc8c8c6cfe3,,valid,valid,valid,0.5852306141308914,0.174828125,0.798035,1403,51
2019_09_03__9cea75cd5caa,2019-09-03,1,right_profile,-5.09901237487793,68.66197204589844,-1.038846731185913,2019_09_03.jpg,2019_09_03.jpg,filename_only,,,,,[],not_provided,,,4ee3d98ecc6c7c79,,valid,valid,valid,0.49777367050323446,0.2180734375,0.798035,1404,236
2019_09_04__30f1e7615326,2019-09-04,1,frontal,13.139628410339355,-2.645418405532837,-0.33012181520462036,2019_09_04.jpg,2019_09_04.jpg,filename_only,,,,,[],not_provided,,,5696961f3b0fcece,,valid,valid,valid,0.6925424962894509,0.2567171875,0.798035,1405,388
2019_09_05__aa9caf05d663,2019-09-05,1,left_profile,-6.7149553298950195,-63.51408767700195,17.146739959716797,2019_09_05.jpg,2019_09_05.jpg,filename_only,,,,,[],not_provided,,,deb626068f060e9d,,valid,valid,valid,0.5054188019826934,0.1681,0.798035,1406,239
2019_09_12__8c366df21f4d,2019-09-12,1,right_mid,8.73962116241455,36.4262809753418,-1.1583558320999146,2019_09_12.jpg,2019_09_12.jpg,filename_only,,,,,[],not_provided,,,76326254669e4c2d,,valid,valid,valid,0.6004088605113557,0.269534375,0.798035,1407,73
2019_09_13__f9c97aaf7c10,2019-09-13,1,right_profile,0.31222307682037354,63.04191207885742,-15.673222541809082,2019_09_13.jpg,2019_09_13.jpg,filename_only,,,,,[],not_provided,,,c38b2d070f3b9386,,valid,valid,valid,0.5051947688257862,0.2574328125,0.798035,1408,237
2019_09_19__7c2116b86b15,2019-09-19,1,frontal,-1.9180160760879517,7.4459309577941895,-10.759320259094238,2019_09_19.jpg,2019_09_19.jpg,filename_only,,,,,[],not_provided,,,930b130703331f0f,,valid,valid,valid,0.7116973312050183,0.365175,0.798035,1409,389
2019_09_25__3cd3df01631c,2019-09-25,1,left_profile,-27.75562858581543,-79.42491149902344,53.348514556884766,2019_09_25.jpg,2019_09_25.jpg,filename_only,,,,,[],not_provided,,,9191a4a4d0c069b1,,valid,valid,valid,0.4668850989946512,0.1870703125,0.798035,1410,240
2019_10_04__ee3b3fa63f79,2019-10-04,1,right_profile,-5.783937931060791,70.43949890136719,-15.161865234375,2019_10_04.jpg,2019_10_04.jpg,filename_only,,,,,[],not_provided,,,64f4383c3c3eb6ee,,valid,valid,valid,0.49365706124506425,0.2405078125,0.798035,1411,238
2019_10_16__9bcf86abff76,2019-10-16,1,left_mid,17.41604232788086,-30.764352798461914,-1.1268476247787476,2019_10_16.jpg,2019_10_16.jpg,filename_only,,,,,[],not_provided,,,9686020a02030684,,valid,valid,valid,0.5979444957853762,0.2954296875,0.798035,1412,85
2019_10_17__5f45491b586d,2019-10-17,1,left_light,20.02216148376465,-12.354432106018066,-0.28372690081596375,2019_10_17.jpg,2019_10_17.jpg,filename_only,,,,,[],not_provided,,,168b839b07434664,,valid,valid,valid,0.6293651460416142,0.303659375,0.798035,1413,180
2019_10_22__b2998410371c,2019-10-22,1,left_profile,-40.51630401611328,-75.32259368896484,38.141395568847656,2019_10_22.jpg,2019_10_22.jpg,filename_only,,,,,[],not_provided,,,4f1f134703131707,,valid,valid,valid,0.47828278585230616,0.215021875,0.798035,1414,241
2019_10_24__89ecf0dbf6a2,2019-10-24,1,frontal,11.115944862365723,-8.44774341583252,-0.2999335527420044,2019_10_24.jpg,2019_10_24.jpg,filename_only,,,,,[],not_provided,,,969668f4b49ddf4d,,valid,valid,valid,0.679688593911899,0.3072953125,0.798035,1415,390
2019_10_24_2__8311a3b4a6c7,2019-10-24,2,right_profile,-5.002974510192871,78.08614349365234,-26.469545364379883,2019_10_24 (2).jpg,2019_10_24 (2).jpg,filename_only,,,,,[],not_provided,,,da7e66c1dc7b7132,,valid,valid,valid,0.47836679828614637,0.22985,0.798035,1416,239
2019_10_28__d5f81935274a,2019-10-28,1,frontal,19.858442306518555,0.250487357378006,-2.7856945991516113,2019_10_28.jpg,2019_10_28.jpg,filename_only,,,,,[],not_provided,,,17868e232b07078f,,valid,valid,valid,0.6368142485087793,0.3056671875,0.798035,1417,391
2019_10_30__6117e5575a2a,2019-10-30,1,left_deep,22.4492244720459,-47.570213317871094,4.941938877105713,2019_10_30.jpg,2019_10_30.jpg,filename_only,,,,,[],not_provided,,,963e7a3c2e37139e,,valid,valid,valid,0.5467529194320759,0.237246875,0.798035,1418,52
2019_11_04__2cf19b80ca5a,2019-11-04,1,right_light,9.377031326293945,22.303598403930664,-0.06272290647029877,2019_11_04.jpg,2019_11_04.jpg,filename_only,,,,,[],not_provided,,,526bc65646474f4d,,valid,valid,valid,0.6302892828138564,0.3223640625,0.798035,1419,127
2019_11_07__986dc2dedb17,2019-11-07,1,right_profile,-15.747982025146484,67.86567687988281,-12.959380149841309,2019_11_07.jpg,2019_11_07.jpg,filename_only,,,,,[],not_provided,,,cc86199eda0e1c09,,valid,valid,valid,0.4939651068358117,0.216334375,0.798035,1420,240
2019_11_14__256b6a41c2da,2019-11-14,1,frontal,18.066308975219727,-2.138329267501831,-0.9200218319892883,2019_11_14.jpg,2019_11_14.jpg,filename_only,,,,,[],not_provided,,,9696869606860e4c,,valid,valid,valid,0.6705032344787029,0.1960203125,0.798035,1421,392
2019_11_14_2__628a7019fbd9,2019-11-14,2,left_light,16.25420570373535,-15.19396686553955,-0.09851618856191635,2019_11_14 (2).jpg,2019_11_14 (2).jpg,filename_only,,,,,[],not_provided,,,9696c30b03434367,,valid,valid,valid,0.6306533366938307,0.2729578125,0.798035,1422,181
2019_11_14_3__cc4151b05e5a,2019-11-14,3,left_profile,3.6037087440490723,-59.33742141723633,-4.045444965362549,2019_11_14 (3).jpg,2019_11_14 (3).jpg,filename_only,,,,,[],not_provided,,,0d330e0b0f4f0f0f,,valid,valid,valid,0.5102355148561987,0.26879375,0.798035,1423,242
2019_11_26__3d0da5fd6861,2019-11-26,1,frontal,14.791465759277344,9.834840774536133,0.09397357702255249,2019_11_26.jpg,2019_11_26.jpg,filename_only,,,,,[],not_provided,,,979696d4540c4c2b,,valid,valid,valid,0.6334257470105575,0.3028625,0.798035,1424,393
2019_11_26_2__8b44a186a392,2019-11-26,2,right_profile,-33.67290115356445,77.92965698242188,-32.744510650634766,2019_11_26 (2).jpg,2019_11_26 (2).jpg,filename_only,,,,,[],not_provided,,,54f8f47c7c74195f,,valid,valid,valid,0.47388613514800193,0.1924125,0.798035,1425,241
2019_11_27__ed77cd6bc6ce,2019-11-27,1,left_profile,-55.284423828125,-78.79655456542969,52.940338134765625,2019_11_27.jpg,2019_11_27.jpg,filename_only,,,,,[],not_provided,,,c789a1c1c343378e,,valid,valid,valid,0.47142177042202243,0.165603125,0.798035,1426,243
2019_12_04__c52364cb9844,2019-12-04,1,right_light,5.557986736297607,17.448348999023438,0.3032074570655823,2019_12_04.jpg,2019_12_04.jpg,filename_only,,,,,[],not_provided,,,3739292c16160c0d,,valid,valid,valid,0.6682068946204038,0.335978125,0.798035,1427,128
2019_12_05__b5231ce0acb2,2019-12-05,1,right_profile,-6.991062164306641,75.78990936279297,-20.56479835510254,2019_12_05.jpg,2019_12_05.jpg,filename_only,,,,,[],not_provided,,,8ce69a9c9cf4f071,,valid,valid,valid,0.4776946988154247,0.189740625,0.798035,1428,242
2019_12_07__160fc03959e0,2019-12-07,1,right_light,15.102169036865234,11.798809051513672,-0.07405760139226913,2019_12_07.jpg,2019_12_07.jpg,filename_only,,,,,[],not_provided,,,c683ee686a4e6c6d,,valid,valid,valid,0.6433952224929289,0.2889015625,0.798035,1429,129
2019_12_10_1__2198434262a6,2019-12-10,1,left_profile,13.798257827758789,-66.61016082763672,6.592100143432617,2019_12_10(1).jpg,2019_12_10(1).jpg,filename_only,,,,,[],not_provided,,,191583e2c3c3424e,,valid,valid,valid,0.4979977036601417,0.18698125,0.798035,1430,244
2019_12_10_2__b3ba5a4f435a,2019-12-10,2,left_light,7.683086395263672,-14.393939971923828,-1.3904924392700195,2019_12_10(2).jpg,2019_12_10(2).jpg,filename_only,,,,,[],not_provided,,,4edd656547666d2d,,valid,valid,valid,0.6854574477022599,0.1428265625,0.798035,1431,182
2019_12_19__5fd4aebce56c,2019-12-19,1,frontal,12.666834831237793,1.5268582105636597,-10.57236385345459,2019_12_19.jpg,2019_12_19.jpg,filename_only,,,,,[],not_provided,,,568e16061b1e0e0c,,valid,valid,valid,0.6801646643703269,0.326625,0.798035,1432,394
2019_12_23__38212222b5f9,2019-12-23,1,left_profile,-1.251495122909546,-68.12448120117188,0.40699324011802673,2019_12_23.jpg,2019_12_23.jpg,filename_only,,,,,[],not_provided,,,76430f070727270e,,valid,valid,valid,0.49052059704836315,0.26045,0.798035,1433,245
2019_12_24__f604d93c269f,2019-12-24,1,right_profile,-11.137378692626953,71.22511291503906,-9.519919395446777,2019_12_24.jpg,2019_12_24.jpg,filename_only,,,,,[],not_provided,,,83231f2f1f1b1b4f,,valid,valid,valid,0.4920328208574869,0.2625984375,0.798035,1434,243
2019_12_25__dae275fbed83,2019-12-25,1,right_mid,20.250551223754883,29.8717041015625,2.551910400390625,2019_12_25.jpg,2019_12_25.jpg,filename_only,,,,,[],not_provided,,,9ce472e2b63d8d49,,valid,valid,valid,0.5869108628076956,0.3095203125,0.798035,1435,74
2020_01_01__d64ddf7e5ed3,2020-01-01,1,left_profile,-0.8922625780105591,-71.37317657470703,-4.516536712646484,2020_01_01.jpg,2020_01_01.jpg,filename_only,,,,,[],not_provided,,,8f1303030703060d,,valid,valid,valid,0.48657201265787337,0.2427171875,0.798035,1436,246
2020_01_07__a9e1fe748fa1,2020-01-07,1,frontal,8.658727645874023,5.558242321014404,1.1340633630752563,2020_01_07.jpg,2020_01_07.jpg,filename_only,,,,,[],not_provided,,,444525e32327068e,,valid,valid,valid,0.6987034081043995,0.2805890625,0.798035,1437,395
2020_01_10__dead2bd69418,2020-01-10,1,left_profile,-51.83344268798828,-84.082275390625,67.99633026123047,2020_01_10.jpg,2020_01_10.jpg,filename_only,,,,,[],not_provided,,,49102082c2c9838a,,valid,valid,valid,0.46013610014282114,0.197421875,0.798035,1438,247
2020_01_19__f3d69fc9daca,2020-01-19,1,left_deep,22.20102310180664,-48.094078063964844,-13.271698951721191,2020_01_19.jpg,2020_01_19.jpg,filename_only,,,,,[],not_provided,,,cfdb0185070187c6,,valid,valid,valid,0.5401719454479262,0.2469796875,0.798035,1439,53
2020_01_22__199f59665fbe,2020-01-22,1,right_deep,12.236757278442383,42.669918060302734,4.065508842468262,2020_01_22.jpg,2020_01_22.jpg,filename_only,,,,,[],not_provided,,,3c3e2f27e67e3c1d,,valid,valid,valid,0.5637794393570248,0.331384375,0.798035,1440,32
2020_01_30__94513890fe03,2020-01-30,1,left_light,13.954092979431152,-15.474776268005371,0.3749925196170807,2020_01_30.jpg,2020_01_30.jpg,filename_only,,,,,[],not_provided,,,91f964d4d8486277,,valid,valid,valid,0.6255565823741914,0.282425,0.798035,1441,183
2020_01_30_2__34cd77a308d1,2020-01-30,2,right_light,10.10249137878418,17.57756805419922,-0.0869363471865654,2020_01_30 (2).jpg,2020_01_30 (2).jpg,filename_only,,,,,[],not_provided,,,726bd2d2f2c7e763,,valid,valid,valid,0.63040129939231,0.3090953125,0.798035,1442,130
2020_02_13__44c339550d63,2020-02-13,1,frontal,16.248680114746094,0.35067063570022583,0.2736699879169464,2020_02_13.jpg,2020_02_13.jpg,filename_only,,,,,[],not_provided,,,1696872b2b17078f,,valid,valid,valid,0.6530006440953261,0.30303125,0.798035,1443,396
2020_02_15__de1d91686637,2020-02-15,1,left_mid,6.5232343673706055,-34.202552795410156,-2.215895891189575,2020_02_15.jpg,2020_02_15.jpg,filename_only,,,,,[],not_provided,,,61fc989898c94163,,valid,valid,valid,0.6087540956061497,0.379971875,0.796587,1444,86
2020_02_19__46165d5a4ed0,2020-02-19,1,right_deep,-17.722341537475586,45.50044631958008,-5.390655517578125,2020_02_19.jpg,2020_02_19.jpg,filename_only,,,,,[],not_provided,,,d66234542c243dbc,,valid,valid,valid,0.5702764009073343,0.2935265625,0.798035,1445,33
2020_02_20__d0b2aa87d4b2,2020-02-20,1,frontal,14.434245109558105,1.3812788724899292,-2.051102638244629,2020_02_20.jpg,2020_02_20.jpg,filename_only,,,,,[],not_provided,,,939e363f3b2f1f9e,,valid,valid,valid,0.6526365902153519,0.3320218237420072,0.798035,1446,397
2020_02_22__321ef1a7abb5,2020-02-22,1,left_profile,9.857451438903809,-59.595977783203125,-8.681559562683105,2020_02_22.jpg,2020_02_22.jpg,filename_only,,,,,[],not_provided,,,473c6444c4e56101,,valid,valid,valid,0.5099274692654513,0.1848984375,0.798035,1447,248
2020_02_23__b34b2de0f498,2020-02-23,1,left_mid,-3.4181346893310547,-37.745513916015625,16.386436462402344,2020_02_23.jpg,2020_02_23.jpg,filename_only,,,,,[],not_provided,,,39313d9bdcc96736,,valid,valid,valid,0.5919236046934946,0.2812765625,0.798035,1448,87
2020_02_27__53783b1f2d6d,2020-02-27,1,right_light,0.6106067895889282,10.594083786010742,-0.35488155484199524,2020_02_27.jpg,2020_02_27.jpg,filename_only,,,,,[],not_provided,,,9694ccb4361e0c3d,,valid,valid,valid,0.6894340362373631,0.3176421875,0.798035,1449,131
2020_02_27_2__a927513b69a1,2020-02-27,2,frontal,11.615405082702637,5.084643363952637,-0.0028351687360554934,2020_02_27 (2).jpg,2020_02_27 (2).jpg,filename_only,,,,,[],not_provided,,,3737361d713f1f6f,,valid,valid,valid,0.6490520597048364,0.330953125,0.798035,1450,398
2020_03_06__0ff900554046,2020-03-06,1,frontal,18.295364379882812,-7.656364917755127,0.011402679607272148,2020_03_06.jpg,2020_03_06.jpg,filename_only,,,,,[],not_provided,,,9796d272c2c6466b,,valid,valid,valid,0.6337898008905318,0.2873296875,0.798035,1451,399
2020_03_08__521fffcb024c,2020-03-08,1,frontal,12.443580627441406,1.0284923315048218,0.38559767603874207,2020_03_08.jpg,2020_03_08.jpg,filename_only,,,,,[],not_provided,,,966f775feb4f4f7b,,valid,valid,valid,0.653756755999888,0.3076859375,0.798035,1452,400
2020_03_11__d2c43607ce9b,2020-03-11,1,left_profile,20.14432144165039,-63.49025344848633,-6.642653465270996,2020_03_11.jpg,2020_03_11.jpg,filename_only,,,,,[],not_provided,,,19bbefc7c7d3d753,,valid,valid,valid,0.48539583858411045,0.2066296875,0.798035,1453,249
2020_03_18__b66c51f186b5,2020-03-18,1,right_mid,13.11245346069336,28.065662384033203,1.5676732063293457,2020_03_18.jpg,2020_03_18.jpg,filename_only,,,,,[],not_provided,,,cc66480c040c0c19,,valid,valid,valid,0.6030132459604022,0.243875,0.798035,1454,75
2020_03_24__4c4ae27359f2,2020-03-24,1,left_profile,34.650333404541016,-56.37278747558594,-33.81776428222656,2020_03_24.jpg,2020_03_24.jpg,filename_only,,,,,[],not_provided,,,9f9cf4c4c4c04063,,valid,valid,valid,0.497045562743286,0.1967109375,0.798035,1455,250
2020_03_26__85fad219ae0b,2020-03-26,1,right_profile,20.6839656829834,56.13835144042969,5.712258338928223,2020_03_26.jpg,2020_03_26.jpg,filename_only,,,,,[],not_provided,,,06122e1e2e3c988c,,valid,valid,valid,0.5139320619451679,0.243390625,0.798035,1456,244
2020_04_02__3eb3c518d6b8,2020-04-02,1,frontal,6.272082328796387,-8.772865295410156,0.13938456773757935,2020_04_02.jpg,2020_04_02.jpg,filename_only,,,,,[],not_provided,,,e66cd084b8cccc49,,valid,valid,valid,0.6755439805091153,0.401846875,0.798035,1457,401
2020_04_07__d10d6162624d,2020-04-07,1,frontal,-0.1428901106119156,-0.47267767786979675,-0.2297191023826599,2020_04_07.jpg,2020_04_07.jpg,filename_only,,,,,[],not_provided,,,17999d9abe9c8ecf,,valid,valid,valid,0.7107731944327761,0.3045421875,0.798035,1458,402
2020_04_09__cd4738ba14b7,2020-04-09,1,right_profile,-7.936380386352539,65.86824798583984,-23.645959854125977,2020_04_09.jpg,2020_04_09.jpg,filename_only,,,,,[],not_provided,,,765edfd7de785ab3,,valid,valid,valid,0.5015822341706573,0.2489265625,0.798035,1459,245
2020_04_10__6afd6d5b55ca,2020-04-10,1,left_light,8.837729454040527,-20.419456481933594,-1.362363576889038,2020_04_10.jpg,2020_04_10.jpg,filename_only,,,,,[],not_provided,,,4bc344020a8286c4,,valid,valid,valid,0.6311294071522585,0.3290828125,0.798035,1460,184
2020_04_15__e50d01ded6dc,2020-04-15,1,right_light,3.843658924102783,22.31690216064453,2.27410626411438,2020_04_15.jpg,2020_04_15.jpg,filename_only,,,,,[],not_provided,,,d6de6cecf69c2c29,,valid,valid,valid,0.6362541656165113,0.31385900887002105,0.798035,1461,132
2020_04_24__f7808bc9ad5f,2020-04-24,1,frontal,16.776723861694336,-1.0809202194213867,-0.25671839714050293,2020_04_24.jpg,2020_04_24.jpg,filename_only,,,,,[],not_provided,,,dc96cee8cccccc69,,valid,valid,valid,0.6349659749642947,0.3285453125,0.798035,1462,403
2020_04_27__1fc30d3e40e2,2020-04-27,1,left_deep,1.5628923177719116,-43.185630798339844,-1.4394886493682861,2020_04_27.jpg,2020_04_27.jpg,filename_only,,,,,[],not_provided,,,9f27070b0b2b0f8d,,valid,valid,valid,0.5958161807947576,0.2881484375,0.798035,1463,54
2020_04_30__8cd5fc683259,2020-04-30,1,left_light,13.615209579467773,-13.19715404510498,0.5986189842224121,2020_04_30.jpg,2020_04_30.jpg,filename_only,,,,,[],not_provided,,,de130b9319838b47,,valid,valid,valid,0.6360021283149906,0.281115625,0.798035,1464,185
2020_04_30_2__c8edd4cf1113,2020-04-30,2,right_profile,-11.671318054199219,54.78708267211914,-8.981199264526367,2020_04_30 (2).jpg,2020_04_30 (2).jpg,filename_only,,,,,[],not_provided,,,4ce5d9c4cc4c7c79,,valid,valid,valid,0.5422162480047047,0.2722453125,0.798035,1465,246
2020_05_06__365946fde1cf,2020-05-06,1,right_profile,-10.450989723205566,73.43484497070312,-8.319886207580566,2020_05_06.jpg,2020_05_06.jpg,filename_only,,,,,[],not_provided,,,2d63c8c64e686c5f,,valid,valid,valid,0.487104091405528,0.2252359375,0.798035,1466,247
2020_05_06_2__ea423ae0e95a,2020-05-06,2,frontal,9.760663032531738,7.167039394378662,0.11828969419002533,2020_05_06 (2).jpg,2020_05_06 (2).jpg,filename_only,,,,,[],not_provided,,,949ee4dcd4dc4c69,,valid,valid,valid,0.6601136968271304,0.325471875,0.798035,1467,404
2020_05_13__18cfce01f32a,2020-05-13,1,left_deep,-5.350552558898926,-43.52372360229492,-5.734611511230469,2020_05_13.jpg,2020_05_13.jpg,filename_only,,,,,[],not_provided,,,8ed2c3c7c39bc7c7,,valid,valid,valid,0.5779215323867932,0.280078125,0.798035,1468,55
2020_05_14__f11ec5374563,2020-05-14,1,frontal,-4.860235691070557,-0.6679427027702332,0.6392208337783813,2020_05_14.jpg,2020_05_14.jpg,filename_only,,,,,[],not_provided,,,2dd1c9a584c8496b,,valid,valid,valid,0.7548237139096586,0.33788125,0.798035,1469,405
2020_05_14_2__419a0f088db8,2020-05-14,2,right_profile,0.17122216522693634,60.081180572509766,-11.538809776306152,2020_05_14 (2).jpg,2020_05_14 (2).jpg,filename_only,,,,,[],not_provided,,,0d36386939793122,,valid,valid,valid,0.5122798174129771,0.25051875,0.798035,1470,248
2020_05_19__7d5f1b4a2ae4,2020-05-19,1,right_deep,4.708907127380371,45.4790153503418,1.5171595811843872,2020_05_19.jpg,2020_05_19.jpg,filename_only,,,,,[],not_provided,,,86f2dfdccc5c5f7f,,valid,valid,valid,0.5663558206614578,0.2943375,0.798035,1471,34
2020_05_28__bee9be4f4f2d,2020-05-28,1,frontal,4.604826927185059,8.90361213684082,0.016916457563638687,2020_05_28.jpg,2020_05_28.jpg,filename_only,,,,,[],not_provided,,,97d47464f40c4957,,valid,valid,valid,0.6781203618135484,0.1991546875,0.798035,1472,406
2020_06_12__cd938398a8ab,2020-06-12,1,left_profile,7.321367263793945,-66.18128967285156,-8.520317077636719,2020_06_12.jpg,2020_06_12.jpg,filename_only,,,,,[],not_provided,,,654c144dc5e30303,,valid,valid,valid,0.4939090985465849,0.1943125,0.798035,1473,251
2020_06_19__267ae33f16d6,2020-06-19,1,right_profile,-69.03160858154297,78.98975372314453,-66.85208129882812,2020_06_19.jpg,2020_06_19.jpg,filename_only,,,,,[],not_provided,,,196cf5fc7c14185f,,valid,valid,valid,0.46761320675459966,0.16483125,0.798035,1474,249
2020_06_24__2fb905d218ce,2020-06-24,1,left_profile,-84.83100128173828,-92.3672866821289,85.9070816040039,2020_06_24.jpg,2020_06_24.jpg,filename_only,,,,,[],not_provided,,,e6cdd9c1c161b3ce,,valid,valid,valid,0.4191940407180263,0.1718796875,0.798035,1475,252
2020_06_26__bd58b2daca38,2020-06-26,1,right_profile,-47.669525146484375,79.38126373291016,-46.13362121582031,2020_06_26.jpg,2020_06_26.jpg,filename_only,,,,,[],not_provided,,,2de4f0fefe7a785f,,valid,valid,valid,0.4710857206866616,0.207265625,0.798035,1476,250
2020_06_27__bf1a60782c72,2020-06-27,1,frontal,10.946232795715332,-2.035731792449951,0.09202302992343903,2020_06_27.jpg,2020_06_27.jpg,filename_only,,,,,[],not_provided,,,969f1f3f3b3f1f0c,,valid,valid,valid,0.6742837940015122,0.290271875,0.798035,1477,407
2020_06_30__c2002ed3d8cc,2020-06-30,1,left_light,11.428484916687012,-11.291278839111328,-0.1749098151922226,2020_06_30.jpg,2020_06_30.jpg,filename_only,,,,,[],not_provided,,,9dad9717220e0e0e,,valid,valid,valid,0.6525245736368983,0.2927234375,0.798035,1478,186
2020_06_30_2__307c28b56185,2020-06-30,2,left_mid,17.680973052978516,-26.26038360595703,1.2772960662841797,2020_06_30 (2).jpg,2020_06_30 (2).jpg,filename_only,,,,,[],not_provided,,,3523230b0303070e,,valid,valid,valid,0.60480551121566,0.2723,0.798035,1479,88
2020_06_30_3__2c552f4f1310,2020-06-30,3,right_light,0.3789716362953186,15.15122127532959,-0.017666922882199287,2020_06_30 (3).jpg,2020_06_30 (3).jpg,filename_only,,,,,[],not_provided,,,3761e1f0f2707071,,valid,valid,valid,0.655212971519785,0.3395609375,0.798035,1480,133
2020_07_01__a2ab49c82f7e,2020-07-01,1,left_mid,16.776132583618164,-33.38471984863281,-0.6720463037490845,2020_07_01.jpg,2020_07_01.jpg,filename_only,,,,,[],not_provided,,,2d69d1d191815047,,valid,valid,valid,0.5991486740037526,0.280509375,0.798035,1481,89
2020_07_13__ee7540ee8512,2020-07-13,1,right_profile,-57.342769622802734,71.58894348144531,-74.04541778564453,2020_07_13.jpg,2020_07_13.jpg,filename_only,,,,,[],not_provided,,,77727b7cde3cb4f7,,valid,valid,valid,0.47408216416029575,0.189659375,0.798035,1482,251
2020_07_16__448c95749054,2020-07-16,1,frontal,9.597277641296387,-9.113934516906738,0.24400433897972107,2020_07_16.jpg,2020_07_16.jpg,filename_only,,,,,[],not_provided,,,96cc68c4d446646d,,valid,valid,valid,0.6604777507071047,0.320471875,0.798035,1483,408
2020_07_20_2__3e269024f23d,2020-07-20,2,frontal,17.578746795654297,6.456654071807861,-1.120239496231079,2020_07_20 (2).jpg,2020_07_20 (2).jpg,filename_only,,,,,[],not_provided,,,56d2d66ceace4c6c,,valid,valid,valid,0.6332297179982638,0.3011875,0.798035,1484,409
2020_07_24__b55693ac0306,2020-07-24,1,frontal,6.286911487579346,-9.093385696411133,-0.08461856842041016,2020_07_24.jpg,2020_07_24.jpg,filename_only,,,,,[],not_provided,,,927b7af4d5d44031,,valid,valid,valid,0.673639698675404,0.3391,0.798035,1485,410
2020_07_26__a4db22f82e5e,2020-07-26,1,right_light,10.179872512817383,12.50583267211914,0.2838197350502014,2020_07_26.jpg,2020_07_26.jpg,filename_only,,,,,[],not_provided,,,5673666363299386,,valid,valid,valid,0.6543728471813829,0.307659375,0.798035,1486,134
2020_08_03__e8fb88d44c25,2020-08-03,1,right_light,16.855587005615234,11.223732948303223,-0.17232096195220947,2020_08_03.jpg,2020_08_03.jpg,filename_only,,,,,[],not_provided,,,c243068b8b83874f,,valid,valid,valid,0.6375703604133411,0.2868890625,0.798035,1487,135
2020_08_04__923c3b42b434,2020-08-04,1,frontal,20.9398193359375,1.106383204460144,-0.016154570505023003,2020_08_04.jpg,2020_08_04.jpg,filename_only,,,,,[],not_provided,,,9646652b0b03878f,,valid,valid,valid,0.622056064297516,0.3072671875,0.798035,1488,411
2020_08_19__f9f3cedb96a3,2020-08-19,1,right_profile,-4.639530181884766,56.59910202026367,-0.02168158069252968,2020_08_19.jpg,2020_08_19.jpg,filename_only,,,,,[],not_provided,,,86c1ccd6ee4c6c7d,,valid,valid,valid,0.5325268139684673,0.291146875,0.798035,1489,252
2020_08_20__c3335c7f395c,2020-08-20,1,frontal,6.323689937591553,-8.837916374206543,-0.19588489830493927,2020_08_20.jpg,2020_08_20.jpg,filename_only,,,,,[],not_provided,,,96e868ccd4c4cc71,,valid,valid,valid,0.6869976756559971,0.321446875,0.798035,1490,412
2020_08_23__e5dcdab10cd7,2020-08-23,1,right_light,3.1710939407348633,12.161815643310547,0.14553126692771912,2020_08_23.jpg,2020_08_23.jpg,filename_only,,,,,[],not_provided,,,96d9d5747a5e0c39,,valid,valid,valid,0.6690470189588059,0.30918125,0.798035,1491,136
2020_08_27__8fd34afd2138,2020-08-27,1,left_profile,-2.424248695373535,-68.60271453857422,1.3548604249954224,2020_08_27.jpg,2020_08_27.jpg,filename_only,,,,,[],not_provided,,,4f3965c4868ce913,,valid,valid,valid,0.49348903637738384,0.2309875,0.798035,1492,253
2020_08_28__1001169d1512,2020-08-28,1,right_profile,-42.766387939453125,76.06976318359375,-58.583377838134766,2020_08_28.jpg,2020_08_28.jpg,filename_only,,,,,[],not_provided,,,7d67f2fcfe7cbcd1,,valid,valid,valid,0.4766585454647288,0.17429375,0.798035,1493,253
2020_09_08__4f73e4ff07b7,2020-09-08,1,right_mid,13.973517417907715,25.85558319091797,-1.4348410367965698,2020_09_08.jpg,2020_09_08.jpg,filename_only,,,,,[],not_provided,,,d66bececfcdedc7d,,valid,valid,valid,0.6141868996611498,0.318675,0.798035,1494,76
2020_09_09__234c0ba59daf,2020-09-09,1,right_profile,-6.4139790534973145,73.643310546875,-23.48495864868164,2020_09_09.jpg,2020_09_09.jpg,filename_only,,,,,[],not_provided,,,36bb6d7eda3e1e30,,valid,valid,valid,0.4902125514576157,0.21846875,0.798035,1495,254
2020_09_15__356810c54902,2020-09-15,1,left_deep,23.125873565673828,-48.59516525268555,-17.791414260864258,2020_09_15.jpg,2020_09_15.jpg,filename_only,,,,,[],not_provided,,,2d448989190983c7,,valid,valid,valid,0.5387157299280293,0.2797359375,0.798035,1496,56
2020_09_23__759bf1e80025,2020-09-23,1,left_profile,15.279841423034668,-71.11296081542969,0.6009451746940613,2020_09_23.jpg,2020_09_23.jpg,filename_only,,,,,[],not_provided,,,4ac383868513130f,,valid,valid,valid,0.4839956313534403,0.21905,0.798035,1497,254
2020_09_25__bf56e59bb8b0,2020-09-25,1,left_mid,9.264732360839844,-28.343198776245117,10.587111473083496,2020_09_25.jpg,2020_09_25.jpg,filename_only,,,,,[],not_provided,,,9ab9bc9c9c8eacb1,,valid,valid,valid,0.6276008849309698,0.2712328125,0.798035,1498,90
2020_09_28__a5380f926e30,2020-09-28,1,left_deep,-0.18090331554412842,-44.1298713684082,-2.6686923503875732,2020_09_28.jpg,2020_09_28.jpg,filename_only,,,,,[],not_provided,,,de7064c4cdc34329,,valid,valid,valid,0.5781455655437004,0.3067625,0.798035,1499,57
2020_09_28_2__9aa255a274f6,2020-09-28,2,frontal,11.370753288269043,-7.829460620880127,0.10905282199382782,2020_09_28 (2).jpg,2020_09_28 (2).jpg,filename_only,,,,,[],not_provided,,,343e79e9bc8cdd41,,valid,valid,valid,0.6549329300736509,0.288134375,0.798035,1500,413
2020_09_29__642a19ab1933,2020-09-29,1,right_profile,0.7525988817214966,74.50479888916016,-11.836901664733887,2020_09_29.jpg,2020_09_29.jpg,filename_only,,,,,[],not_provided,,,edfcbefefc7434f1,,valid,valid,valid,0.4870200789716878,0.2279578125,0.798035,1501,255
2020_10_11__32a5ef7378f1,2020-10-11,1,frontal,7.594720840454102,4.027717113494873,-0.4252551198005676,2020_10_11.jpg,2020_10_11.jpg,filename_only,,,,,[],not_provided,,,968661c9e2c04461,,valid,valid,valid,0.6744518188691926,0.3260777777777778,0.798035,1502,414
2020_10_13__5e9a17d63287,2020-10-13,1,frontal,11.96130657196045,6.271109580993652,6.7247819900512695,2020_10_13.jpg,2020_10_13.jpg,filename_only,,,,,[],not_provided,,,9686050b2b07874e,,valid,valid,valid,0.6729115909154555,0.3112125,0.798035,1503,415
2020_10_22__c456c8fcd1a6,2020-10-22,1,left_mid,15.333005905151367,-27.75832748413086,0.28955599665641785,2020_10_22.jpg,2020_10_22.jpg,filename_only,,,,,[],not_provided,,,96bca0d8d8c66c60,,valid,valid,valid,0.6000448066313815,0.2902203125,0.798035,1504,91
2020_10_22_2__e130f814f631,2020-10-22,2,left_light,13.085640907287598,-19.7266788482666,-0.1842067837715149,2020_10_22 (2).jpg,2020_10_22 (2).jpg,filename_only,,,,,[],not_provided,,,3c3e85f1b5c5cd41,,valid,valid,valid,0.6377103811364082,0.3063171875,0.798035,1505,187
2020_10_22_3__bf8f40e18e7a,2020-10-22,3,left_light,16.44805335998535,-19.727323532104492,-0.037558142095804214,2020_10_22 (3).jpg,2020_10_22 (3).jpg,filename_only,,,,,[],not_provided,,,969ec5d4d4c64e61,,valid,valid,valid,0.6153630737349127,0.3061921875,0.798035,1506,188
2020_10_22_5__ab9ffdbd593f,2020-10-22,5,frontal,15.414928436279297,1.1095895767211914,0.007458619307726622,2020_10_22 (5).jpg,2020_10_22 (5).jpg,filename_only,,,,,[],not_provided,,,8acb647474466624,,valid,valid,valid,0.6396426671147329,0.3242515625,0.798035,1507,416
2020_10_29_2__1230699ec8a2,2020-10-29,2,right_profile,6.944345951080322,75.49649810791016,9.330710411071777,2020_10_29 (2).jpg,2020_10_29 (2).jpg,filename_only,,,,,[],not_provided,,,4de49cee9e5a587b,,valid,valid,valid,0.48015906354140414,0.2648453125,0.798035,1508,256
2020_10_29_3__9bd430bfbb57,2020-10-29,3,right_profile,2.9113612174987793,84.5850601196289,5.217782497406006,2020_10_29 (3).jpg,2020_10_29 (3).jpg,filename_only,,,,,[],not_provided,,,4ee67c7ebe761919,,valid,valid,valid,0.46008009185359433,0.2319859375,0.798035,1509,257
2020_11_03__74b204039dcf,2020-11-03,1,frontal,7.190221786499023,-1.8316103219985962,-0.11450875550508499,2020_11_03.jpg,2020_11_03.jpg,filename_only,,,,,[],not_provided,,,96d66069f81b174f,,valid,valid,valid,0.6895180486712034,0.2796765625,0.798035,1510,417
2020_11_09__0563c3dc690a,2020-11-09,1,frontal,21.161846160888672,-1.535030484199524,-5.27234411239624,2020_11_09.jpg,2020_11_09.jpg,filename_only,,,,,[],not_provided,,,969e1e3e1f1e1e1c,,valid,valid,valid,0.6364781987734185,0.275475,0.798035,1511,418
2020_11_12__cf1342525ec0,2020-11-12,1,left_light,23.23550033569336,-14.327404022216797,-11.438129425048828,2020_11_12.jpg,2020_11_12.jpg,filename_only,,,,,[],not_provided,,,5e1e173b0f1f0f8e,,valid,valid,valid,0.5999887983421547,0.2685984375,0.798035,1512,189
2020_11_26_2__068540d70652,2020-11-26,2,left_deep,1.500792384147644,-44.012962341308594,-6.369808673858643,2020_11_26 (2).jpg,2020_11_26 (2).jpg,filename_only,,,,,[],not_provided,,,9e9a83878d8e8ea6,,valid,valid,valid,0.581590075331149,0.2466453125,0.798035,1513,58
2020_12_04__4d954b8b3ead,2020-12-04,1,right_light,16.28029441833496,23.109487533569336,9.27193546295166,2020_12_04.jpg,2020_12_04.jpg,filename_only,,,,,[],not_provided,,,36333937331f9f9f,,valid,valid,valid,0.6008289226805568,0.312246875,0.798035,1514,137
2020_12_09__02a57dafad27,2020-12-09,1,right_profile,-44.80145263671875,74.98420715332031,-55.15778732299805,2020_12_09.jpg,2020_12_09.jpg,filename_only,,,,,[],not_provided,,,fef5feeebc743431,,valid,valid,valid,0.47629449158475456,0.2538828125,0.798035,1515,258
2020_12_17__af1c2524520c,2020-12-17,1,right_profile,-83.59649658203125,76.09962463378906,-95.88880157470703,2020_12_17.jpg,2020_12_17.jpg,filename_only,,,,,[],not_provided,,,ad26323c3c3c2461,,valid,valid,valid,0.45025063709429,0.2081609375,0.798035,1516,259
2020_12_26__0e203024a482,2020-12-26,1,right_mid,-10.43830394744873,35.1104621887207,-23.516820907592773,2020_12_26.jpg,2020_12_26.jpg,filename_only,,,,,[],not_provided,,,193930736372252c,,valid,valid,valid,0.6101262986922065,0.2601109375,0.798035,1517,77
2020_12_30__f7fd1d9192a6,2020-12-30,1,right_light,11.9183931350708,24.188983917236328,-1.4390063285827637,2020_12_30.jpg,2020_12_30.jpg,filename_only,,,,,[],not_provided,,,434b1516761e0c2d,,valid,valid,valid,0.6224201181774903,0.2904515625,0.798035,1518,138
2020_12_30_2__0b7b088b21db,2020-12-30,2,frontal,14.746037483215332,3.14603328704834,0.21116478741168976,2020_12_30 (2).jpg,2020_12_30 (2).jpg,filename_only,,,,,[],not_provided,,,1696cee8eacccc69,,valid,valid,valid,0.64381528466213,0.3188125,0.798035,1519,419
2021_01_06__0edc9805c61e,2021-01-06,1,left_profile,3.9330544471740723,-59.306182861328125,-4.8534135818481445,2021_01_06.jpg,2021_01_06.jpg,filename_only,,,,,[],not_provided,,,b6838b830b838241,,valid,valid,valid,0.518944803830967,0.2827109375,0.798035,1520,255
2021_01_07__92735583a496,2021-01-07,1,right_light,-10.481918334960938,15.514474868774414,-16.17241859436035,2021_01_07.jpg,2021_01_07.jpg,filename_only,,,,,[],not_provided,,,4c0e8793c7d3de6e,,valid,valid,valid,0.679688593911899,0.3565796875,0.798035,1521,139
2021_01_13__98d7a8b3fba7,2021-01-13,1,right_deep,-8.163549423217773,45.92304229736328,-7.69938325881958,2021_01_13.jpg,2021_01_13.jpg,filename_only,,,,,[],not_provided,,,b99d971a4e3c9c89,,valid,valid,valid,0.5748410764793189,0.417184375,0.798035,1522,35
2021_01_25__74b105b85594,2021-01-25,1,left_light,7.367973804473877,-17.732013702392578,0.34048575162887573,2021_01_25.jpg,2021_01_25.jpg,filename_only,,,,,[],not_provided,,,993969dcd4444c61,,valid,valid,valid,0.6503122462124394,0.302003125,0.798035,1523,190
2021_01_25_2__566233024833,2021-01-25,2,left_light,20.159563064575195,-24.087709426879883,-14.53018856048584,2021_01_25 (2).jpg,2021_01_25 (2).jpg,filename_only,,,,,[],not_provided,,,9b646cd8ccc4cc71,,valid,valid,valid,0.6053935982525414,0.3329421875,0.798035,1524,191
2021_01_26__8bd240c3fb54,2021-01-26,1,left_profile,18.075876235961914,-51.533226013183594,-16.38855743408203,2021_01_26.jpg,2021_01_26.jpg,filename_only,,,,,[],not_provided,,,45c9cccccced6901,,valid,valid,valid,0.5325828222576942,0.23165,0.798035,1525,256
2021_01_27__bbd85cbfa52a,2021-01-27,1,left_mid,7.830731391906738,-29.241718292236328,-9.967700004577637,2021_01_27.jpg,2021_01_27.jpg,filename_only,,,,,[],not_provided,,,cbc385050b030706,,valid,valid,valid,0.623512279817413,0.29313125,0.798035,1526,92
2021_02_01__dd2967c712ec,2021-02-01,1,left_profile,15.141012191772461,-71.70259094238281,-15.560918807983398,2021_02_01.jpg,2021_02_01.jpg,filename_only,,,,,[],not_provided,,,0d3c4c8da5a72f53,,valid,valid,valid,0.4776386905261979,0.181734375,0.798035,1527,257
2021_02_02__bc44465a24dc,2021-02-02,1,frontal,6.251241683959961,-5.985854625701904,0.4442339837551117,2021_02_02.jpg,2021_02_02.jpg,filename_only,,,,,[],not_provided,,,29c1c1a1a1894847,,valid,valid,valid,0.685317426979193,0.3013203125,0.798035,1528,420
2021_02_04__758666d685af,2021-02-04,1,right_profile,-16.764190673828125,64.83509826660156,-13.87582015991211,2021_02_04.jpg,2021_02_04.jpg,filename_only,,,,,[],not_provided,,,cd661f0f1f1b1b1e,,valid,valid,valid,0.5063989470441626,0.252175,0.798035,1529,260
2021_02_12__f2119543dcf8,2021-02-12,1,right_profile,-33.62291717529297,73.62374877929688,-50.44652557373047,2021_02_12.jpg,2021_02_12.jpg,filename_only,,,,,[],not_provided,,,6653490f9efcb4d4,,valid,valid,valid,0.48354756503962587,0.2345609375,0.798035,1530,261
2021_02_22__39a143f49046,2021-02-22,1,left_profile,15.316805839538574,-57.69046401977539,-16.127975463867188,2021_02_22.jpg,2021_02_22.jpg,filename_only,,,,,[],not_provided,,,7864c6838d878f0d,,valid,valid,valid,0.5263378980089053,0.2519,0.798035,1531,258
2021_02_23__5c4469713a18,2021-02-23,1,right_mid,-6.1082658767700195,32.44344711303711,-13.813102722167969,2021_02_23.jpg,2021_02_23.jpg,filename_only,,,,,[],not_provided,,,e6f2b6a7a6379d4c,,valid,valid,valid,0.6265367274356605,0.26520625,0.798035,1532,78
2021_02_26__6dde90189315,2021-02-26,1,left_deep,11.125985145568848,-41.67710876464844,0.5006107687950134,2021_02_26.jpg,2021_02_26.jpg,filename_only,,,,,[],not_provided,,,9c21090918000803,,valid,valid,valid,0.5863507799154275,0.27219375,0.798035,1533,59
2021_02_27_2__8112390fcb62,2021-02-27,2,left_light,11.12674617767334,-10.27595043182373,-0.18805484473705292,2021_02_27 (2).jpg,2021_02_27 (2).jpg,filename_only,,,,,[],not_provided,,,a4e0d7a3aa87c761,,valid,valid,valid,0.6647903889775687,0.344940625,0.798035,1534,192
2021_03_08__8edb0541fffd,2021-03-08,1,frontal,1.999974250793457,0.8663270473480225,0.0936601385474205,2021_03_08.jpg,2021_03_08.jpg,filename_only,,,,,[],not_provided,,,d642262202222627,,valid,valid,valid,0.6936066537847602,0.2627375,0.798035,1535,421
2021_03_08_2__3f980b0c118b,2021-03-08,2,frontal,1.4177062511444092,7.447141170501709,0.20742899179458618,2021_03_08 (2).jpg,2021_03_08 (2).jpg,filename_only,,,,,[],not_provided,,,2505092707070d0d,,valid,valid,valid,0.6841132487608166,0.311046875,0.798035,1536,422
2021_03_17__59d79ff0d833,2021-03-17,1,right_mid,-1.9693961143493652,27.822248458862305,-16.40127944946289,2021_03_17.jpg,2021_03_17.jpg,filename_only,,,,,[],not_provided,,,e3eba41f27340c4b,,valid,valid,valid,0.6296451874877482,0.3064125,0.798035,1537,79
2021_03_18__c15462e0add7,2021-03-18,1,left_deep,4.607120990753174,-43.10871505737305,-1.4035608768463135,2021_03_18.jpg,2021_03_18.jpg,filename_only,,,,,[],not_provided,,,9e929c410b2b078f,,valid,valid,valid,0.5812260214511747,0.262296875,0.798035,1538,60
2021_03_22__43741176dc1d,2021-03-22,1,right_light,13.893969535827637,18.665096282958984,-0.07557123899459839,2021_03_22.jpg,2021_03_22.jpg,filename_only,,,,,[],not_provided,,,9c9ebfb49e9c8c38,,valid,valid,valid,0.6156431151810468,0.29570625,0.798035,1539,140
2021_04_08__fd2794ca7942,2021-04-08,1,left_profile,-7.340756416320801,-67.53548431396484,21.61808204650879,2021_04_08.jpg,2021_04_08.jpg,filename_only,,,,,[],not_provided,,,5390a0c0c4c06071,,valid,valid,valid,0.5003220476630541,0.2280484375,0.798035,1540,259
2021_04_13__5c6092899f3f,2021-04-13,1,right_profile,21.20541000366211,68.40144348144531,22.826465606689453,2021_04_13.jpg,2021_04_13.jpg,filename_only,,,,,[],not_provided,,,7e3c2c3e5e2e1d0b,,valid,valid,valid,0.48735612870704864,0.23353125,0.798035,1541,262
2021_04_15__a5589f141c6e,2021-04-15,1,frontal,17.104736328125,5.801124095916748,0.08694275468587875,2021_04_15.jpg,2021_04_15.jpg,filename_only,,,,,[],not_provided,,,9d9d1491d49c4d6b,,valid,valid,valid,0.6327816516844493,0.2843484375,0.798035,1542,423
2021_04_15_2__4185f0a8e246,2021-04-15,2,right_profile,-62.179771423339844,78.7853775024414,-76.3168716430664,2021_04_15 (2).jpg,2021_04_15 (2).jpg,filename_only,,,,,[],not_provided,,,b7be2f3f3a3e1633,,valid,valid,valid,0.4680892772130275,0.207346875,0.798035,1543,263
2021_04_19__2de7fcadfc21,2021-04-19,1,frontal,13.044495582580566,6.097346305847168,-0.2798212170600891,2021_04_19.jpg,2021_04_19.jpg,filename_only,,,,,[],not_provided,,,16ced46c6a4c647d,,valid,valid,valid,0.6409588619115629,0.275034375,0.798035,1544,424
2021_04_21__61f53495916a,2021-04-21,1,right_profile,-9.143209457397461,69.80170440673828,-30.378032684326172,2021_04_21.jpg,2021_04_21.jpg,filename_only,,,,,[],not_provided,,,06961b3d3e3e34b1,,valid,valid,valid,0.49581338038029626,0.2112328125,0.798035,1545,264
2021_04_27__3b3568f287a6,2021-04-27,1,right_light,8.189852714538574,21.051959991455078,1.8511794805526733,2021_04_27.jpg,2021_04_27.jpg,filename_only,,,,,[],not_provided,,,8da453cbcd9f8c6c,,valid,valid,valid,0.637206306533367,0.1932015625,0.798035,1546,141
2021_04_30__abe2a119a8ce,2021-04-30,1,left_profile,26.055875778198242,-57.059200286865234,-13.01889419555664,2021_04_30.jpg,2021_04_30.jpg,filename_only,,,,,[],not_provided,,,bc2c090909410b81,,valid,valid,valid,0.5079391749978996,0.21449375,0.798035,1547,260
2021_05_02__92a1fd84a285,2021-05-02,1,frontal,7.482454776763916,1.3527882099151611,-0.07514381408691406,2021_05_02.jpg,2021_05_02.jpg,filename_only,,,,,[],not_provided,,,b69f96172f0f8ecc,,valid,valid,valid,0.6896580693942703,0.3100734375,0.798035,1548,425
2021_05_02_2__89beae7604fe,2021-05-02,2,right_profile,-10.652238845825195,63.31767272949219,-7.807479381561279,2021_05_02 (2).jpg,2021_05_02 (2).jpg,filename_only,,,,,[],not_provided,,,06839d9e9b9f8dcf,,valid,valid,valid,0.507827158419446,0.1983171875,0.798035,1549,265
2021_05_04__32c579cc87ea,2021-05-04,1,frontal,5.63534688949585,-9.270828247070312,-0.22357428073883057,2021_05_04.jpg,2021_05_04.jpg,filename_only,,,,,[],not_provided,,,aca4c3c1c3c3c76f,,valid,valid,valid,0.6849813772438321,0.24175,0.798035,1550,426
2021_05_10__7761ce102888,2021-05-10,1,left_light,10.268942832946777,-20.455562591552734,-2.3947927951812744,2021_05_10.jpg,2021_05_10.jpg,filename_only,,,,,[],not_provided,,,630d938b8b838746,,valid,valid,valid,0.6306813408384441,0.219834375,0.798035,1551,193
2021_05_10_2__92cca29d619a,2021-05-10,2,left_profile,20.427154541015625,-70.64208984375,-20.235490798950195,2021_05_10 (2).jpg,2021_05_10 (2).jpg,filename_only,,,,,[],not_provided,,,4f1b27072727270d,,valid,valid,valid,0.48225937438740935,0.2278109375,0.798035,1552,261
2021_05_10_3__99dd41c0a92f,2021-05-10,3,right_light,9.078690528869629,15.294360160827637,0.3027500510215759,2021_05_10 (3).jpg,2021_05_10 (3).jpg,filename_only,,,,,[],not_provided,,,f9f9f9f4d4dc7c7e,,valid,valid,valid,0.6417149738161247,0.3564734375,0.798035,1553,142
2021_05_10_4__04e01e0ae93e,2021-05-10,4,right_profile,-30.256803512573242,77.22167205810547,-27.265625,2021_05_10 (4).jpg,2021_05_10 (4).jpg,filename_only,,,,,[],not_provided,,,1df73a323e3e3c1d,,valid,valid,valid,0.47901089361225463,0.223884375,0.798035,1554,266
2021_06_04__b6f4d1b1f6f0,2021-06-04,1,left_light,-0.7780488133430481,-24.79682731628418,-0.6040016412734985,2021_06_04.jpg,2021_06_04.jpg,filename_only,,,,,[],not_provided,,,94870f4b17060e4d,,valid,valid,valid,0.6448514380128259,0.3059625,0.798035,1555,194
2021_06_12__2fb93240849c,2021-06-12,1,frontal,5.3265862464904785,3.026822090148926,0.5092278122901917,2021_06_12.jpg,2021_06_12.jpg,filename_only,,,,,[],not_provided,,,92f0e0e02aa0940c,,valid,valid,valid,0.7108292027220029,0.3195164281501099,0.798035,1556,427
2021_06_14__9a197c370d88,2021-06-14,1,left_light,11.002921104431152,-18.395549774169922,-0.27467721700668335,2021_06_14.jpg,2021_06_14.jpg,filename_only,,,,,[],not_provided,,,37a38b0b8383c74d,,valid,valid,valid,0.6429751603237279,0.324728125,0.798035,1557,195
2021_06_17__102dd94d0028,2021-06-17,1,frontal,15.289657592773438,1.3757362365722656,-0.3245340585708618,2021_06_17.jpg,2021_06_17.jpg,filename_only,,,,,[],not_provided,,,0f8fcbd1e006466f,,valid,valid,valid,0.6618779579377748,0.27353125,0.798035,1558,428
2021_06_25__6944e19a336e,2021-06-25,1,right_light,3.285367727279663,14.84531307220459,-0.1584985852241516,2021_06_25.jpg,2021_06_25.jpg,filename_only,,,,,[],not_provided,,,06163e2f373f9e8e,,valid,valid,valid,0.6575373155226973,0.28749375,0.798035,1559,143
2021_07_06__9eade8d059f6,2021-07-06,1,right_light,11.434595108032227,23.581592559814453,-0.10431981831789017,2021_07_06.jpg,2021_07_06.jpg,filename_only,,,,,[],not_provided,,,726b2b36263e5e6e,,valid,valid,valid,0.6206278529222324,0.3279625,0.798035,1560,144
2021_07_07__2f88d7b2b8dc,2021-07-07,1,right_light,3.404690980911255,15.684934616088867,-0.2454833835363388,2021_07_07.jpg,2021_07_07.jpg,filename_only,,,,,[],not_provided,,,921b1f17171b0f07,,valid,valid,valid,0.6624940491192697,0.302978125,0.798035,1561,145
2021_07_08__736ddced391a,2021-07-08,1,left_profile,3.483259916305542,-54.331905364990234,-1.183839201927185,2021_07_08.jpg,2021_07_08.jpg,filename_only,,,,,[],not_provided,,,98b260081dc5cd42,,valid,valid,valid,0.5248816824890083,0.1880328125,0.798035,1562,262
2021_07_13__55c477ab08d1,2021-07-13,1,frontal,12.995661735534668,1.0790029764175415,0.12146594375371933,2021_07_13.jpg,2021_07_13.jpg,filename_only,,,,,[],not_provided,,,9dcc7cb9786c6db9,,valid,valid,valid,0.6560811000028004,0.1619703125,0.798035,1563,429
2021_07_20__f83413055d7c,2021-07-20,1,left_deep,3.371563196182251,-46.113224029541016,-3.049041509628296,2021_07_20.jpg,2021_07_20.jpg,filename_only,,,,,[],not_provided,,,4e9b8387a78383a6,,valid,valid,valid,0.5636954269231846,0.2606046875,0.798035,1564,61
2021_07_25__4bbfb79a65ab,2021-07-25,1,left_profile,9.747239112854004,-74.24246978759766,-12.395376205444336,2021_07_25.jpg,2021_07_25.jpg,filename_only,,,,,[],not_provided,,,1e344c8fa5a3e70d,,valid,valid,valid,0.47707860763392984,0.228709375,0.798035,1565,263
2021_07_31__840eab782858,2021-07-31,1,left_profile,12.148706436157227,-61.88048553466797,-14.136898040771484,2021_07_31.jpg,2021_07_31.jpg,filename_only,,,,,[],not_provided,,,6d8c1d1e1d1f8b89,,valid,valid,valid,0.49469321459576016,0.1964328125,0.798035,1566,264
2021_08_06__ffe8301681ae,2021-08-06,1,left_profile,34.40284729003906,-51.76696014404297,-6.204476356506348,2021_08_06.jpg,2021_08_06.jpg,filename_only,,,,,[],not_provided,,,c0c0a8b8d0e0e160,,valid,valid,valid,0.5230334089445238,0.24255625,0.798035,1567,265
2021_08_09__f2885e867a59,2021-08-09,1,right_profile,-40.822444915771484,72.02317810058594,-51.85946273803711,2021_08_09.jpg,2021_08_09.jpg,filename_only,,,,,[],not_provided,,,5becb4fcbc7c3da1,,valid,valid,valid,0.48413565207650733,0.2111984375,0.798035,1568,267
2021_08_19__84bcf0794a1f,2021-08-19,1,right_light,10.400238037109375,19.236629486083984,13.488743782043457,2021_08_19.jpg,2021_08_19.jpg,filename_only,,,,,[],not_provided,,,8c5c691c368e8c81,,valid,valid,valid,0.6426391105883671,0.2559546875,0.798035,1569,146
2021_08_21__c068a03f28b8,2021-08-21,1,right_light,1.7544827461242676,21.117416381835938,-0.6676595211029053,2021_08_21.jpg,2021_08_21.jpg,filename_only,,,,,[],not_provided,,,ccc58c86878fcdfc,,valid,valid,valid,0.6303732952476967,0.2956609375,0.798035,1570,147
2021_08_21_3__c6017bc5eea4,2021-08-21,3,right_profile,2.6362838745117188,75.56194305419922,3.9518661499023438,2021_08_21 (3).jpg,2021_08_21 (3).jpg,filename_only,,,,,[],not_provided,,,cce39aec9cdb737e,,valid,valid,valid,0.4819513287966619,0.2569640625,0.798035,1571,268
2021_08_22__f8645f25b3d1,2021-08-22,1,frontal,3.1239962577819824,4.314633369445801,0.439217209815979,2021_08_22.jpg,2021_08_22.jpg,filename_only,,,,,[],not_provided,,,272363236323174d,,valid,valid,valid,0.6972191884398891,0.3208953125,0.798035,1572,430
2021_08_26__a0aff347f2cb,2021-08-26,1,right_mid,3.683567762374878,29.903560638427734,1.6248664855957031,2021_08_26.jpg,2021_08_26.jpg,filename_only,,,,,[],not_provided,,,0604072627271f8b,,valid,valid,valid,0.637206306533367,0.360296875,0.798035,1573,80
2021_09_01__938d910e63b5,2021-09-01,1,left_deep,13.584151268005371,-44.679405212402344,-1.6235206127166748,2021_09_01.jpg,2021_09_01.jpg,filename_only,,,,,[],not_provided,,,599286c7c7c34765,,valid,valid,valid,0.5633313730432103,0.233659375,0.798035,1574,62
2021_09_08__adbad3ec3ea7,2021-09-08,1,right_light,10.830150604248047,11.103757858276367,0.15872782468795776,2021_09_08.jpg,2021_09_08.jpg,filename_only,,,,,[],not_provided,,,161b17173f1f1f0f,,valid,valid,valid,0.6499761964770786,0.3197828125,0.798035,1575,148
2021_09_11__d5ef1d116263,2021-09-11,1,right_deep,14.544758796691895,48.70050048828125,1.9450362920761108,2021_09_11.jpg,2021_09_11.jpg,filename_only,,,,,[],not_provided,,,36316567676d6c78,,valid,valid,valid,0.5461928365398079,0.2510953125,0.798035,1576,36
2021_09_13__8bf0c4350a74,2021-09-13,1,left_profile,-45.58907699584961,-90.03369903564453,46.5755500793457,2021_09_13.jpg,2021_09_13.jpg,filename_only,,,,,[],not_provided,,,cc987cc4c1cbe337,,valid,valid,valid,0.4326080259878462,0.149703125,0.798035,1577,266
2021_09_17__8738aaabcf1c,2021-09-17,1,frontal,12.59955883026123,2.9105944633483887,0.06081664189696312,2021_09_17.jpg,2021_09_17.jpg,filename_only,,,,,[],not_provided,,,9796b4dc289c4c29,,valid,valid,valid,0.6583214315718726,0.330084375,0.798035,1578,431
2021_09_20__02c09f628810,2021-09-20,1,right_profile,-24.567304611206055,80.77196502685547,-38.52681350708008,2021_09_20.jpg,2021_09_20.jpg,filename_only,,,,,[],not_provided,,,6576fffefe743471,,valid,valid,valid,0.4747822677756308,0.215225,0.798035,1579,269
2021_09_29__1ee947aeb2b8,2021-09-29,1,left_light,11.069198608398438,-12.725143432617188,-0.19662043452262878,2021_09_29.jpg,2021_09_29.jpg,filename_only,,,,,[],not_provided,,,ca5b707478666561,,valid,valid,valid,0.6564451538827747,0.202090625,0.798035,1580,196
2021_10_10__0a10c27578c4,2021-10-10,1,frontal,9.604974746704102,-3.1318717002868652,-0.22124764323234558,2021_10_10.jpg,2021_10_10.jpg,filename_only,,,,,[],not_provided,,,9e9cd97cfc1c5d79,,valid,valid,valid,0.6747598644599401,0.30905,0.798035,1581,432
2021_10_11__3c4e1f8c9cf3,2021-10-11,1,right_profile,-23.707263946533203,65.1694107055664,-40.458984375,2021_10_11.jpg,2021_10_11.jpg,filename_only,,,,,[],not_provided,,,e666dafc9cfcf971,,valid,valid,valid,0.500518076675348,0.214453125,0.798035,1582,270
2021_10_14__68691b9e3f6b,2021-10-14,1,left_profile,6.084712982177734,-55.96724319458008,3.5745906829833984,2021_10_14.jpg,2021_10_14.jpg,filename_only,,,,,[],not_provided,,,9b23c3838583c346,,valid,valid,valid,0.5350471869836736,0.3031328125,0.798035,1583,267
2021_10_15__f04ee9c0b416,2021-10-15,1,right_mid,1.0415048599243164,33.24626159667969,1.8024100065231323,2021_10_15.jpg,2021_10_15.jpg,filename_only,,,,,[],not_provided,,,ccf4d9fcec7e7e7a,,valid,valid,valid,0.6132627628889076,0.262459375,0.798035,1584,81
2021_10_22__11595676c812,2021-10-22,1,left_profile,-3.0011088848114014,-65.20248413085938,20.03412628173828,2021_10_22.jpg,2021_10_22.jpg,filename_only,,,,,[],not_provided,,,963622c2d0c36204,,valid,valid,valid,0.5062029180318687,0.1717390625,0.798035,1585,268
2021_10_25__0d29ae8b3703,2021-10-25,1,frontal,5.448091983795166,9.327818870544434,0.022164389491081238,2021_10_25.jpg,2021_10_25.jpg,filename_only,,,,,[],not_provided,,,96dc9c94bc1c1d7b,,valid,valid,valid,0.6671147329804811,0.24580625,0.798035,1586,433
2021_11_04__ed922f4722ed,2021-11-04,1,right_light,16.911113739013672,22.78148078918457,0.367737352848053,2021_11_04.jpg,2021_11_04.jpg,filename_only,,,,,[],not_provided,,,969e2e2d3f3f1f39,,valid,valid,valid,0.5968803382900669,0.3159,0.798035,1587,149
2021_11_10__0fd73942d0c0,2021-11-10,1,right_profile,14.878512382507324,78.53836822509766,2.203273296356201,2021_11_10.jpg,2021_11_10.jpg,filename_only,,,,,[],not_provided,,,75f6fafcf4743431,,valid,valid,valid,0.47609846257246075,0.2211625,0.798035,1588,271
2021_11_12__abeef6d529ad,2021-11-12,1,left_deep,9.144408226013184,-47.78913116455078,-2.484877347946167,2021_11_12.jpg,2021_11_12.jpg,filename_only,,,,,[],not_provided,,,35c5c48488000913,,valid,valid,valid,0.5556022291299112,0.2986859375,0.798035,1589,63
2021_11_17__eb2acc6655b8,2021-11-17,1,left_light,2.2942376136779785,-18.27100372314453,-0.1498311311006546,2021_11_17.jpg,2021_11_17.jpg,filename_only,,,,,[],not_provided,,,95e168c890d0c449,,valid,valid,valid,0.6697191184295276,0.30801875,0.798035,1590,197
2021_11_21__26f7d8d4ff8d,2021-11-21,1,left_profile,20.195058822631836,-57.07673263549805,-18.630815505981445,2021_11_21.jpg,2021_11_21.jpg,filename_only,,,,,[],not_provided,,,4f5c67cf8fa3cf0f,,valid,valid,valid,0.5085272620347812,0.214846875,0.798035,1591,269
2021_11_23__32f4652a094d,2021-11-23,1,frontal,9.783263206481934,-9.700133323669434,-0.3317190110683441,2021_11_23.jpg,2021_11_23.jpg,filename_only,,,,,[],not_provided,,,96977bf7d5c544a0,,valid,valid,valid,0.6807247472625949,0.3121265625,0.798035,1592,434
2021_12_08__1f85f23b7e7b,2021-12-08,1,right_mid,2.495720148086548,36.80706787109375,0.9377270936965942,2021_12_08.jpg,2021_12_08.jpg,filename_only,,,,,[],not_provided,,,377961646434144f,,valid,valid,valid,0.6198717410176706,0.300721875,0.798035,1593,82
2021_12_23__fcb17104984a,2021-12-23,1,right_profile,-8.328402519226074,51.87422561645508,-9.106013298034668,2021_12_23.jpg,2021_12_23.jpg,filename_only,,,,,[],not_provided,,,c6933d1f1d3f9f8f,,valid,valid,valid,0.5405079951832871,0.296965625,0.798035,1594,272
2021_12_27__7ce4bf2549f3,2021-12-27,1,frontal,10.691085815429688,2.9669220447540283,0.1370031237602234,2021_12_27.jpg,2021_12_27.jpg,filename_only,,,,,[],not_provided,,,d6d0716068666531,,valid,valid,valid,0.6872777171021311,0.257071875,0.798035,1595,435
2021_12_28__ca302facb504,2021-12-28,1,left_deep,22.026790618896484,-49.879459381103516,-16.874370574951172,2021_12_28.jpg,2021_12_28.jpg,filename_only,,,,,[],not_provided,,,cbcb6464666765b9,,valid,valid,valid,0.5546220840684422,0.218321875,0.798035,1596,64
2021_12_28_2__6a0f17f71f15,2021-12-28,2,right_profile,-62.48379135131836,74.23497772216797,-62.10719299316406,2021_12_28 (2).jpg,2021_12_28 (2).jpg,filename_only,,,,,[],not_provided,,,4e663b7ebe37934f,,valid,valid,valid,0.4758744294155535,0.235509375,0.798035,1597,273
2021_12_29__d2d4dbcea674,2021-12-29,1,right_mid,10.463275909423828,25.879138946533203,1.2968928813934326,2021_12_29.jpg,2021_12_29.jpg,filename_only,,,,,[],not_provided,,,8cb6ee2f673e9e5e,,valid,valid,valid,0.6069338262062786,0.26983125,0.798035,1598,83
2022_01_07__c5238fe8090c,2022-01-07,1,right_profile,-20.567092895507812,56.299560546875,-14.450016975402832,2022_01_07.jpg,2022_01_07.jpg,filename_only,,,,,[],not_provided,,,4d6749c74e4c6c3d,,valid,valid,valid,0.5342910750791117,0.2928203125,0.798035,1599,274
2022_01_10__becb9dd29d3b,2022-01-10,1,frontal,11.565573692321777,-2.492772340774536,-0.0393499992787838,2022_01_10.jpg,2022_01_10.jpg,filename_only,,,,,[],not_provided,,,9668d1e8eccc496b,,valid,valid,valid,0.6662466044974656,0.3099171875,0.798035,1600,436
2022_01_12__6efc95f1d79d,2022-01-12,1,left_profile,-85.41799926757812,-86.43590545654297,85.02584838867188,2022_01_12.jpg,2022_01_12.jpg,filename_only,,,,,[],not_provided,,,81c58f93c3c30383,,valid,valid,valid,0.4176258086196757,0.1438640625,0.798035,1601,270
2022_01_19__789fa9022833,2022-01-19,1,right_profile,5.588067531585693,59.294044494628906,0.0018497004639357328,2022_01_19.jpg,2022_01_19.jpg,filename_only,,,,,[],not_provided,,,e6dabedede3a98da,,valid,valid,valid,0.5193368618555546,0.3032671875,0.798035,1602,275
2022_01_25__b9c13c21238e,2022-01-25,1,frontal,8.745573043823242,2.053518772125244,0.17044095695018768,2022_01_25.jpg,2022_01_25.jpg,filename_only,,,,,[],not_provided,,,159ed4dcec9ccd49,,valid,valid,valid,0.6744238147245792,0.323234375,0.798035,1603,437
2022_02_01__f3d5612dd266,2022-02-01,1,right_profile,-26.171384811401367,72.8099365234375,-43.496238708496094,2022_02_01.jpg,2022_02_01.jpg,filename_only,,,,,[],not_provided,,,b3d96d1f3a3a9ac6,,valid,valid,valid,0.48346355260578566,0.23011875,0.798035,1604,276
2022_02_16__680b77f28b2e,2022-02-16,1,left_mid,24.351713180541992,-33.29612350463867,-11.620436668395996,2022_02_16.jpg,2022_02_16.jpg,filename_only,,,,,[],not_provided,,,969380c840406021,,valid,valid,valid,0.5985885911114845,0.265834375,0.798035,1605,93
2022_02_21__b54ecdf3706f,2022-02-21,1,frontal,8.638504981994629,7.515023708343506,-0.05803835391998291,2022_02_21.jpg,2022_02_21.jpg,filename_only,,,,,[],not_provided,,,520b97973b1f8f4f,,valid,valid,valid,0.6808087596964351,0.30745625,0.798035,1606,438
2022_02_24__08d4498ab347,2022-02-24,1,left_mid,16.52069091796875,-26.041723251342773,-0.3659389019012451,2022_02_24.jpg,2022_02_24.jpg,filename_only,,,,,[],not_provided,,,9c26001113070b03,,valid,valid,valid,0.625388557506511,0.2729671875,0.798035,1607,94
2022_02_27__dcda071f9fa6,2022-02-27,1,left_mid,11.124357223510742,-25.416460037231445,-2.9460418224334717,2022_02_27.jpg,2022_02_27.jpg,filename_only,,,,,[],not_provided,,,9492820a90c2c48c,,valid,valid,valid,0.6419110028284186,0.2624984375,0.798035,1608,95
2022_02_27_2__d7ac3681a93f,2022-02-27,2,right_profile,-27.455602645874023,65.38203430175781,-37.16727828979492,2022_02_27 (2).jpg,2022_02_27 (2).jpg,filename_only,,,,,[],not_provided,,,71fcce8c8c7c3833,,valid,valid,valid,0.5019462880506315,0.2738671875,0.798035,1609,277
2022_03_02__4615a4894dde,2022-03-02,1,right_profile,7.9821367263793945,51.802146911621094,2.0830514430999756,2022_03_02.jpg,2022_03_02.jpg,filename_only,,,,,[],not_provided,,,04920f270f1f8f4e,,valid,valid,valid,0.539947912291019,0.2740125,0.798035,1610,278
2022_03_05__8611a91decd7,2022-03-05,1,left_mid,11.986028671264648,-36.22880935668945,-8.626603126525879,2022_03_05.jpg,2022_03_05.jpg,filename_only,,,,,[],not_provided,,,96b68f0b1606069c,,valid,valid,valid,0.6185275420762273,0.26195625,0.798035,1611,96
2022_03_11__b53d62836e5a,2022-03-11,1,left_profile,33.19346618652344,-52.912628173828125,-15.138184547424316,2022_03_11.jpg,2022_03_11.jpg,filename_only,,,,,[],not_provided,,,5c9686070303878c,,valid,valid,valid,0.5104595480131059,0.174440625,0.798035,1612,271
2022_03_11_2__96d64c503333,2022-03-11,2,left_profile,25.472875595092773,-57.766963958740234,-23.793672561645508,2022_03_11 (2).jpg,2022_03_11 (2).jpg,filename_only,,,,,[],not_provided,,,8fd76cc4c4c4e161,,valid,valid,valid,0.5102075107115853,0.236796875,0.798035,1613,272
2022_03_18__553d35557c6c,2022-03-18,1,frontal,18.862869262695312,-3.3968288898468018,-0.14633668959140778,2022_03_18.jpg,2022_03_18.jpg,filename_only,,,,,[],not_provided,,,323296222b178fcd,,valid,valid,valid,0.6552969839536251,0.2619609375,0.798035,1614,439
2022_03_25__2cc2b68e958b,2022-03-25,1,frontal,9.951614379882812,8.093670845031738,-12.649332046508789,2022_03_25.jpg,2022_03_25.jpg,filename_only,,,,,[],not_provided,,,97cef8c9b499d972,,valid,valid,valid,0.6473998151726456,0.283775,0.798035,1615,440
2022_04_05__188ed35b5c41,2022-04-05,1,left_light,19.505287170410156,-11.512901306152344,-0.2093752771615982,2022_04_05.jpg,2022_04_05.jpg,filename_only,,,,,[],not_provided,,,9c0696d7c7cf4969,,valid,valid,valid,0.6206558570668459,0.2636390625,0.798035,1616,198
2022_04_12__98400c1805b5,2022-04-12,1,right_mid,-1.7856038808822632,37.02348327636719,0.8871971368789673,2022_04_12.jpg,2022_04_12.jpg,filename_only,,,,,[],not_provided,,,6c6c66666527370d,,valid,valid,valid,0.6110784396090622,0.145790625,0.798035,1617,84
2022_04_20__83cd19b642e3,2022-04-20,1,left_light,15.016253471374512,-17.49597930908203,-0.43983396887779236,2022_04_20.jpg,2022_04_20.jpg,filename_only,,,,,[],not_provided,,,349ed6f6d7cfcf6d,,valid,valid,valid,0.63443389621664,0.2643125,0.798035,1618,199
2022_04_27__087cddd268f6,2022-04-27,1,left_light,0.4790040850639343,-15.008720397949219,0.17237123847007751,2022_04_27.jpg,2022_04_27.jpg,filename_only,,,,,[],not_provided,,,95b141d39387464f,,valid,valid,valid,0.6784564115489092,0.27484375,0.798035,1619,200
2022_04_27_2__6c1e6c75a482,2022-04-27,2,left_profile,-2.956652879714966,-51.107139587402344,14.380802154541016,2022_04_27 (2).jpg,2022_04_27 (2).jpg,filename_only,,,,,[],not_provided,,,98316cd38cc3c664,,valid,valid,valid,0.5639474642247052,0.22551875,0.798035,1620,273
2022_05_06__799a90ab5aa4,2022-05-06,1,right_profile,-7.289365291595459,64.38302612304688,-17.285327911376953,2022_05_06.jpg,2022_05_06.jpg,filename_only,,,,,[],not_provided,,,66324b878f9b8b26,,valid,valid,valid,0.5018342714721779,0.190265625,0.798035,1621,279
2022_05_23__85ae14595c47,2022-05-23,1,right_profile,-29.852447509765625,79.5137939453125,-28.09071159362793,2022_05_23.jpg,2022_05_23.jpg,filename_only,,,,,[],not_provided,,,66724ede4f6e3c3c,,valid,valid,valid,0.4682573020807079,0.2386875,0.798035,1622,280
2022_05_25__224d9802137c,2022-05-25,1,left_profile,25.368621826171875,-82.81645202636719,-11.948590278625488,2022_05_25.jpg,2022_05_25.jpg,filename_only,,,,,[],not_provided,,,197c6c849490d0d0,,valid,valid,valid,0.45081071998655803,0.21136875,0.798035,1623,274
2022_05_26__153da8f9edac,2022-05-26,1,left_mid,7.890848636627197,-32.18476104736328,-2.9623663425445557,2022_05_26.jpg,2022_05_26.jpg,filename_only,,,,,[],not_provided,,,95970b0b0a864e6d,,valid,valid,valid,0.6039933910218712,0.256609375,0.798035,1624,97
2022_06_03__a9bddb7cd5a3,2022-06-03,1,left_mid,2.525031566619873,-27.31282615661621,-2.6111462116241455,2022_06_03.jpg,2022_06_03.jpg,filename_only,,,,,[],not_provided,,,99707cd6da5f0f0f,,valid,valid,valid,0.631437452743006,0.324753125,0.798035,1625,98
2022_06_03_2__c04b93d8ed98,2022-06-03,2,left_profile,-7.804407596588135,-65.45756530761719,3.389033555984497,2022_06_03 (2).jpg,2022_06_03 (2).jpg,filename_only,,,,,[],not_provided,,,0988b48c8cac070d,,valid,valid,valid,0.5044106527766109,0.2540015625,0.798035,1626,275
2022_06_07__55a58e72e9d8,2022-06-07,1,left_profile,17.063291549682617,-68.18710327148438,-17.154842376708984,2022_06_07.jpg,2022_06_07.jpg,filename_only,,,,,[],not_provided,,,1d3e0e8fa7276705,,valid,valid,valid,0.4879162115993167,0.223115625,0.798035,1627,276
2022_06_12__6fb1328ed68b,2022-06-12,1,right_profile,-0.13140547275543213,53.09495544433594,-1.909114122390747,2022_06_12.jpg,2022_06_12.jpg,filename_only,,,,,[],not_provided,,,c6936d228696ccd4,,valid,valid,valid,0.5512615867148338,0.240396875,0.798035,1628,281
2022_06_17__a0fd72c65080,2022-06-17,1,right_deep,12.01743221282959,43.83534622192383,-0.6923796534538269,2022_06_17.jpg,2022_06_17.jpg,filename_only,,,,,[],not_provided,,,d61b1c1e3e3cbc79,,valid,valid,valid,0.5719566495841385,0.2781828125,0.798035,1629,37
2022_06_24__08b5eeb1f9bb,2022-06-24,1,left_light,11.607900619506836,-19.083120346069336,-13.096092224121094,2022_06_24.jpg,2022_06_24.jpg,filename_only,,,,,[],not_provided,,,cb478b0b1206868c,,valid,valid,valid,0.6319135232014338,0.2799265625,0.798035,1630,201
2022_06_24_2__1e98ac619009,2022-06-24,2,right_light,5.619723320007324,16.504159927368164,0.6827064156532288,2022_06_24 (2).jpg,2022_06_24 (2).jpg,filename_only,,,,,[],not_provided,,,d66a279713939fce,,valid,valid,valid,0.6608978128763057,0.3196776680624717,0.798035,1631,150
2022_06_30__7476657e200f,2022-06-30,1,left_profile,-49.12722396850586,-83.25186157226562,47.13491439819336,2022_06_30.jpg,2022_06_30.jpg,filename_only,,,,,[],not_provided,,,4b987cc6c6d3d725,,valid,valid,valid,0.4538071634601921,0.18904375,0.798035,1632,277
2022_06_30_2__85bcdd60bd33,2022-06-30,2,frontal,15.043453216552734,-7.91901159286499,-0.23416490852832794,2022_06_30 (2).jpg,2022_06_30 (2).jpg,filename_only,,,,,[],not_provided,,,34b9a9e9f8d0c961,,valid,valid,valid,0.648547985101795,0.31515,0.798035,1633,441
2022_07_01_2__292fcc9fadc4,2022-07-01,2,right_light,14.78022289276123,14.743097305297852,-0.03052838332951069,2022_07_01 (2).jpg,2022_07_01 (2).jpg,filename_only,,,,,[],not_provided,,,46868610d6044c69,,valid,valid,valid,0.6251365202049903,0.302621875,0.798035,1634,151
2022_07_20__69b02b753bdf,2022-07-20,1,left_light,11.885810852050781,-23.260435104370117,-3.1905357837677,2022_07_20.jpg,2022_07_20.jpg,filename_only,,,,,[],not_provided,,,9c2623131303070d,,valid,valid,valid,0.6315494693214596,0.29055,0.798035,1635,202
2022_07_20_2__a0ad09f48046,2022-07-20,2,right_mid,2.989548444747925,25.327686309814453,0.13383008539676666,2022_07_20 (2).jpg,2022_07_20 (2).jpg,filename_only,,,,,[],not_provided,,,9603231313078747,,valid,valid,valid,0.6406228121762021,0.3216,0.798035,1636,85
2022_07_20_3__8c14906e95c1,2022-07-20,3,right_profile,-18.070518493652344,64.73222351074219,-17.188074111938477,2022_07_20 (3).jpg,2022_07_20 (3).jpg,filename_only,,,,,[],not_provided,,,67fb9d9b9f9f4d6f,,valid,valid,valid,0.49995799378307987,0.2590171875,0.798035,1637,282
2022_07_24__b99c2ef8bbdc,2022-07-24,1,frontal,22.90923500061035,-8.436546325683594,-7.551485538482666,2022_07_24.jpg,2022_07_24.jpg,filename_only,,,,,[],not_provided,,,d68696d3cfc7ce6e,,valid,valid,valid,0.6240443585650677,0.2718203125,0.798035,1638,442
2022_07_31__1759e190a336,2022-07-31,1,right_profile,21.90255355834961,67.9793472290039,22.650711059570312,2022_07_31.jpg,2022_07_31.jpg,filename_only,,,,,[],not_provided,,,ecf6f8f4de7a3973,,valid,valid,valid,0.484667730824162,0.2242734375,0.798035,1639,283
2022_08_02__fba262c7d18b,2022-08-02,1,right_light,11.203324317932129,19.155025482177734,-4.094188690185547,2022_08_02.jpg,2022_08_02.jpg,filename_only,,,,,[],not_provided,,,96cb6717173f1f8e,,valid,valid,valid,0.6392506090901453,0.3210078125,0.798035,1640,152
2022_08_05__395527af6938,2022-08-05,1,left_mid,21.831892013549805,-33.19462966918945,-4.004271507263184,2022_08_05.jpg,2022_08_05.jpg,filename_only,,,,,[],not_provided,,,36b8e8c8c0c3e666,,valid,valid,valid,0.5803018846789325,0.261634375,0.798035,1641,99
2022_08_05_2__d146f6282480,2022-08-05,2,frontal,21.48954200744629,-1.0309380292892456,0.3273163139820099,2022_08_05 (2).jpg,2022_08_05 (2).jpg,filename_only,,,,,[],not_provided,,,b5b4e9e1c28786ce,,valid,valid,valid,0.6212999523929541,0.2807984375,0.798035,1642,443
2022_08_15__0a46ed3f1197,2022-08-15,1,right_light,13.844024658203125,18.644134521484375,-0.15290850400924683,2022_08_15.jpg,2022_08_15.jpg,filename_only,,,,,[],not_provided,,,97969954d45c4c6b,,valid,valid,valid,0.6175473970147581,0.2957671875,0.798035,1643,153
2022_08_23__142a077e06e9,2022-08-23,1,right_profile,5.165278911590576,58.45252227783203,-8.211237907409668,2022_08_23.jpg,2022_08_23.jpg,filename_only,,,,,[],not_provided,,,c5962b1f1f3f1bae,,valid,valid,valid,0.5140440785236216,0.2517421875,0.798035,1644,284
2022_08_26__1bc5f5bcd350,2022-08-26,1,right_profile,-1.7659560441970825,71.09589385986328,-11.039661407470703,2022_08_26.jpg,2022_08_26.jpg,filename_only,,,,,[],not_provided,,,e6321b0f1e371386,,valid,valid,valid,0.49057660533758995,0.238315625,0.798035,1645,285
2022_09_05__a3c6fb86efd9,2022-09-05,1,frontal,12.24620246887207,-5.495451927185059,-0.19050900638103485,2022_09_05.jpg,2022_09_05.jpg,filename_only,,,,,[],not_provided,,,8bd3d06adb536377,,valid,valid,valid,0.6645663558206615,0.2519828125,0.798035,1646,444
2022_09_15__0dd6740b98f3,2022-09-15,1,right_profile,14.412044525146484,63.34687805175781,-1.197548270225525,2022_09_15.jpg,2022_09_15.jpg,filename_only,,,,,[],not_provided,,,e4d6cecedcdc70b4,,valid,valid,valid,0.5004620683861212,0.246346875,0.798035,1647,286
2022_09_16__0e842db0ced6,2022-09-16,1,right_profile,-16.173248291015625,69.40847778320312,-31.227916717529297,2022_09_16.jpg,2022_09_16.jpg,filename_only,,,,,[],not_provided,,,33910b1b1b3b1786,,valid,valid,valid,0.4901285390237755,0.2268796875,0.798035,1648,287
2022_09_20__b5430527c29b,2022-09-20,1,left_profile,-28.52495765686035,-70.56710815429688,39.380340576171875,2022_09_20.jpg,2022_09_20.jpg,filename_only,,,,,[],not_provided,,,4e9b330303419396,,valid,valid,valid,0.49049259290374975,0.2152546875,0.798035,1649,278
2022_09_20_2__1d31a7c325f0,2022-09-20,2,frontal,10.594945907592773,-4.506639003753662,0.034357450902462006,2022_09_20 (2).jpg,2022_09_20 (2).jpg,filename_only,,,,,[],not_provided,,,96969b1b331b874c,,valid,valid,valid,0.69492284858159,0.282109375,0.798035,1650,445
2022_09_21__4d1d3ba243c1,2022-09-21,1,left_light,19.799907684326172,-23.46531867980957,-0.36120566725730896,2022_09_21.jpg,2022_09_21.jpg,filename_only,,,,,[],not_provided,,,363681d9c34b4c6f,,valid,valid,valid,0.5904953933182111,0.2845171875,0.798035,1651,203
2022_09_21_2__6d8cca6777c2,2022-09-21,2,frontal,10.485820770263672,-2.4865493774414062,-0.17310835421085358,2022_09_21 (2).jpg,2022_09_21 (2).jpg,filename_only,,,,,[],not_provided,,,b5b717362b2b360d,,valid,valid,valid,0.6917303760956621,0.3020796875,0.798035,1652,446
2022_10_07__e3e8d786658a,2022-10-07,1,frontal,20.15353775024414,2.9603917598724365,0.06637353450059891,2022_10_07.jpg,2022_10_07.jpg,filename_only,,,,,[],not_provided,,,16968aebab93d7cd,,valid,valid,valid,0.6515164244308158,0.341609375,0.798035,1653,447
2022_10_10__794d0538888f,2022-10-10,1,right_profile,7.128753185272217,53.24087905883789,-8.218829154968262,2022_10_10.jpg,2022_10_10.jpg,filename_only,,,,,[],not_provided,,,261a3f3f1b3f1f9f,,valid,valid,valid,0.5366994315158643,0.26365625,0.798035,1654,288
2022_10_11__981638ce4aef,2022-10-11,1,left_profile,-21.76830291748047,-71.97920989990234,19.944631576538086,2022_10_11.jpg,2022_10_11.jpg,filename_only,,,,,[],not_provided,,,137181a40981c105,,valid,valid,valid,0.4858159007533115,0.1985375,0.798035,1655,279
2022_10_13__3e0f4cb41e15,2022-10-13,1,right_profile,1.4984955787658691,85.50225830078125,-11.041084289550781,2022_10_13.jpg,2022_10_13.jpg,filename_only,,,,,[],not_provided,,,86d3090f1f1793c6,,valid,valid,valid,0.45601949088465094,0.2011234375,0.798035,1656,289
2022_10_14__5f4c019fc926,2022-10-14,1,left_deep,10.968550682067871,-44.51359558105469,-0.37400832772254944,2022_10_14.jpg,2022_10_14.jpg,filename_only,,,,,[],not_provided,,,3d349e8f8ea7070e,,valid,valid,valid,0.5948360357332886,0.29023125,0.798035,1657,65
2022_10_14_2__b1df2b887711,2022-10-14,2,frontal,10.610187530517578,-9.102374076843262,-0.03320635110139847,2022_10_14 (2).jpg,2022_10_14 (2).jpg,filename_only,,,,,[],not_provided,,,94b25216b207064c,,valid,valid,valid,0.6872777171021311,0.3144359375,0.798035,1658,448
2022_10_31__d0a5571ad4fa,2022-10-31,1,left_mid,11.811836242675781,-31.02433204650879,-6.250284671783447,2022_10_31.jpg,2022_10_31.jpg,filename_only,,,,,[],not_provided,,,36353b3b11531709,,valid,valid,valid,0.6165392478086756,0.268721875,0.798035,1659,100
2022_11_04__d7b62a1c2d11,2022-11-04,1,right_mid,-6.555905342102051,28.43106460571289,-0.1901998370885849,2022_11_04.jpg,2022_11_04.jpg,filename_only,,,,,[],not_provided,,,55f2696373730f07,,valid,valid,valid,0.615727127614887,0.297784375,0.798035,1660,86
2022_11_09__0988529ebb43,2022-11-09,1,left_profile,13.601795196533203,-51.03217697143555,-4.61050271987915,2022_11_09.jpg,2022_11_09.jpg,filename_only,,,,,[],not_provided,,,9d3646870703068d,,valid,valid,valid,0.5351592035621272,0.2221125,0.798035,1661,280
2022_11_23__594d930ace98,2022-11-23,1,left_mid,17.94846534729004,-27.45886993408203,-2.647481918334961,2022_11_23.jpg,2022_11_23.jpg,filename_only,,,,,[],not_provided,,,bc3bd3b314040c89,,valid,valid,valid,0.5933518160687782,0.23023125,0.798035,1662,101
2022_11_25__f3c14d0ac75d,2022-11-25,1,left_deep,16.14369010925293,-47.87018585205078,-1.7448973655700684,2022_11_25.jpg,2022_11_25.jpg,filename_only,,,,,[],not_provided,,,de978b8fcfc36726,,valid,valid,valid,0.5666918703968187,0.26585,0.798035,1663,66
2022_11_29__2b5fb92c9fe7,2022-11-29,1,right_deep,12.80591106414795,45.161834716796875,-4.014880657196045,2022_11_29.jpg,2022_11_29.jpg,filename_only,,,,,[],not_provided,,,568b270f2f1f8b4f,,valid,valid,valid,0.5653756755999888,0.277078125,0.798035,1664,38
2022_12_05__e2da3732d33e,2022-12-05,1,right_light,9.78225040435791,21.10121726989746,-0.7246719598770142,2022_12_05.jpg,2022_12_05.jpg,filename_only,,,,,[],not_provided,,,98bea2f3f2fc7c79,,valid,valid,valid,0.6390825842224649,0.35744375,0.798035,1665,154
2022_12_09__52c258c19de2,2022-12-09,1,left_profile,25.355485916137695,-58.743408203125,-9.214298248291016,2022_12_09.jpg,2022_12_09.jpg,filename_only,,,,,[],not_provided,,,3c2e0f0d8ea6069e,,valid,valid,valid,0.506847013357977,0.21169375,0.798035,1666,281
2022_12_13__9c0aceb0d907,2022-12-13,1,right_profile,17.8265438079834,75.6709213256836,17.63885498046875,2022_12_13.jpg,2022_12_13.jpg,filename_only,,,,,[],not_provided,,,6df7fabe5e7a1859,,valid,valid,valid,0.4827634489904506,0.2171890625,0.798035,1667,290
2022_12_19__7eb4b26b3a04,2022-12-19,1,left_mid,10.408340454101562,-31.022502899169922,-1.620697021484375,2022_12_19.jpg,2022_12_19.jpg,filename_only,,,,,[],not_provided,,,1e94dadbd8ccc861,,valid,valid,valid,0.6057576521325156,0.3370640625,0.798035,1668,102
2022_12_22__64e0e11392e5,2022-12-22,1,frontal,-0.5901682376861572,1.2219929695129395,-0.07980285584926605,2022_12_22.jpg,2022_12_22.jpg,filename_only,,,,,[],not_provided,,,a5756d3636460e1e,,valid,valid,valid,0.7390573804923128,0.2668421875,0.798035,1669,449
2022_12_22_2__27be67885fa4,2022-12-22,2,right_profile,-12.661298751831055,74.76603698730469,-10.276250839233398,2022_12_22 (2).jpg,2022_12_22 (2).jpg,filename_only,,,,,[],not_provided,,,8c20302c3c381859,,valid,valid,valid,0.48640398779019295,0.2352640625,0.798035,1670,291
2022_12_31__6b651e247271,2022-12-31,1,frontal,9.596677780151367,8.715607643127441,0.1130312979221344,2022_12_31.jpg,2022_12_31.jpg,filename_only,,,,,[],not_provided,,,96c666c7c3476f79,,valid,valid,valid,0.6760480551121566,0.238225,0.798035,1671,450
2023_01_12__08ca0243dcba,2023-01-12,1,right_light,13.88432502746582,12.827629089355469,-0.01825602725148201,2023_01_12.jpg,2023_01_12.jpg,filename_only,,,,,[],not_provided,,,97a6ec54141c1c48,,valid,valid,valid,0.6387465344871041,0.344121875,0.798035,1672,155
2023_01_13__3fea30bb1c4c,2023-01-13,1,left_light,12.505865097045898,-24.69765853881836,-1.8534711599349976,2023_01_13.jpg,2023_01_13.jpg,filename_only,,,,,[],not_provided,,,979e4cdcd4ccc921,,valid,valid,valid,0.6358341034473102,0.32094375,0.798035,1673,204
2023_01_13_2__b24c1aa178cd,2023-01-13,2,left_profile,-2.3854305744171143,-58.45555114746094,2.0132153034210205,2023_01_13 (2).jpg,2023_01_13 (2).jpg,filename_only,,,,,[],not_provided,,,3131c5848c8cc167,,valid,valid,valid,0.529166316614859,0.2438703125,0.798035,1674,282
2023_01_18__37264ba9e194,2023-01-18,1,left_profile,-7.673414707183838,-83.36392974853516,4.875306606292725,2023_01_18.jpg,2023_01_18.jpg,filename_only,,,,,[],not_provided,,,e1c387839353270f,,valid,valid,valid,0.4596320255397799,0.2245609375,0.798035,1675,283
2023_01_18_2__e5887eeb06c9,2023-01-18,2,frontal,12.813651084899902,-3.2648041248321533,-0.12387336790561676,2023_01_18 (2).jpg,2023_01_18 (2).jpg,filename_only,,,,,[],not_provided,,,961612ab2b1b0f0e,,valid,valid,valid,0.6791565151642444,0.286025,0.798035,1676,451
2023_01_18_3__d908e6a9e534,2023-01-18,3,right_profile,-4.813055515289307,78.98297119140625,-3.557767629623413,2023_01_18 (3).jpg,2023_01_18 (3).jpg,filename_only,,,,,[],not_provided,,,5de5919c9436135f,,valid,valid,valid,0.47719062421238345,0.197878125,0.798035,1677,292
2023_01_25__78688694cc4b,2023-01-25,1,right_profile,-14.924365043640137,78.5009994506836,-27.803417205810547,2023_01_25.jpg,2023_01_25.jpg,filename_only,,,,,[],not_provided,,,4cd6b8bcdcfcf468,,valid,valid,valid,0.46755719846537286,0.1950953125,0.798035,1678,293
2023_01_30__83dffb5bd927,2023-01-30,1,frontal,22.28449249267578,2.7779853343963623,-0.4309740364551544,2023_01_30.jpg,2023_01_30.jpg,filename_only,,,,,[],not_provided,,,4687cf68ce466c6d,,valid,valid,valid,0.6058136604217425,0.2884953125,0.798035,1679,452
2023_02_02__31806c07db75,2023-02-02,1,right_deep,7.7915449142456055,47.06957244873047,0.4804615080356598,2023_02_02.jpg,2023_02_02.jpg,filename_only,,,,,[],not_provided,,,8c3438183c3c98a2,,valid,valid,valid,0.5580665938558906,0.2300984375,0.798035,1680,39
2023_02_08__3bb6e2b3a6a8,2023-02-08,1,frontal,15.39156723022461,-1.9993270635604858,0.1380694955587387,2023_02_08.jpg,2023_02_08.jpg,filename_only,,,,,[],not_provided,,,97969693ab464c6f,,valid,valid,valid,0.6756279929429555,0.263953125,0.798035,1681,453
2023_02_10__4241995f50e5,2023-02-10,1,left_mid,-3.772308588027954,-29.869483947753906,-3.6139276027679443,2023_02_10.jpg,2023_02_10.jpg,filename_only,,,,,[],not_provided,,,e64cddb9d9716321,,valid,valid,valid,0.6396426671147329,0.2586265625,0.798035,1682,103
2023_02_21__9df36ac5a382,2023-02-21,1,right_profile,-27.764240264892578,79.40658569335938,-40.418453216552734,2023_02_21.jpg,2023_02_21.jpg,filename_only,,,,,[],not_provided,,,cd86933d343cbd99,,valid,valid,valid,0.47256994035117195,0.165921875,0.798035,1683,294
2023_02_23__2c8e0a0cd6f9,2023-02-23,1,frontal,8.578232765197754,-4.070450782775879,-0.0709679052233696,2023_02_23.jpg,2023_02_23.jpg,filename_only,,,,,[],not_provided,,,97b16160e0e0466c,,valid,valid,valid,0.6898260942619507,0.28719375,0.798035,1684,454
2023_02_28__a6eb4cf583e0,2023-02-28,1,right_light,13.259532928466797,12.82206916809082,0.27206605672836304,2023_02_28.jpg,2023_02_28.jpg,filename_only,,,,,[],not_provided,,,ac142d36143f1f1f,,valid,valid,valid,0.6507323083816405,0.2715015625,0.798035,1685,156
2023_03_02__a4263a5757d2,2023-03-02,1,left_light,16.322311401367188,-11.822675704956055,-0.14518633484840393,2023_03_02.jpg,2023_03_02.jpg,filename_only,,,,,[],not_provided,,,8d8505e3c1c7497f,,valid,valid,valid,0.6414349323699907,0.24863125,0.798035,1686,205
2023_03_07__f09872ca5872,2023-03-07,1,right_profile,27.71202850341797,81.61112213134766,28.352252960205078,2023_03_07.jpg,2023_03_07.jpg,filename_only,,,,,[],not_provided,,,d3dc2e1f1f1f1b4f,,valid,valid,valid,0.46436472597944495,0.1730296875,0.798035,1687,295
2023_03_08__eecc325970c5,2023-03-08,1,right_light,5.758780479431152,21.58840560913086,-1.2906476259231567,2023_03_08.jpg,2023_03_08.jpg,filename_only,,,,,[],not_provided,,,6c7541c9c56d495b,,valid,valid,valid,0.646111624520429,0.2922171875,0.798035,1688,157
2023_03_08_2__0294c293f38c,2023-03-08,2,right_profile,-5.606405258178711,65.26665496826172,-5.21242094039917,2023_03_08 (2).jpg,2023_03_08 (2).jpg,filename_only,,,,,[],not_provided,,,094f130f0f1b0f0e,,valid,valid,valid,0.4985017782631829,0.185159375,0.798035,1689,296
2023_03_18__f3e7c52def94,2023-03-18,1,left_mid,-15.046043395996094,-32.33478927612305,-11.80587387084961,2023_03_18.jpg,2023_03_18.jpg,filename_only,,,,,[],not_provided,,,f474343839303851,,valid,valid,valid,0.6234002632389594,0.2135265625,0.798035,1690,104
2023_03_21__6d1219173bad,2023-03-21,1,left_profile,4.7398200035095215,-80.57575988769531,-4.665952205657959,2023_03_21.jpg,2023_03_21.jpg,filename_only,,,,,[],not_provided,,,654f134743433707,,valid,valid,valid,0.4662129995239295,0.148478125,0.798035,1691,284
2023_03_22__108794488832,2023-03-22,1,frontal,11.28099536895752,-7.980997085571289,-0.004179328680038452,2023_03_22.jpg,2023_03_22.jpg,filename_only,,,,,[],not_provided,,,96961232331b4e4e,,valid,valid,valid,0.6810888011425691,0.27184375,0.798035,1692,455
2023_04_05__7c6c128e3594,2023-04-05,1,left_profile,-5.659769058227539,-66.55819702148438,18.568971633911133,2023_04_05.jpg,2023_04_05.jpg,filename_only,,,,,[],not_provided,,,989627cbc7c3e73e,,valid,valid,valid,0.5024223585090594,0.207953125,0.798035,1693,285
2023_04_05_2__6583a331cf88,2023-04-05,2,frontal,15.256644248962402,0.8397029638290405,0.06419353187084198,2023_04_05 (2).jpg,2023_04_05 (2).jpg,filename_only,,,,,[],not_provided,,,9e9e6c78f8de4c6d,,valid,valid,valid,0.6506202918031869,0.307603125,0.798035,1694,456
2023_04_16__367a79d22f43,2023-04-16,1,left_profile,9.489235877990723,-56.9364013671875,2.3668580055236816,2023_04_16.jpg,2023_04_16.jpg,filename_only,,,,,[],not_provided,,,4990a484c4c04411,,valid,valid,valid,0.5193368618555546,0.2510328125,0.798035,1695,286
2023_04_27__9c2d1f89c9f1,2023-04-27,1,left_profile,46.79762649536133,-85.71892547607422,-47.87319564819336,2023_04_27.jpg,2023_04_27.jpg,filename_only,,,,,[],not_provided,,,c978c5c1d1f3b303,,valid,valid,valid,0.43739673471673807,0.1759515625,0.798035,1696,287
2023_04_27_2__f985cde0aaf6,2023-04-27,2,right_profile,4.450913429260254,56.2633056640625,4.027322292327881,2023_04_27 (2).jpg,2023_04_27 (2).jpg,filename_only,,,,,[],not_provided,,,4c73595458285804,,valid,valid,valid,0.523537483547565,0.2595890625,0.798035,1697,297
2023_04_29__cfe290500016,2023-04-29,1,left_light,9.0090913772583,-12.136772155761719,-0.036220382899045944,2023_04_29.jpg,2023_04_29.jpg,filename_only,,,,,[],not_provided,,,95bf9f1f7f5f164f,,valid,valid,valid,0.6726315494693215,0.31355625,0.798035,1698,206
2023_05_15__c4ec044bc343,2023-05-15,1,left_mid,17.210525512695312,-26.481069564819336,-7.909087181091309,2023_05_15.jpg,2023_05_15.jpg,filename_only,,,,,[],not_provided,,,ce86c36bcbe3e7de,,valid,valid,valid,0.6029572376711754,0.2256109375,0.798035,1699,105
2023_05_18__2302d4be5b92,2023-05-18,1,left_profile,-38.618980407714844,-94.15196990966797,37.44807052612305,2023_05_18.jpg,2023_05_18.jpg,filename_only,,,,,[],not_provided,,,4742838383c7e76d,,valid,valid,valid,0.4054160015682321,0.1847734375,0.798035,1700,288
2023_05_25__4786f0e981b7,2023-05-25,1,frontal,20.728336334228516,3.542468786239624,0.017725620418787003,2023_05_25.jpg,2023_05_25.jpg,filename_only,,,,,[],not_provided,,,0696976beb97970f,,valid,valid,valid,0.6590495393318211,0.3207890625,0.798035,1701,457
2023_05_25_2__f549b0f2f093,2023-05-25,2,right_profile,18.15290069580078,71.38143157958984,-1.8882218599319458,2023_05_25 (2).jpg,2023_05_25 (2).jpg,filename_only,,,,,[],not_provided,,,961b2f0f5af6b2be,,valid,valid,valid,0.48730012041782184,0.223928125,0.798035,1702,298
2023_05_30__f98e8d968b65,2023-05-30,1,right_light,12.601421356201172,17.102384567260742,3.187725067138672,2023_05_30.jpg,2023_05_30.jpg,filename_only,,,,,[],not_provided,,,96828613131f1d93,,valid,valid,valid,0.6365902153518721,0.3080078125,0.798035,1703,158
2023_05_30_3__f6d9b2567085,2023-05-30,3,frontal,-1.269543170928955,4.042087078094482,0.4917510747909546,2023_05_30 (3).jpg,2023_05_30 (3).jpg,filename_only,,,,,[],not_provided,,,6d3d666757563f1f,,valid,valid,valid,0.706320535439245,0.3757765625,0.798035,1704,458
2023_06_01__1e41d5d1271a,2023-06-01,1,right_deep,2.616183042526245,49.74037551879883,-0.27103298902511597,2023_06_01.jpg,2023_06_01.jpg,filename_only,,,,,[],not_provided,,,86d38d9ccc085879,,valid,valid,valid,0.5677560278921281,0.3091546875,0.798035,1705,40
2023_06_09__9a8c17d224e2,2023-06-09,1,right_light,14.255383491516113,13.968637466430664,-0.08977333456277847,2023_06_09.jpg,2023_06_09.jpg,filename_only,,,,,[],not_provided,,,d6736b636367476f,,valid,valid,valid,0.6461956369542692,0.2816328125,0.798035,1706,159
2023_06_12__d71f54e2675c,2023-06-12,1,right_light,7.50249719619751,14.415738105773926,-12.077502250671387,2023_06_12.jpg,2023_06_12.jpg,filename_only,,,,,[],not_provided,,,cc666268f2c16131,,valid,valid,valid,0.6568092077627489,0.316903125,0.798035,1707,160
2023_06_18__77f978515a8a,2023-06-18,1,frontal,11.95571231842041,-1.552191138267517,-1.3418728113174438,2023_06_18.jpg,2023_06_18.jpg,filename_only,,,,,[],not_provided,,,96e061c0e8c2466c,,valid,valid,valid,0.6683749194880843,0.3120059629279886,0.798035,1708,459
2023_06_22__07e75440d555,2023-06-22,1,left_profile,18.158079147338867,-56.94220733642578,-17.698097229003906,2023_06_22.jpg,2023_06_22.jpg,filename_only,,,,,[],not_provided,,,1f3e0e0d2d2b270f,,valid,valid,valid,0.5206250525077711,0.2634296875,0.798035,1709,289
2023_06_28__9c6a6a3de3bc,2023-06-28,1,left_light,13.960402488708496,-21.897722244262695,-0.9241150617599487,2023_06_28.jpg,2023_06_28.jpg,filename_only,,,,,[],not_provided,,,9d9ccddcd4464d4f,,valid,valid,valid,0.6284690134139853,0.2725046875,0.798035,1710,207
2023_06_28_2__77d85b459c91,2023-06-28,2,frontal,5.610828399658203,9.256455421447754,-4.985728740692139,2023_06_28 (2).jpg,2023_06_28 (2).jpg,filename_only,,,,,[],not_provided,,,9cb531745434f973,,valid,valid,valid,0.6756840012321824,0.3668484375,0.798035,1711,460
2023_06_28_3__699c42321433,2023-06-28,3,right_profile,-7.67479133605957,61.14509201049805,-6.197068214416504,2023_06_28 (3).jpg,2023_06_28 (3).jpg,filename_only,,,,,[],not_provided,,,582c651c1d2c3839,,valid,valid,valid,0.5134279873421266,0.196940625,0.798035,1712,299
2023_07_12__9c4fb044ecd1,2023-07-12,1,right_deep,-3.411386013031006,49.54554748535156,-24.323612213134766,2023_07_12.jpg,2023_07_12.jpg,filename_only,,,,,[],not_provided,,,c6932b074f3e368e,,valid,valid,valid,0.5591027472065866,0.2904203125,0.798035,1713,41
2023_07_13__2010abec648e,2023-07-13,1,right_mid,6.0034661293029785,35.50242233276367,-1.1885435581207275,2023_07_13.jpg,2023_07_13.jpg,filename_only,,,,,[],not_provided,,,6642cdccc4cd6d39,,valid,valid,valid,0.5922036461396286,0.3127640625,0.798035,1714,87
2023_07_13_2__58efd96fec38,2023-07-13,2,right_deep,6.46940803527832,41.20051193237305,-0.20539231598377228,2023_07_13 (2).jpg,2023_07_13 (2).jpg,filename_only,,,,,[],not_provided,,,86d1891d8d1c1b1b,,valid,valid,valid,0.5747850681900921,0.3070015625,0.798035,1715,42
2023_07_19__e8bda8535358,2023-07-19,1,left_profile,-27.913755416870117,-81.90449523925781,44.192413330078125,2023_07_19.jpg,2023_07_19.jpg,filename_only,,,,,[],not_provided,,,a349d1c1c1616131,,valid,valid,valid,0.4661569912347027,0.1630328125,0.798035,1716,290
2023_07_20__0fe7ac00c14e,2023-07-20,1,right_profile,-14.003623008728027,62.11591720581055,-28.233009338378906,2023_07_20.jpg,2023_07_20.jpg,filename_only,,,,,[],not_provided,,,b7f6dad4de3e9ad3,,valid,valid,valid,0.5104595480131059,0.23393125,0.798035,1717,300
2023_07_23__fd95b31cbed3,2023-07-23,1,left_deep,7.851551532745361,-42.800636291503906,-3.2616093158721924,2023_07_23.jpg,2023_07_23.jpg,filename_only,,,,,[],not_provided,,,5f5b66c6c6e7e535,,valid,valid,valid,0.5839704276232882,0.291196875,0.798035,1718,67
2023_07_27__c71993425c1f,2023-07-27,1,left_light,14.94875431060791,-17.54021453857422,0.9627196788787842,2023_07_27.jpg,2023_07_27.jpg,filename_only,,,,,[],not_provided,,,25a965b4945c4c4f,,valid,valid,valid,0.6296451874877482,0.3252359375,0.798035,1719,208
2023_07_29__080a781f67c7,2023-07-29,1,left_profile,-34.8636474609375,-84.3883056640625,43.676231384277344,2023_07_29.jpg,2023_07_29.jpg,filename_only,,,,,[],not_provided,,,c6cff3c1c3c3e3b1,,valid,valid,valid,0.4504746702511972,0.172953125,0.798035,1720,291
2023_08_02__b68620d08be7,2023-08-02,1,left_profile,4.053025722503662,-53.74776077270508,9.037015914916992,2023_08_02.jpg,2023_08_02.jpg,filename_only,,,,,[],not_provided,,,99a1210108002103,,valid,valid,valid,0.5368394522389314,0.23341875,0.798035,1721,292
2023_08_17__e865e5a20b5a,2023-08-17,1,left_light,-7.523372650146484,-22.932533264160156,-0.1596866101026535,2023_08_17.jpg,2023_08_17.jpg,filename_only,,,,,[],not_provided,,,5f368d8d1b9b8787,,valid,valid,valid,0.6746758520260998,0.34979375,0.798035,1722,209
2023_08_17_2__bcb80e68734b,2023-08-17,2,left_profile,17.553895950317383,-58.603580474853516,-4.263865947723389,2023_08_17 (2).jpg,2023_08_17 (2).jpg,filename_only,,,,,[],not_provided,,,8c32c283c9a12604,,valid,valid,valid,0.5140160743790081,0.2630203125,0.798035,1723,293
2023_08_18__153ba68fbc87,2023-08-18,1,left_mid,11.764769554138184,-25.12070083618164,-0.4275903105735779,2023_08_18.jpg,2023_08_18.jpg,filename_only,,,,,[],not_provided,,,9792834319830307,,valid,valid,valid,0.6360021283149906,0.27626875,0.798035,1724,106
2023_08_22__3e39f41100bc,2023-08-22,1,left_light,20.62046241760254,-17.798364639282227,-4.134225368499756,2023_08_22.jpg,2023_08_22.jpg,filename_only,,,,,[],not_provided,,,9686831b070387cf,,valid,valid,valid,0.6036573412865104,0.2693296875,0.798035,1725,210
2023_09_04__46c7e4cb1cf5,2023-09-04,1,right_deep,15.958338737487793,47.37024688720703,11.393430709838867,2023_09_04.jpg,2023_09_04.jpg,filename_only,,,,,[],not_provided,,,e672d8dcecbcdcc9,,valid,valid,valid,0.5595228093757876,0.2726953125,0.798035,1726,43
2023_09_04_2__6b0dc5ace2b6,2023-09-04,2,left_deep,9.887819290161133,-44.22510528564453,0.569729208946228,2023_09_04 (2).jpg,2023_09_04 (2).jpg,filename_only,,,,,[],not_provided,,,9eb62c060c01273f,,valid,valid,valid,0.5776694950852727,0.2568828125,0.798035,1727,68
2023_09_04_4__3d792bb0bfa7,2023-09-04,4,frontal,11.231513023376465,4.659826278686523,-0.3168618381023407,2023_09_04 (4).jpg,2023_09_04 (4).jpg,filename_only,,,,,[],not_provided,,,97979793ab8f474f,,valid,valid,valid,0.6990114536951468,0.2790296875,0.798035,1728,461
2023_09_08__23d2f2506395,2023-09-08,1,right_deep,-8.94965648651123,46.20011520385742,-13.714377403259277,2023_09_08.jpg,2023_09_08.jpg,filename_only,,,,,[],not_provided,,,10181e1a2e3e1c4c,,valid,valid,valid,0.569212243412025,0.3113078125,0.798035,1729,44
2023_09_21__a04451b1fc67,2023-09-21,1,left_mid,7.514719486236572,-37.79358673095703,-0.6251348257064819,2023_09_21.jpg,2023_09_21.jpg,filename_only,,,,,[],not_provided,,,19b1e4c4c8c1e121,,valid,valid,valid,0.6078579629785208,0.2909296875,0.798035,1730,107
2023_09_28__5854d18cc20c,2023-09-28,1,left_deep,11.783449172973633,-43.235023498535156,-18.352785110473633,2023_09_28.jpg,2023_09_28.jpg,filename_only,,,,,[],not_provided,,,9be4ccc09884c140,,valid,valid,valid,0.5907474306197317,0.3081296875,0.798035,1731,69
2023_10_04__a5a40ce88b32,2023-10-04,1,frontal,3.6918129920959473,-3.4225261211395264,0.1954764872789383,2023_10_04.jpg,2023_10_04.jpg,filename_only,,,,,[],not_provided,,,345e33b639291d19,,valid,valid,valid,0.7316642863143745,0.3512703125,0.798035,1732,462
2023_10_06__8a38916eeab4,2023-10-06,1,right_light,15.42673110961914,13.809026718139648,-1.2104008197784424,2023_10_06.jpg,2023_10_06.jpg,filename_only,,,,,[],not_provided,,,b3f2f0d0d4e4f871,,valid,valid,valid,0.6226161471897841,0.314723138044801,0.798035,1733,161
2023_10_07__cff457bc151c,2023-10-07,1,right_mid,17.51874351501465,38.75043869018555,4.820287227630615,2023_10_07.jpg,2023_10_07.jpg,filename_only,,,,,[],not_provided,,,cb822424241c8c41,,valid,valid,valid,0.5996807527514072,0.283946875,0.798035,1734,88
2023_10_12__4b21e3114f7b,2023-10-12,1,left_mid,15.74052906036377,-31.786169052124023,-2.6264073848724365,2023_10_12.jpg,2023_10_12.jpg,filename_only,,,,,[],not_provided,,,60c0812989830787,,valid,valid,valid,0.6090341370522837,0.2987109375,0.798035,1735,108
2023_10_13__dc4a6bbe74a6,2023-10-13,1,left_profile,2.222566604614258,-78.52923583984375,-3.9978504180908203,2023_10_13.jpg,2023_10_13.jpg,filename_only,,,,,[],not_provided,,,475c60c8c0c14705,,valid,valid,valid,0.47324203982189367,0.1974265625,0.798035,1736,294
2023_10_17__c8341e57abbe,2023-10-17,1,left_profile,5.203256607055664,-64.02574157714844,8.408761024475098,2023_10_17.jpg,2023_10_17.jpg,filename_only,,,,,[],not_provided,,,3e360f0f0f03071e,,valid,valid,valid,0.4995379316138788,0.23560625,0.798035,1737,295
2023_10_19__afa52f5c56ef,2023-10-19,1,right_profile,-12.053351402282715,68.72052764892578,-21.459028244018555,2023_10_19.jpg,2023_10_19.jpg,filename_only,,,,,[],not_provided,,,36324b0f4e2e9a99,,valid,valid,valid,0.49875381556470355,0.2595796875,0.798035,1738,301
2023_10_26__dc806b83f4e3,2023-10-26,1,frontal,10.119436264038086,5.148073673248291,0.06287658214569092,2023_10_26.jpg,2023_10_26.jpg,filename_only,,,,,[],not_provided,,,963161282a2e0d8a,,valid,valid,valid,0.6915063429387549,0.3325171875,0.798035,1739,463
2023_11_02__d6b23ee8b0c5,2023-11-02,1,left_deep,29.634489059448242,-47.77617263793945,-21.783893585205078,2023_11_02.jpg,2023_11_02.jpg,filename_only,,,,,[],not_provided,,,cecbc70587038541,,valid,valid,valid,0.5365314066481839,0.2384703125,0.798035,1740,70
2023_11_04__85d5de0982f2,2023-11-04,1,left_deep,19.884546279907227,-43.193397521972656,-0.382341593503952,2023_11_04.jpg,2023_11_04.jpg,filename_only,,,,,[],not_provided,,,9db590ccc460606f,,valid,valid,valid,0.5564703576129267,0.272253125,0.798035,1741,71
2023_11_09__38c567a4f1c3,2023-11-09,1,right_deep,20.244192123413086,43.459590911865234,-4.726573944091797,2023_11_09.jpg,2023_11_09.jpg,filename_only,,,,,[],not_provided,,,c3e53777767e2c3c,,valid,valid,valid,0.5670839284214063,0.2536359375,0.798035,1742,45
2023_11_17__cf0425dbd046,2023-11-17,1,left_deep,24.459060668945312,-47.82112121582031,-24.663415908813477,2023_11_17.jpg,2023_11_17.jpg,filename_only,,,,,[],not_provided,,,cecbc3c3c8c26071,,valid,valid,valid,0.5502534375087513,0.2536453125,0.798035,1743,72
2023_11_24__9b5a12a7887a,2023-11-24,1,right_deep,-16.958398818969727,44.255882263183594,-0.05300760269165039,2023_11_24.jpg,2023_11_24.jpg,filename_only,,,,,[],not_provided,,,8de3785c5c2c3c1d,,valid,valid,valid,0.5776694950852727,0.3253125,0.798035,1744,46
2023_11_29__2f1f11b74f37,2023-11-29,1,right_profile,5.699455738067627,61.60665512084961,-15.26932430267334,2023_11_29.jpg,2023_11_29.jpg,filename_only,,,,,[],not_provided,,,6b6dd5cae7fed868,,valid,valid,valid,0.5086952869024616,0.294896875,0.798035,1745,302
2023_12_04__d702e8803663,2023-12-04,1,left_profile,6.383942604064941,-51.81013488769531,1.8975205421447754,2023_12_04.jpg,2023_12_04.jpg,filename_only,,,,,[],not_provided,,,366272544963268d,,valid,valid,valid,0.5554342042622308,0.3065640625,0.798035,1746,296
2023_12_05__30e49f654f41,2023-12-05,1,frontal,14.043383598327637,-6.653598308563232,0.25412997603416443,2023_12_05.jpg,2023_12_05.jpg,filename_only,,,,,[],not_provided,,,961f9e2b2b1b170d,,valid,valid,valid,0.676496121425971,0.330309375,0.798035,1747,464
2023_12_14_2__a3c22c1a88e4,2023-12-14,2,left_mid,12.115971565246582,-27.745258331298828,5.09581184387207,2023_12_14 (2).jpg,2023_12_14 (2).jpg,filename_only,,,,,[],not_provided,,,3e368f9b0b078746,,valid,valid,valid,0.606345739169397,0.278625,0.798035,1748,109
2023_12_20__431bad6dffa2,2023-12-20,1,frontal,7.6866278648376465,7.650540351867676,0.18574154376983643,2023_12_20.jpg,2023_12_20.jpg,filename_only,,,,,[],not_provided,,,1cd45ede9ebe4e4e,,valid,valid,valid,0.6858495057268476,0.2026953125,0.798035,1749,465
2023_12_26__a403d82c5337,2023-12-26,1,left_deep,8.269270896911621,-49.0890998840332,-2.185408115386963,2023_12_26.jpg,2023_12_26.jpg,filename_only,,,,,[],not_provided,,,99a1e5c5ccc1696f,,valid,valid,valid,0.5655717046122826,0.2810671875,0.798035,1750,73
2023_12_27__1e38489a34da,2023-12-27,1,right_profile,22.344146728515625,61.819217681884766,-2.2656543254852295,2023_12_27.jpg,2023_12_27.jpg,filename_only,,,,,[],not_provided,,,5268240f2f9f9ace,,valid,valid,valid,0.49141672967599204,0.23185625,0.798035,1751,303
2024_01_01__d78f5607fee7,2024-01-01,1,left_profile,24.525794982910156,-70.42947387695312,-8.149510383605957,2024_01_01.jpg,2024_01_01.jpg,filename_only,,,,,[],not_provided,,,9527038683c3868c,,valid,valid,valid,0.4764345123078216,0.211884375,0.798035,1752,297
2024_01_06__6f175aee8a87,2024-01-06,1,left_light,19.247480392456055,-18.801776885986328,0.2335771918296814,2024_01_06.jpg,2024_01_06.jpg,filename_only,,,,,[],not_provided,,,1797e3d1d042446d,,valid,valid,valid,0.5988686325576186,0.2706421875,0.798035,1753,211
2024_01_07__b599ebd44f6a,2024-01-07,1,frontal,1.245156168937683,8.941222190856934,0.12699615955352783,2024_01_07.jpg,2024_01_07.jpg,filename_only,,,,,[],not_provided,,,c6f0797468686439,,valid,valid,valid,0.7045282701839872,0.275378125,0.798035,1754,466
2024_01_11__58a1d3866d9e,2024-01-11,1,left_light,21.722946166992188,-15.842000961303711,-10.687376022338867,2024_01_11.jpg,2024_01_11.jpg,filename_only,,,,,[],not_provided,,,9b1f97931f0b0f4e,,valid,valid,valid,0.6152510571564591,0.3181234375,0.798035,1755,212
2024_01_18__77943a77ae40,2024-01-18,1,frontal,8.5194673538208,1.526215672492981,-6.581061363220215,2024_01_18.jpg,2024_01_18.jpg,filename_only,,,,,[],not_provided,,,46468283939fcee7,,valid,valid,valid,0.6933546164832395,0.1677609375,0.798035,1756,467
2024_01_25__950216ea1c1b,2024-01-25,1,frontal,11.958662033081055,3.6147620677948,-14.63099193572998,2024_01_25.jpg,2024_01_25.jpg,filename_only,,,,,[],not_provided,,,cbc393870b1f8e87,,valid,valid,valid,0.6721554790108936,0.27636875,0.798035,1757,468
2024_01_26__d254dbbe4db8,2024-01-26,1,right_profile,-19.58106231689453,73.96703338623047,-16.46272850036621,2024_01_26.jpg,2024_01_26.jpg,filename_only,,,,,[],not_provided,,,93393c2e1f3f9b07,,valid,valid,valid,0.4847237391133888,0.22845,0.798035,1758,304
2024_01_28__a03894dd61ce,2024-01-28,1,left_profile,9.074790000915527,-59.45003890991211,2.4013190269470215,2024_01_28.jpg,2024_01_28.jpg,filename_only,,,,,[],not_provided,,,3c68c98d8ca4ad0e,,valid,valid,valid,0.514632165560503,0.24594375,0.798035,1759,298
2024_02_02__e5593d8b09f2,2024-02-02,1,left_deep,9.740545272827148,-43.829219818115234,-2.219768762588501,2024_02_02.jpg,2024_02_02.jpg,filename_only,,,,,[],not_provided,,,9ba265c5c1630f0d,,valid,valid,valid,0.5744210143101179,0.2335453125,0.798035,1760,74
2024_02_06__555f0c31c642,2024-02-06,1,left_profile,-5.330525875091553,-70.1717758178711,7.481642723083496,2024_02_06.jpg,2024_02_06.jpg,filename_only,,,,,[],not_provided,,,9d2607030f07060d,,valid,valid,valid,0.4994259150354252,0.2495765625,0.798035,1761,299
2024_02_14__8dcf8e8e3be7,2024-02-14,1,left_profile,-13.333144187927246,-67.6559829711914,7.791152000427246,2024_02_14.jpg,2024_02_14.jpg,filename_only,,,,,[],not_provided,,,899970c2c0c46067,,valid,valid,valid,0.497465624912487,0.2340796875,0.798035,1762,300
2024_02_16__6bb0e9cea0b3,2024-02-16,1,frontal,23.280866622924805,0.23464900255203247,-3.3735134601593018,2024_02_16.jpg,2024_02_16.jpg,filename_only,,,,,[],not_provided,,,ce8e9f9b0f0f8f4e,,valid,valid,valid,0.6105183567167941,0.2552140625,0.798035,1763,469
2024_02_22__06a981347ebd,2024-02-22,1,frontal,12.746947288513184,-6.141221046447754,-0.07722606509923935,2024_02_22.jpg,2024_02_22.jpg,filename_only,,,,,[],not_provided,,,0e8e969239c46861,,valid,valid,valid,0.6698591391525945,0.2809140625,0.798035,1764,470
2024_02_22_2__1f034642616e,2024-02-22,2,right_light,12.811478614807129,17.823266983032227,-0.09226848930120468,2024_02_22 (2).jpg,2024_02_22 (2).jpg,filename_only,,,,,[],not_provided,,,44c6d0d0e264666c,,valid,valid,valid,0.6302332745246296,0.2901375,0.798035,1765,162
2024_02_24__738b04d80260,2024-02-24,1,frontal,13.193626403808594,-3.3632254600524902,-2.335087537765503,2024_02_24.jpg,2024_02_24.jpg,filename_only,,,,,[],not_provided,,,96f363e3ebcbc769,,valid,valid,valid,0.6717074126970791,0.3175201388888889,0.798035,1766,471
2024_03_02__f5e66e0166a8,2024-03-02,1,frontal,10.435815811157227,-1.1643174886703491,-0.10561712831258774,2024_03_02.jpg,2024_03_02.jpg,filename_only,,,,,[],not_provided,,,96e666c2eac2474d,,valid,valid,valid,0.6849253689546053,0.3112875,0.798035,1767,472
2024_03_06__1f5b444c602c,2024-03-06,1,right_deep,-9.769556999206543,42.06808090209961,-1.0442562103271484,2024_03_06.jpg,2024_03_06.jpg,filename_only,,,,,[],not_provided,,,53716c6e6e667f3d,,valid,valid,valid,0.5827102411156851,0.300921875,0.798035,1768,47
2024_03_07__b35a3d527a36,2024-03-07,1,right_profile,-3.1541965007781982,62.916378021240234,-20.748205184936523,2024_03_07.jpg,2024_03_07.jpg,filename_only,,,,,[],not_provided,,,36736146cefe7831,,valid,valid,valid,0.5118037469545492,0.23486875,0.798035,1769,305
2024_03_19__1d873b255ada,2024-03-19,1,frontal,17.101661682128906,-8.590910911560059,0.13031189143657684,2024_03_19.jpg,2024_03_19.jpg,filename_only,,,,,[],not_provided,,,25b796370f070e4c,,valid,valid,valid,0.6512643871292951,0.307828125,0.798035,1770,473
2024_03_20__af567100d175,2024-03-20,1,left_profile,24.40576934814453,-65.17433166503906,-26.66283416748047,2024_03_20.jpg,2024_03_20.jpg,filename_only,,,,,[],not_provided,,,8c9c120216152501,,valid,valid,valid,0.4877761908762497,0.23630625,0.798035,1771,301
2024_03_27__7785e68f0c59,2024-03-27,1,right_mid,14.584860801696777,30.630428314208984,-13.866697311401367,2024_03_27.jpg,2024_03_27.jpg,filename_only,,,,,[],not_provided,,,f9ddbe5e4fbe353f,,valid,valid,valid,0.5984765745330309,0.32521875,0.798035,1772,89
2024_03_28__0ab915475104,2024-03-28,1,right_profile,19.2607421875,85.5638427734375,4.6142168045043945,2024_03_28.jpg,2024_03_28.jpg,filename_only,,,,,[],not_provided,,,767a7f7e7e361677,,valid,valid,valid,0.4575037105491613,0.1910828125,0.798035,1773,306
2024_04_02__7612c5c7c92a,2024-04-02,1,right_profile,-2.6142382621765137,66.87625122070312,-34.243385314941406,2024_04_02.jpg,2024_04_02.jpg,filename_only,,,,,[],not_provided,,,828b9f1f3b3b178e,,valid,valid,valid,0.4992298860231314,0.2220515625,0.798035,1774,307
2024_04_03__f20180d581d8,2024-04-03,1,frontal,28.706241607666016,-9.61391830444336,-8.073678970336914,2024_04_03.jpg,2024_04_03.jpg,filename_only,,,,,[],not_provided,,,5ed39395070387ce,,valid,valid,valid,0.5742809935870509,0.27453125,0.798035,1775,474
2024_04_06__8c4d878b5c09,2024-04-06,1,left_profile,14.711516380310059,-67.77349090576172,-1.504582405090332,2024_04_06.jpg,2024_04_06.jpg,filename_only,,,,,[],not_provided,,,4a99a0c0c4c06131,,valid,valid,valid,0.4835755691842393,0.1826875,0.798035,1776,302
2024_04_11__e7b2ecc1b26c,2024-04-11,1,left_profile,31.078493118286133,-68.87206268310547,-33.04206466674805,2024_04_11.jpg,2024_04_11.jpg,filename_only,,,,,[],not_provided,,,4d90808085816105,,valid,valid,valid,0.4859279173317651,0.1918109375,0.798035,1777,303
2024_04_14__8bf39865d46a,2024-04-14,1,frontal,11.89851188659668,5.120525360107422,0.01011081412434578,2024_04_14.jpg,2024_04_14.jpg,filename_only,,,,,[],not_provided,,,969e9f3f3f1e0e0d,,valid,valid,valid,0.6834691534347084,0.2730265625,0.798035,1778,475
2024_04_15__5099769a3485,2024-04-15,1,frontal,20.596628189086914,-1.8963508605957031,0.09442437440156937,2024_04_15.jpg,2024_04_15.jpg,filename_only,,,,,[],not_provided,,,ca87c37204826624,,valid,valid,valid,0.6357220868688566,0.27044375,0.798035,1779,476
2024_04_17__95d3cfd01d90,2024-04-17,1,left_light,11.382025718688965,-20.724510192871094,-1.4906028509140015,2024_04_17.jpg,2024_04_17.jpg,filename_only,,,,,[],not_provided,,,96e569ccd4464469,,valid,valid,valid,0.6114985017782631,0.2946625,0.798035,1780,213
2024_04_25__b6ea6200a805,2024-04-25,1,left_mid,12.316201210021973,-35.922462463378906,-3.6660633087158203,2024_04_25.jpg,2024_04_25.jpg,filename_only,,,,,[],not_provided,,,4391b5c581818387,,valid,valid,valid,0.5889831695090874,0.3409328125,0.798035,1781,110
2024_05_05__ea91f6ea2183,2024-05-05,1,left_light,6.734165668487549,-15.204963684082031,-0.22473017871379852,2024_05_05.jpg,2024_05_05.jpg,filename_only,,,,,[],not_provided,,,3d2d1e1e3e0e0f5b,,valid,valid,valid,0.6702511971771822,0.2879796875,0.798035,1782,214
2024_05_07__d117941b3248,2024-05-07,1,frontal,17.05970001220703,9.900440216064453,-0.27684250473976135,2024_05_07.jpg,2024_05_07.jpg,filename_only,,,,,[],not_provided,,,9662676343072d29,,valid,valid,valid,0.617183343134784,0.278771875,0.798035,1783,477
2024_05_08__0f2682ca6abc,2024-05-08,1,left_light,19.282176971435547,-12.76783275604248,0.09287627041339874,2024_05_08.jpg,2024_05_08.jpg,filename_only,,,,,[],not_provided,,,959696d0d440643d,,valid,valid,valid,0.6434232266375424,0.2913015625,0.798035,1784,215
2024_05_16__321b696da636,2024-05-16,1,left_profile,15.280134201049805,-73.0573501586914,0.7469722628593445,2024_05_16.jpg,2024_05_16.jpg,filename_only,,,,,[],not_provided,,,cede352703038ace,,valid,valid,valid,0.4774986698031309,0.1957109375,0.798035,1785,304
2024_05_22__84590fbe4b4d,2024-05-22,1,right_profile,-72.57571411132812,82.74588775634766,-70.14680480957031,2024_05_22.jpg,2024_05_22.jpg,filename_only,,,,,[],not_provided,,,26e3d0de5e567879,,valid,valid,valid,0.45599148674003753,0.2036109375,0.798035,1786,308
2024_05_26__42b0d2d0ed5e,2024-05-26,1,left_mid,-3.8279945850372314,-33.48576736450195,8.229521751403809,2024_05_26.jpg,2024_05_26.jpg,filename_only,,,,,[],not_provided,,,20b168a9cc92c746,,valid,valid,valid,0.6189196001008149,0.3303046875,0.798035,1787,111
2024_06_12__bd54ed337cbc,2024-06-12,1,right_light,11.109037399291992,24.36061668395996,1.8929048776626587,2024_06_12.jpg,2024_06_12.jpg,filename_only,,,,,[],not_provided,,,97dbe3f3f376546d,,valid,valid,valid,0.6269567896048616,0.3195328125,0.798035,1788,163
2024_06_13__46caa81d7c3f,2024-06-13,1,left_mid,17.179561614990234,-26.103178024291992,-2.5266566276550293,2024_06_13.jpg,2024_06_13.jpg,filename_only,,,,,[],not_provided,,,37990b1b0b838787,,valid,valid,valid,0.5999607941975412,0.2878625,0.798035,1789,112
2024_06_14__bdbf7bfc7238,2024-06-14,1,left_profile,10.943232536315918,-76.53360748291016,4.906547546386719,2024_06_14.jpg,2024_06_14.jpg,filename_only,,,,,[],not_provided,,,a1408882d4c1e386,,valid,valid,valid,0.4809991878798062,0.2159125,0.798035,1790,305
2024_06_19__5cd550c90fc5,2024-06-19,1,right_light,14.752116203308105,16.952470779418945,0.25977715849876404,2024_06_19.jpg,2024_06_19.jpg,filename_only,,,,,[],not_provided,,,926a7b54e49c8dcb,,valid,valid,valid,0.6323895936598617,0.28511875,0.798035,1791,164
2024_06_19_2__8d5ed14fbdd8,2024-06-19,2,right_profile,-47.659812927246094,78.92705535888672,-61.297630310058594,2024_06_19 (2).jpg,2024_06_19 (2).jpg,filename_only,,,,,[],not_provided,,,a693382c3e3c3451,,valid,valid,valid,0.4668850989946512,0.21241875,0.798035,1792,309
2024_06_20__440b489085a1,2024-06-20,1,frontal,22.188947677612305,2.223121404647827,0.4191994369029999,2024_06_20.jpg,2024_06_20.jpg,filename_only,,,,,[],not_provided,,,bc1e5f2ababf9f8f,,valid,valid,valid,0.6450754711697331,0.28918303830711345,0.798035,1793,478
2024_07_03__b64f264282cf,2024-07-03,1,left_mid,11.27724552154541,-32.84482955932617,-1.2345858812332153,2024_07_03.jpg,2024_07_03.jpg,filename_only,,,,,[],not_provided,,,9cb519990d0b0706,,valid,valid,valid,0.6148870032764849,0.290365625,0.798035,1794,113
2024_07_08__53059d481a56,2024-07-08,1,right_profile,10.090496063232422,72.30850219726562,0.9921227097511292,2024_07_08.jpg,2024_07_08.jpg,filename_only,,,,,[],not_provided,,,8db30b3f1f3f1386,,valid,valid,valid,0.4798230138060433,0.22009375,0.798035,1795,310
2024_07_09__42b2dc905a93,2024-07-09,1,left_profile,-13.54964828491211,-61.85879898071289,6.621190071105957,2024_07_09.jpg,2024_07_09.jpg,filename_only,,,,,[],not_provided,,,1b370f0d67271f0d,,valid,valid,valid,0.5167604805511216,0.292934375,0.798035,1796,306
2024_07_11__1e643ad0f94b,2024-07-11,1,right_light,11.992115020751953,13.2885160446167,-9.233792304992676,2024_07_11.jpg,2024_07_11.jpg,filename_only,,,,,[],not_provided,,,4b839303130f8ecc,,valid,valid,valid,0.6552409756643983,0.3076078125,0.798035,1797,165
2024_07_17__d753f17fd0bf,2024-07-17,1,right_profile,12.427572250366211,75.07366943359375,12.442015647888184,2024_07_17.jpg,2024_07_17.jpg,filename_only,,,,,[],not_provided,,,c9edfefcdc7c185b,,valid,valid,valid,0.48349155675039907,0.2201765625,0.798035,1798,311
2024_07_19__1ec92529559c,2024-07-19,1,right_light,8.573860168457031,15.743499755859375,0.20374111831188202,2024_07_19.jpg,2024_07_19.jpg,filename_only,,,,,[],not_provided,,,96cf6474724e4c2d,,valid,valid,valid,0.6608978128763057,0.3168625,0.798035,1799,166
2024_07_24__7b34f11cae45,2024-07-24,1,left_profile,13.157981872558594,-64.21495056152344,-15.145345687866211,2024_07_24.jpg,2024_07_24.jpg,filename_only,,,,,[],not_provided,,,cf5266c6c6c56531,,valid,valid,valid,0.49894984457699737,0.2518546875,0.798035,1800,307
2024_07_30__19f51d4779c8,2024-07-30,1,left_mid,13.166948318481445,-26.796127319335938,0.36277949810028076,2024_07_30.jpg,2024_07_30.jpg,filename_only,,,,,[],not_provided,,,b52742c29307060f,,valid,valid,valid,0.6092021619199641,0.288096875,0.798035,1801,114
2024_08_04__1b88817440c7,2024-08-04,1,left_light,13.480911254882812,-11.601000785827637,0.20520971715450287,2024_08_04.jpg,2024_08_04.jpg,filename_only,,,,,[],not_provided,,,d4868343d3c56564,,valid,valid,valid,0.6428631437452743,0.2841,0.798035,1802,216
2024_08_07__8e837d7b9629,2024-08-07,1,frontal,15.176363945007324,-6.743995666503906,-0.03065474145114422,2024_08_07.jpg,2024_08_07.jpg,filename_only,,,,,[],not_provided,,,96d663d3c7c34727,,valid,valid,valid,0.6717634209863059,0.3266140625,0.798035,1803,479
2024_08_12__3114d1c10ea9,2024-08-12,1,right_light,6.247492790222168,16.822574615478516,-0.655865490436554,2024_08_12.jpg,2024_08_12.jpg,filename_only,,,,,[],not_provided,,,d2e9e9ccd2544c49,,valid,valid,valid,0.6454955333389342,0.332021875,0.798035,1804,167
2024_08_13__9ad865ecced9,2024-08-13,1,left_deep,20.44858169555664,-42.218074798583984,-20.565574645996094,2024_08_13.jpg,2024_08_13.jpg,filename_only,,,,,[],not_provided,,,cfd94745c5c34541,,valid,valid,valid,0.5730488112240611,0.288728125,0.798035,1805,75
2024_08_19__098d1c13ca1e,2024-08-19,1,left_profile,3.5150675773620605,-71.31172180175781,-4.589789867401123,2024_08_19.jpg,2024_08_19.jpg,filename_only,,,,,[],not_provided,,,8ec3c3838389c363,,valid,valid,valid,0.4890643815284662,0.2185046875,0.798035,1806,308
2024_08_21__dcdb44b051c1,2024-08-21,1,left_profile,24.930356979370117,-83.27505493164062,-26.823637008666992,2024_08_21.jpg,2024_08_21.jpg,filename_only,,,,,[],not_provided,,,1e7848d042457101,,valid,valid,valid,0.4507827158419446,0.214053125,0.798035,1807,309
2024_08_21_2__4ce1033854c6,2024-08-21,2,right_deep,16.51866912841797,49.37751007080078,0.8847959041595459,2024_08_21 (2).jpg,2024_08_21 (2).jpg,filename_only,,,,,[],not_provided,,,7b796cece4f5dd2f,,valid,valid,valid,0.5462768489736481,0.2641859375,0.798035,1808,48
2024_08_27__68198f1c1b35,2024-08-27,1,right_profile,8.25574016571045,56.795982360839844,0.5758741497993469,2024_08_27.jpg,2024_08_27.jpg,filename_only,,,,,[],not_provided,,,4c8e0f2b0f1f9fcf,,valid,valid,valid,0.518664762384833,0.2598734375,0.798035,1809,312
2024_09_02__0249e4dc9551,2024-09-02,1,right_profile,1.7676172256469727,67.37638092041016,-12.028315544128418,2024_09_02.jpg,2024_09_02.jpg,filename_only,,,,,[],not_provided,,,868b0d070f1f9bc7,,valid,valid,valid,0.4949732560418942,0.2478796875,0.798035,1810,313
2024_09_04__a170f92b497c,2024-09-04,1,left_mid,23.111316680908203,-37.10054016113281,-1.105392336845398,2024_09_04.jpg,2024_09_04.jpg,filename_only,,,,,[],not_provided,,,b7b991dcc8e06076,,valid,valid,valid,0.5589627264835195,0.2722328125,0.798035,1811,115
2024_09_07__ccc8fdb8ff9d,2024-09-07,1,right_mid,3.024466037750244,29.39267921447754,0.7081571817398071,2024_09_07.jpg,2024_09_07.jpg,filename_only,,,,,[],not_provided,,,c3c9c3c5d7c3c64d,,valid,valid,valid,0.6190036125346551,0.372184375,0.798035,1812,90
2024_09_12__2e060d0bc24e,2024-09-12,1,right_mid,17.094961166381836,32.91025161743164,-0.26102250814437866,2024_09_12.jpg,2024_09_12.jpg,filename_only,,,,,[],not_provided,,,cbe37bf2f24e4c5d,,valid,valid,valid,0.5966283009885464,0.302509375,0.798035,1813,91
2024_09_18__0d28f3b12ff0,2024-09-18,1,left_profile,18.572349548339844,-50.6933708190918,-2.7274062633514404,2024_09_18.jpg,2024_09_18.jpg,filename_only,,,,,[],not_provided,,,9e3642a68a82868e,,valid,valid,valid,0.535915315466689,0.2583921875,0.798035,1814,310
2024_09_25__7b28a6ab4440,2024-09-25,1,left_profile,10.683478355407715,-60.991004943847656,6.390913486480713,2024_09_25.jpg,2024_09_25.jpg,filename_only,,,,,[],not_provided,,,9e9480c4c4c1623e,,valid,valid,valid,0.5140440785236216,0.252703125,0.798035,1815,311
2024_09_26__3c5c26a20af1,2024-09-26,1,right_profile,-5.043732643127441,86.57166290283203,-20.253793716430664,2024_09_26.jpg,2024_09_26.jpg,filename_only,,,,,[],not_provided,,,b673f8f6fe7e74fd,,valid,valid,valid,0.45307905570024365,0.16785,0.798035,1816,314
2024_09_30__9008a1f83d50,2024-09-30,1,right_light,11.191995620727539,13.853771209716797,0.014753314666450024,2024_09_30.jpg,2024_09_30.jpg,filename_only,,,,,[],not_provided,,,d698bd74561c0c69,,valid,valid,valid,0.6342938754935731,0.3054921875,0.798035,1817,168
2024_10_02__d0b20f0c65bc,2024-10-02,1,left_light,12.858538627624512,-20.88089370727539,-8.18580150604248,2024_10_02.jpg,2024_10_02.jpg,filename_only,,,,,[],not_provided,,,969f9f1b1d1b0786,,valid,valid,valid,0.6578453611134448,0.3026609375,0.798035,1818,217
2024_10_04__1a25e2f5fbeb,2024-10-04,1,frontal,12.534077644348145,7.319979190826416,-0.17406800389289856,2024_10_04.jpg,2024_10_04.jpg,filename_only,,,,,[],not_provided,,,4bc3e5e0e846667f,,valid,valid,valid,0.6632501610238315,0.3025640625,0.798035,1819,480
2024_10_08__eedfffa27818,2024-10-08,1,right_profile,-3.068411111831665,67.35602569580078,-14.731733322143555,2024_10_08.jpg,2024_10_08.jpg,filename_only,,,,,[],not_provided,,,66960f070f0f9b9b,,valid,valid,valid,0.4985017782631829,0.23408125,0.798035,1820,315
2024_10_17__ac7df4ab0cc2,2024-10-17,1,left_deep,13.18582820892334,-40.64628982543945,6.165875434875488,2024_10_17.jpg,2024_10_17.jpg,filename_only,,,,,[],not_provided,,,9623032f09230386,,valid,valid,valid,0.5926797165980565,0.3289640625,0.798035,1821,76
2024_10_23__b37e6451eba1,2024-10-23,1,frontal,5.6925225257873535,-5.066256999969482,-0.016276659443974495,2024_10_23.jpg,2024_10_23.jpg,filename_only,,,,,[],not_provided,,,b66343d3a3830769,,valid,valid,valid,0.7235710885211011,0.3148546875,0.798035,1822,481
2024_10_24__5d853a1d6fb0,2024-10-24,1,right_profile,9.962355613708496,61.354061126708984,-3.7456507682800293,2024_10_24.jpg,2024_10_24.jpg,filename_only,,,,,[],not_provided,,,969b3f1f3f3f9bcb,,valid,valid,valid,0.5173765717326164,0.2733359375,0.798035,1823,316
2024_10_29__be925e279285,2024-10-29,1,frontal,16.87589454650879,-1.1923561096191406,0.10202669352293015,2024_10_29.jpg,2024_10_29.jpg,filename_only,,,,,[],not_provided,,,9494694dcc4c697b,,valid,valid,valid,0.6290571004508667,0.1988234375,0.798035,1824,482
2024_11_04__cc64e8a5e046,2024-11-04,1,left_light,16.414783477783203,-11.185373306274414,-7.351529598236084,2024_11_04.jpg,2024_11_04.jpg,filename_only,,,,,[],not_provided,,,83838b0b03030386,,valid,valid,valid,0.6418269903945784,0.3002265625,0.798035,1825,218
2024_11_06__4229e5f5c9bd,2024-11-06,1,frontal,13.187525749206543,6.552151679992676,-0.2067209929227829,2024_11_06.jpg,2024_11_06.jpg,filename_only,,,,,[],not_provided,,,4387c282ea47466d,,valid,valid,valid,0.6547088969167437,0.3622546875,0.798035,1826,483
2024_11_07__644248d020f8,2024-11-07,1,left_profile,22.357271194458008,-58.346744537353516,-12.577865600585938,2024_11_07.jpg,2024_11_07.jpg,filename_only,,,,,[],not_provided,,,b323038381010386,,valid,valid,valid,0.5063149346103223,0.2885078125,0.798035,1827,312
2024_11_15__f7a4848f1a2d,2024-11-15,1,right_deep,19.845003128051758,44.317691802978516,2.6492087841033936,2024_11_15.jpg,2024_11_15.jpg,filename_only,,,,,[],not_provided,,,6566686c6c1c1901,,valid,valid,valid,0.5610630373295248,0.2178546875,0.798035,1828,49
2024_12_03__f28f60e152bc,2024-12-03,1,frontal,20.558870315551758,-5.7764153480529785,-0.22912369668483734,2024_12_03.jpg,2024_12_03.jpg,filename_only,,,,,[],not_provided,,,969686f0f0d2da70,,valid,valid,valid,0.6082500210031084,0.2761515625,0.798035,1829,484
2024_12_06__2c2436dbd79c,2024-12-06,1,frontal,17.626251220703125,4.12298583984375,0.19036205112934113,2024_12_06.jpg,2024_12_06.jpg,filename_only,,,,,[],not_provided,,,56969e3b2b1f8fcc,,valid,valid,valid,0.6425831022991403,0.2824765625,0.798035,1830,485
2024_12_10__3f3a0625c393,2024-12-10,1,left_light,10.756072998046875,-21.74458122253418,-1.7658839225769043,2024_12_10.jpg,2024_12_10.jpg,filename_only,,,,,[],not_provided,,,16a7c9d1d4c5cd29,,valid,valid,valid,0.6253325492172842,0.294146875,0.798035,1831,219
2024_12_19__44d064736f69,2024-12-19,1,left_light,14.536548614501953,-11.115139961242676,0.06395361572504044,2024_12_19.jpg,2024_12_19.jpg,filename_only,,,,,[],not_provided,,,3616163f2f0f178f,,valid,valid,valid,0.6465876949788568,0.3475875,0.798035,1832,220
2024_12_19_2__06d0aec615c2,2024-12-19,2,right_mid,2.3665435314178467,36.600399017333984,-1.1958394050598145,2024_12_19 (2).jpg,2024_12_19 (2).jpg,filename_only,,,,,[],not_provided,,,030f172b27270f8c,,valid,valid,valid,0.6122826178274384,0.38691875,0.798035,1833,92
2024_12_19_6__17dda5f9dab3,2024-12-19,6,frontal,12.785014152526855,4.865411758422852,0.007795913610607386,2024_12_19 (6).jpg,2024_12_19 (6).jpg,filename_only,,,,,[],not_provided,,,97a165636b2b074f,,valid,valid,valid,0.65722926993195,0.2904765625,0.798035,1834,486
2024_12_22__deeeb4048408,2024-12-22,1,frontal,16.463165283203125,0.9638036489486694,-0.06835108995437622,2024_12_22.jpg,2024_12_22.jpg,filename_only,,,,,[],not_provided,,,158e866228c44d6b,,valid,valid,valid,0.6528326192276457,0.2617328125,0.798035,1835,487
2024_12_24__19eb7d82f380,2024-12-24,1,left_light,16.067672729492188,-18.94675636291504,0.13903725147247314,2024_12_24.jpg,2024_12_24.jpg,filename_only,,,,,[],not_provided,,,95e965d494c64c6d,,valid,valid,valid,0.6143549245288302,0.3223171875,0.798035,1836,221
2024_12_24_2__df022c61eed4,2024-12-24,2,left_profile,29.362817764282227,-50.84749984741211,-28.621158599853516,2024_12_24 (2).jpg,2024_12_24 (2).jpg,filename_only,,,,,[],not_provided,,,9e966c8c8d8dc963,,valid,valid,valid,0.5290543000364054,0.22853125,0.798035,1837,313
2024_12_25__99b434fc9874,2024-12-25,1,right_profile,-28.070655822753906,72.96672821044922,-37.450138092041016,2024_12_25.jpg,2024_12_25.jpg,filename_only,,,,,[],not_provided,,,5a2e322e5e3e96d6,,valid,valid,valid,0.4838556106303733,0.185834375,0.798035,1838,317
2025_01_21__53c909579983,2025-01-21,1,frontal,14.085700035095215,7.235599994659424,0.04344896599650383,2025_01_21.jpg,2025_01_21.jpg,filename_only,,,,,[],not_provided,,,969e97373f1f0d49,,valid,valid,valid,0.6358341034473102,0.3270390625,0.798035,1839,488
2025_01_28__946957251388,2025-01-28,1,frontal,-2.6504077911376953,-3.0705978870391846,-11.698734283447266,2025_01_28.jpg,2025_01_28.jpg,filename_only,,,,,[],not_provided,,,6164d193eb9b4e4a,,valid,valid,valid,0.7062925312946317,0.397425,0.798035,1840,489
2025_02_06__75bb2f789c7f,2025-02-06,1,frontal,19.972309112548828,3.2320845127105713,-0.19425036013126373,2025_02_06.jpg,2025_02_06.jpg,filename_only,,,,,[],not_provided,,,9d9696e9cc554d6b,,valid,valid,valid,0.6446274048559186,0.2663796875,0.798035,1841,490
2025_02_06_2__b6fae3cad751,2025-02-06,2,frontal,11.634658813476562,6.410265922546387,-0.09605678915977478,2025_02_06 (2).jpg,2025_02_06 (2).jpg,filename_only,,,,,[],not_provided,,,5686c6e8eac64d29,,valid,valid,valid,0.6694670811280069,0.2898234375,0.798035,1842,491
2025_02_13__b3ff75fc7122,2025-02-13,1,frontal,13.968398094177246,7.5690813064575195,0.4629748463630676,2025_02_13.jpg,2025_02_13.jpg,filename_only,,,,,[],not_provided,,,9d9c9cf97c4d697f,,valid,valid,valid,0.6411548909238567,0.1900734375,0.798035,1843,492
2025_02_19__9bf6da54e64e,2025-02-19,1,frontal,23.809473037719727,-3.8174514770507812,-0.0958576425909996,2025_02_19.jpg,2025_02_19.jpg,filename_only,,,,,[],not_provided,,,dd8f9ef8ccc46c69,,valid,valid,valid,0.6061497101571033,0.2501109375,0.798035,1844,493
2025_02_21__08ea3291de11,2025-02-21,1,frontal,5.228238105773926,-2.487337112426758,-0.48863714933395386,2025_02_21.jpg,2025_02_21.jpg,filename_only,,,,,[],not_provided,,,d66dd5d68e8e4c69,,valid,valid,valid,0.7121734016634462,0.3274,0.798035,1845,494
2025_02_24__2e361cfca6dd,2025-02-24,1,frontal,19.160459518432617,-3.743645191192627,-8.446466445922852,2025_02_24.jpg,2025_02_24.jpg,filename_only,,,,,[],not_provided,,,d6c685232b07078f,,valid,valid,valid,0.6345179086504803,0.275190625,0.798035,1846,495
2025_02_27__e91b374d25fa,2025-02-27,1,left_light,19.350021362304688,-10.600460052490234,-1.515916109085083,2025_02_27.jpg,2025_02_27.jpg,filename_only,,,,,[],not_provided,,,9516869743c7c7ab,,valid,valid,valid,0.6377103811364082,0.2674953125,0.798035,1847,222
2025_03_04_2__2d1827507d7c,2025-03-04,2,left_deep,19.092628479003906,-47.30952072143555,-10.488688468933105,2025_03_04 (2).jpg,2025_03_04 (2).jpg,filename_only,,,,,[],not_provided,,,9f9ecd8d8c83461e,,valid,valid,valid,0.563723431067798,0.2934734375,0.798035,1848,77
2025_03_05__66536a579b89,2025-03-05,1,right_profile,4.074222087860107,57.34284973144531,-1.2411458492279053,2025_03_05.jpg,2025_03_05.jpg,filename_only,,,,,[],not_provided,,,4d879b1f1f3f9f4e,,valid,valid,valid,0.5223333053291888,0.212728125,0.798035,1849,318
2025_03_06__eb30f3c9ec4d,2025-03-06,1,frontal,14.329504013061523,-0.48588019609451294,-0.27245110273361206,2025_03_06.jpg,2025_03_06.jpg,filename_only,,,,,[],not_provided,,,d6d4e0e0e0626679,,valid,valid,valid,0.6640342770730068,0.289925,0.798035,1850,496
2025_03_11__4d4d385ace2b,2025-03-11,1,right_light,8.956335067749023,18.09770965576172,-3.2206616401672363,2025_03_11.jpg,2025_03_11.jpg,filename_only,,,,,[],not_provided,,,84c66717373f8ecf,,valid,valid,valid,0.6551289590859447,0.27321875,0.798035,1851,169
2025_03_12__690f2fd23624,2025-03-12,1,right_light,23.684659957885742,15.972941398620605,0.4673505425453186,2025_03_12.jpg,2025_03_12.jpg,filename_only,,,,,[],not_provided,,,68c496f3cdcf4f8f,,valid,valid,valid,0.6121986053935983,0.234928125,0.798035,1852,170
2025_03_14__45c7e5c56d02,2025-03-14,1,frontal,15.896482467651367,3.338139057159424,-0.1627083271741867,2025_03_14.jpg,2025_03_14.jpg,filename_only,,,,,[],not_provided,,,5d9e9e7c2c1e2c2f,,valid,valid,valid,0.645971603797362,0.27155,0.798035,1853,497
2025_03_17__17dfe336f1a6,2025-03-17,1,frontal,11.599383354187012,0.14114072918891907,0.21737471222877502,2025_03_17.jpg,2025_03_17.jpg,filename_only,,,,,[],not_provided,,,9c1426262686ce64,,valid,valid,valid,0.6658265423282645,0.189259375,0.798035,1854,498
2025_03_17_2__3f5040a962fb,2025-03-17,2,frontal,16.12960433959961,2.4774465560913086,-0.704785168170929,2025_03_17 (2).jpg,2025_03_17 (2).jpg,filename_only,,,,,[],not_provided,,,9fd37a6a2b371f6f,,valid,valid,valid,0.6510123498277746,0.3006015625,0.798035,1855,499
2025_03_18__37e0f1f583e5,2025-03-18,1,right_profile,-14.641592025756836,58.10329055786133,-19.602867126464844,2025_03_18.jpg,2025_03_18.jpg,filename_only,,,,,[],not_provided,,,cda7b3bfbb3b1b9e,,valid,valid,valid,0.5295023663502199,0.221146875,0.798035,1856,319
2025_03_19__68ea0e14cf18,2025-03-19,1,frontal,14.712447166442871,9.811514854431152,-12.133329391479492,2025_03_19.jpg,2025_03_19.jpg,filename_only,,,,,[],not_provided,,,6b3f37371f1f8d99,,valid,valid,valid,0.654456859615223,0.3025109375,0.798035,1857,500
2025_03_25__167d6119de66,2025-03-25,1,left_light,21.66537857055664,-24.283323287963867,-0.8552432656288147,2025_03_25.jpg,2025_03_25.jpg,filename_only,,,,,[],not_provided,,,9696830b41406477,,valid,valid,valid,0.5799658349435717,0.259303125,0.798035,1858,223
2025_03_25_2__92602cd354ed,2025-03-25,2,frontal,18.63878059387207,1.4932143688201904,-0.03504185751080513,2025_03_25 (2).jpg,2025_03_25 (2).jpg,filename_only,,,,,[],not_provided,,,3694892a2e160cc9,,valid,valid,valid,0.65722926993195,0.2889296875,0.798035,1859,501
2025_03_25_3__5e49cddd10bb,2025-03-25,3,frontal,9.781003952026367,-7.556044101715088,-0.18813349306583405,2025_03_25 (3).jpg,2025_03_25 (3).jpg,filename_only,,,,,[],not_provided,,,9697530333030f4b,,valid,valid,valid,0.6895740569604302,0.2710390625,0.798035,1860,502
2025_03_25_4__1061d7c78d1a,2025-03-25,4,right_light,12.873324394226074,15.332093238830566,0.334509015083313,2025_03_25 (4).jpg,2025_03_25 (4).jpg,filename_only,,,,,[],not_provided,,,96cb6796128e0c4d,,valid,valid,valid,0.6293371418970007,0.284709375,0.798035,1861,171
2025_03_26__003b47b8ba27,2025-03-26,1,left_mid,16.25415802001953,-25.541152954101562,-2.586515426635742,2025_03_26.jpg,2025_03_26.jpg,filename_only,,,,,[],not_provided,,,b7c7cb4b8303074f,,valid,valid,valid,0.6176034053039849,0.2911546875,0.798035,1862,116
2025_03_26_2__4ce3949b94af,2025-03-26,2,frontal,4.852938652038574,-5.182588577270508,-0.02006005123257637,2025_03_26 (2).jpg,2025_03_26 (2).jpg,filename_only,,,,,[],not_provided,,,96d676747060707d,,valid,valid,valid,0.714525749810972,0.2017515625,0.798035,1863,503
2025_03_26_3__d262b5c8d822,2025-03-26,3,frontal,21.122142791748047,-2.083242654800415,0.02236267924308777,2025_03_26 (3).jpg,2025_03_26 (3).jpg,filename_only,,,,,[],not_provided,,,440686e8ccc64d6b,,valid,valid,valid,0.6383544764625164,0.23380625,0.798035,1864,504
2025_03_27__dd4ffe8fe20c,2025-03-27,1,left_mid,15.780383110046387,-25.73213005065918,-1.4240305423736572,2025_03_27.jpg,2025_03_27.jpg,filename_only,,,,,[],not_provided,,,b6a2ebcbc3c3c2c0,,valid,valid,valid,0.5962082388193453,0.29659375,0.798035,1865,117
2025_03_27_2__eda9d233811b,2025-03-27,2,frontal,11.994792938232422,0.36684900522232056,-0.07329390197992325,2025_03_27 (2).jpg,2025_03_27 (2).jpg,filename_only,,,,,[],not_provided,,,bc7979796b3d390b,,valid,valid,valid,0.6658265423282645,0.3328703125,0.798035,1866,505
2025_03_27_3__60e99f928dd5,2025-03-27,3,right_light,-0.7996717691421509,11.444572448730469,-0.20366299152374268,2025_03_27 (3).jpg,2025_03_27 (3).jpg,filename_only,,,,,[],not_provided,,,f278273f53330f8a,,valid,valid,valid,0.6903861771542188,0.363196875,0.798035,1867,172
2025_03_27_4__9e8f2fdb5b26,2025-03-27,4,frontal,18.23302459716797,-2.5381526947021484,-0.15376633405685425,2025_03_27 (4).jpg,2025_03_27 (4).jpg,filename_only,,,,,[],not_provided,,,8d8c86070e0e0e4f,,valid,valid,valid,0.6660505754851718,0.256253125,0.798035,1868,506
2025_03_27_5__820bff493f08,2025-03-27,5,right_mid,7.438296794891357,29.052640914916992,0.6689244508743286,2025_03_27 (5).jpg,2025_03_27 (5).jpg,filename_only,,,,,[],not_provided,,,86828416848c8c99,,valid,valid,valid,0.6092861743538044,0.2856828125,0.798035,1869,93
2025_03_28__3391a63f009f,2025-03-28,1,left_light,10.526077270507812,-23.133583068847656,-1.8490123748779297,2025_03_28.jpg,2025_03_28.jpg,filename_only,,,,,[],not_provided,,,1181e8c8d0c0c46f,,valid,valid,valid,0.6191716374023355,0.3104484375,0.798035,1870,224
2025_04_04__5d0a27d567de,2025-04-04,1,frontal,18.40989875793457,-0.8638611435890198,-14.185979843139648,2025_04_04.jpg,2025_04_04.jpg,filename_only,,,,,[],not_provided,,,c3c387230b0606ce,,valid,valid,valid,0.6320815480691142,0.2803828125,0.798035,1871,507
2025_04_11__358ff7da95bc,2025-04-11,1,frontal,19.146995544433594,-1.4909740686416626,-0.3466426432132721,2025_04_11.jpg,2025_04_11.jpg,filename_only,,,,,[],not_provided,,,4d4cc69686868e4d,,valid,valid,valid,0.6369822733764597,0.18267443750353327,0.798035,1872,508
2025_05_08__27d427f62ec5,2025-05-08,1,frontal,10.826123237609863,-5.631870746612549,0.1093166396021843,2025_05_08.jpg,2025_05_08.jpg,filename_only,,,,,[],not_provided,,,1494d938784c2c01,,valid,valid,valid,0.6742837940015122,0.15070493827160494,0.798035,1873,509
2025_06_04_1__718d3bc21df4,2025-06-04,1,right_light,9.494394302368164,20.77362632751465,0.2273830622434616,2025_06_04(1).jpg,2025_06_04(1).jpg,filename_only,,,,,[],not_provided,,,2c944969746c2932,,valid,valid,valid,0.622056064297516,0.1932125,0.798035,1874,173
2025_06_11_1__f04ed9e3964c,2025-06-11,1,frontal,16.681711196899414,3.745759963989258,-0.913314163684845,2025_06_11(1).jpg,2025_06_11(1).jpg,filename_only,,,,,[],not_provided,,,5a9d8e96a3cecd69,,valid,valid,valid,0.6730796157831359,0.21044375,0.798035,1875,510
2025_06_12_2__55e6e3e81aae,2025-06-12,2,left_profile,8.06677532196045,-58.60948181152344,-1.8775006532669067,2025_06_12(2).jpg,2025_06_12(2).jpg,filename_only,,,,,[],not_provided,,,4e5d9ef1414e466e,,valid,valid,valid,0.5272620347811476,0.152875,0.798035,1876,314
2025_06_12_3__d561126d5f29,2025-06-12,3,right_profile,-12.882290840148926,71.88398742675781,-18.495115280151367,2025_06_12(3).jpg,2025_06_12(3).jpg,filename_only,,,,,[],not_provided,,,6c6662cccccc7859,,valid,valid,valid,0.49164076283289926,0.1725015625,0.798035,1877,320
2025_06_17_3__9e195a74e80c,2025-06-17,3,left_mid,22.432109832763672,-31.461383819580078,-7.9308881759643555,2025_06_17(3).jpg,2025_06_17(3).jpg,filename_only,,,,,[],not_provided,,,9683838b0303078f,,valid,valid,valid,0.5757932173961746,0.2648484375,0.798035,1878,118
2025_06_20_1__829ac96915f7,2025-06-20,1,right_deep,11.350714683532715,45.28988265991211,-8.829249382019043,2025_06_20(1).jpg,2025_06_20(1).jpg,filename_only,,,,,[],not_provided,,,cd6682d99d9e9e4e,,valid,valid,valid,0.5756531966731077,0.1584390625,0.798035,1879,50
2025_06_20__bab2fe0ecd13,2025-06-20,1,right_deep,10.882033348083496,45.36935806274414,21.14662742614746,2025_06_20.jpg,2025_06_20.jpg,filename_only,,,,,[],not_provided,,,988e9e9e9f9f4fe6,,valid,valid,valid,0.5784536111344479,0.19701127819548872,0.798035,1880,51
2025_06_20_2__81c841bfee08,2025-06-20,2,frontal,14.364510536193848,-3.250221014022827,3.0261142253875732,2025_06_20(2).jpg,2025_06_20(2).jpg,filename_only,,,,,[],not_provided,,,bdbd8d0e250f2e0e,,valid,valid,valid,0.6599736761040634,0.1852703125,0.798035,1881,511
2025_06_23_2__0ab6acde4d15,2025-06-23,2,right_mid,-0.9546133279800415,35.458770751953125,-4.918580532073975,2025_06_23(2).jpg,2025_06_23(2).jpg,filename_only,,,,,[],not_provided,,,7279c4cae6e67c7c,,valid,valid,valid,0.613150746310454,0.38147399749373434,0.798035,1882,94
2025_06_27_2__c79f2fef599f,2025-06-27,2,frontal,5.4341888427734375,6.322936058044434,0.7942032814025879,2025_06_27(2).jpg,2025_06_27(2).jpg,filename_only,,,,,[],not_provided,,,86f46974f4684c39,,valid,valid,valid,0.6991514744182139,0.2853234375,0.798035,1883,512
2025_06_27_3__8578099a77d2,2025-06-27,3,frontal,-1.2636715173721313,9.611668586730957,-5.004328727722168,2025_06_27(3).jpg,2025_06_27(3).jpg,filename_only,,,,,[],not_provided,,,d268e0e4c6d2cc78,,valid,valid,valid,0.7028200173625697,0.3366609375,0.798035,1884,513
2025_07_16_3__c0d80eb25c77,2025-07-16,3,frontal,14.22410774230957,2.3378677368164062,1.7417755126953125,2025_07_16(3).jpg,2025_07_16(3).jpg,filename_only,,,,,[],not_provided,,,3b23132b356c0d4f,,valid,valid,valid,0.6485759892464085,0.6403775062656641,0.787142,1885,514
2025_07_27_3__30e462e737df,2025-07-27,3,frontal,14.164794921875,-1.6693286895751953,1.7901872396469116,2025_07_27(3).jpg,2025_07_27(3).jpg,filename_only,,,,,[],not_provided,,,24acc6c6c2c5c161,,valid,valid,valid,0.6609258170209191,0.256309375,0.798035,1886,515
2025_07_31_3__2fd4005ed16f,2025-07-31,3,left_profile,33.554176330566406,-67.92511749267578,-26.902673721313477,2025_07_31(3).jpg,2025_07_31(3).jpg,filename_only,,,,,[],not_provided,,,4e9ea6838783869f,,valid,valid,valid,0.4777507071046515,0.166968984962406,0.798035,1887,315
2025_09_03_5__f389780bb36e,2025-09-03,5,left_light,8.303500175476074,-11.00719928741455,-2.4038195610046387,2025_09_03(5).jpg,2025_09_03(5).jpg,filename_only,,,,,[],not_provided,,,933133572737564f,,valid,valid,valid,0.69492284858159,0.2525140625,0.798035,1888,225
2025_09_03_6__59f3c0a02df0,2025-09-03,6,frontal,19.301347732543945,-1.8381686210632324,0.3291362226009369,2025_09_03(6).jpg,2025_09_03(6).jpg,filename_only,,,,,[],not_provided,,,9696060f2b13176d,,valid,valid,valid,0.6387185303424907,0.29342731829573937,0.798035,1889,516
2025_09_04_6__d6aa777f8a12,2025-09-04,6,left_profile,22.951953887939453,-57.43461990356445,-9.078226089477539,2025_09_04(6).jpg,2025_09_04(6).jpg,filename_only,,,,,[],not_provided,,,0edc94be8e8397ce,,valid,valid,valid,0.4985017782631829,0.1680015625,0.798035,1890,316
2025_09_13_6__170d77512c1c,2025-09-13,6,left_light,8.367698669433594,-10.092241287231445,1.1877039670944214,2025_09_13(6).jpg,2025_09_13(6).jpg,filename_only,,,,,[],not_provided,,,8db48d0e16060e8d,,valid,valid,valid,0.6973032008737293,0.1845140625,0.798035,1891,226
2025_09_25_3__49dc7131afb2,2025-09-25,3,frontal,8.987181663513184,6.148029804229736,-4.897932052612305,2025_09_25(3).jpg,2025_09_25(3).jpg,filename_only,,,,,[],not_provided,,,94d64e46869e8e8c,,valid,valid,valid,0.6718754375647595,0.1886953125,0.798035,1892,517
2025_10_23_2__aa66c2a2b597,2025-10-23,2,right_profile,6.94650936126709,72.00659942626953,-14.138799667358398,2025_10_23(2).jpg,2025_10_23(2).jpg,filename_only,,,,,[],not_provided,,,6c767b3d3d3db666,,valid,valid,valid,0.4878882074547033,0.153578125,0.798035,1893,321
2025_10_25_2__1e73cb711493,2025-10-25,2,right_deep,0.7250977754592896,43.68211364746094,-4.144015789031982,2025_10_25(2).jpg,2025_10_25(2).jpg,filename_only,,,,,[],not_provided,,,664b059f97974f47,,valid,valid,valid,0.5890671819429275,0.289334375,0.798035,1894,52
2025_11_27_2__51ddf7e15e6c,2025-11-27,2,frontal,10.44394588470459,2.1393516063690186,-0.9721345901489258,2025_11_27(2).jpg,2025_11_27(2).jpg,filename_only,,,,,[],not_provided,,,28889292301e8e8c,,valid,valid,valid,0.6705032344787029,0.2124984375,0.798035,1895,518
2025_11_27_3__5232030c308a,2025-11-27,3,frontal,10.301405906677246,2.7050070762634277,0.6341108083724976,2025_11_27(3).jpg,2025_11_27(3).jpg,filename_only,,,,,[],not_provided,,,8c94d762f2268ece,,valid,valid,valid,0.6703912179002492,0.1977234375,0.798035,1896,519
2025_12_19_3__f68976201f98,2025-12-19,3,frontal,2.7880966663360596,6.111299514770508,-15.33769416809082,2025_12_19(3).jpg,2025_12_19(3).jpg,filename_only,,,,,[],not_provided,,,4595c79b192f1c9d,,valid,valid,valid,0.7210227113612815,0.1597921875,0.798035,1897,520
2025_12_19_4__9d5bd6c0ffa2,2025-12-19,4,right_light,10.743062019348145,16.916839599609375,-20.746614456176758,2025_12_19(4).jpg,2025_12_19(4).jpg,filename_only,,,,,[],not_provided,,,47c6c6190939199d,,valid,valid,valid,0.6513203954185219,0.19958333333333333,0.798035,1898,174
2026_02_23_4__a71f31e94203,2026-02-23,4,frontal,16.65065574645996,-1.6673160791397095,-4.186842441558838,2026_02_23(4).jpg,2026_02_23(4).jpg,filename_only,,,,,[],not_provided,,,1c8d9e54691c0989,,valid,valid,valid,0.6601697051163572,0.220246875,0.798035,1899,521
2026_02_24_4__d42cc8f24c4a,2026-02-24,4,right_light,2.774623394012451,24.57980728149414,-11.663607597351074,2026_02_24(4).jpg,2026_02_24(4).jpg,filename_only,,,,,[],not_provided,,,cdf6baf86dfcf9b8,,valid,valid,valid,0.6410988826346299,0.2006984375,0.798035,1900,175
2026_03_08__08472a22f8e4,2026-03-08,1,frontal,10.513991355895996,1.2022814750671387,0.8254254460334778,2026_03_08.jpg,2026_03_08.jpg,filename_only,,,,,[],not_provided,,,9c9c706878686832,,valid,valid,valid,0.6791565151642444,0.1852,0.798035,1901,522
2026_03_25__3774b4fdd919,2026-03-25,1,right_deep,0.11410854756832123,41.30280303955078,-4.160792827606201,2026_03_25.jpg,2026_03_25.jpg,filename_only,,,,,[],not_provided,,,2c36e3e7675f4f4b,,valid,valid,valid,0.591811588115041,0.20024444444444445,0.798035,1902,53
2026_03_25_2__242bec788ba9,2026-03-25,2,frontal,12.436580657958984,-9.194425582885742,-1.6119036674499512,2026_03_25 (2).jpg,2026_03_25 (2).jpg,filename_only,,,,,[],not_provided,,,2696d0a9a885cd69,,valid,valid,valid,0.6742837940015122,0.37696666666666667,0.798035,1903,523
2026_03_25_4__bb5d020aaf1c,2026-03-25,4,frontal,19.63070297241211,-4.5266804695129395,-4.571055889129639,2026_03_25(4).jpg,2026_03_25(4).jpg,filename_only,,,,,[],not_provided,,,92930b1793a48483,,valid,valid,valid,0.6232042342266656,0.5477365288220551,0.791382,1904,524
2026_03_31__3745a42b96d1,2026-03-31,1,right_deep,-7.854122161865234,40.88960647583008,-6.823426723480225,2026_03_31.jpg,2026_03_31.jpg,filename_only,,,,,[],not_provided,,,6d069898949cc8b2,,valid,valid,valid,0.5975524377607886,0.17861666666666667,0.798035,1905,54
2026_04_01__f25373d74ee7,2026-04-01,1,left_light,17.08298110961914,-15.853853225708008,-0.9632431864738464,2026_04_01.jpg,2026_04_01.jpg,filename_only,,,,,[],not_provided,,,2c24b1f1d1c4c469,,valid,valid,valid,0.6328936682629029,0.2539111111111111,0.798035,1906,227
2026_04_21__82431db18643,2026-04-21,1,right_mid,10.601064682006836,28.802785873413086,-0.5926938056945801,2026_04_21.jpg,2026_04_21.jpg,filename_only,,,,,[],not_provided,,,36980d2f2d1f8f4f,,valid,valid,valid,0.5977764709176958,0.2729611111111111,0.798035,1907,95
2026_05_09_4__d1d553a1fe75,2026-05-09,4,frontal,12.351798057556152,-1.1892383098602295,3.1276440620422363,2026_05_09(4).jpg,2026_05_09(4).jpg,filename_only,,,,,[],not_provided,,,36271717292d0713,,valid,valid,valid,0.6893220196589095,0.4578333333333333,0.798035,1908,525
2026_05_13__13961b16e4b8,2026-05-13,1,frontal,13.012455940246582,4.955543041229248,-0.4519250988960266,2026_05_13.jpg,2026_05_13.jpg,filename_only,,,,,[],not_provided,,,969465d4cccc4c69,,valid,valid,valid,0.6653784760144501,0.2757222222222222,0.798035,1909,526
